id,farmer_id,crop_planted,Qty_kgs_planted,planting_date,spacing_cm_btwn_rows,more_than_one_seed_in_hole,rcvd_crop_training
102687,10010,Beans,40,01/02/2025,10,No,Yes
79828,10040,Groundnuts,20,18/12/2024,30,No,Yes
84552,10042,Soybean,2,14/12/2024,50,Yes,Yes
87782,10055,Groundnuts,20,20/12/2024,45,No,Yes
102193,10061,Beans,20,06/02/2025,15,No,Yes
101714,10062,Beans,40,08/02/2025,15,No,Yes
111926,10065,Beans,20,04/02/2025,10,No,Yes
108377,10087,Beans,20,02/02/2025,65,No,Yes
108376,10089,Beans,40,03/02/2025,75,No,Yes
108381,10090,Beans,80,03/02/2025,75,No,Yes
103296,10093,Beans,40,04/02/2025,70,No,Yes
102918,10105,Beans,20,11/02/2025,70,No,Yes
103476,10107,Beans,20,08/02/2025,65,No,Yes
102433,10117,Beans,20,05/02/2025,80,No,No
102435,10159,Beans,20,10/02/2025,80,No,No
103306,10167,Beans,40,06/02/2025,70,No,Yes
108182,10176,Beans,20,04/02/2025,70,No,Yes
101908,10208,Beans,40,04/02/2025,10,No,Yes
103455,10240,Beans,20,08/03/2025,60,No,Yes
103351,10242,Beans,60,08/02/2025,80,No,Yes
96624,10246,Soybean,25,28/12/2024,5,Yes,Yes
103453,10252,Beans,60,07/03/2025,60,No,Yes
103461,10257,Beans,40,06/03/2025,60,No,Yes
79179,10266,Groundnuts,20,28/11/2024,35,No,Yes
90064,10282,Groundnuts,40,15/12/2024,50,Yes,Yes
104291,10320,Beans,40,07/02/2025,50,No,Yes
93723,10326,Soybean,25,10/01/2025,50,Yes,Yes
102535,10332,Beans,60,03/02/2025,60,No,Yes
103807,10333,Beans,140,01/02/2025,45,No,Yes
103923,10334,Beans,20,30/01/2025,45,No,Yes
103925,10338,Beans,40,05/02/2025,60,No,Yes
103357,10341,Beans,40,31/01/2025,50,No,Yes
103926,10345,Beans,60,05/02/2025,50,No,Yes
102163,10350,Beans,80,01/02/2025,45,No,Yes
104152,10352,Beans,60,06/02/2025,60,No,Yes
103918,10357,Beans,40,05/02/2025,45,No,Yes
103711,10358,Beans,40,06/02/2025,60,No,Yes
103809,10362,Beans,20,05/02/2025,60,No,Yes
84559,10363,Soybean,2,13/12/2024,50,Yes,Yes
81673,10371,Soybean,25,25/12/2024,55,Yes,Yes
97449,10373,Soybean,25,15/12/2024,50,Yes,Yes
103695,10378,Beans,20,06/02/2025,50,No,Yes
105951,10379,Beans,40,29/01/2025,50,No,Yes
103419,10380,Beans,60,29/01/2025,50,No,Yes
105942,10391,Beans,20,30/01/2025,50,No,Yes
103754,10394,Beans,20,05/02/2025,60,No,Yes
104289,10397,Beans,40,08/02/2025,50,No,Yes
104290,10400,Beans,40,06/02/2025,45,No,Yes
103420,10403,Beans,40,28/01/2025,50,No,Yes
90031,10442,Groundnuts,20,17/12/2024,30,No,Yes
103414,10444,Beans,40,03/02/2025,50,No,Yes
103429,10445,Beans,20,28/01/2025,50,No,Yes
102110,10449,Beans,40,01/02/2025,10,No,Yes
80809,10454,Groundnuts,20,28/12/2024,30,No,Yes
93860,10457,Soybean,25,01/01/2025,65,Yes,Yes
93536,10494,Soybean,25,02/01/2025,60,Yes,Yes
94038,10497,Soybean,25,02/01/2025,60,Yes,Yes
96470,10527,Soybean,25,08/01/2025,60,Yes,Yes
92409,10529,Soybean,75,13/12/2024,70,Yes,Yes
81454,10544,Soybean,25,10/12/2024,50,Yes,Yes
94736,10584,Soybean,25,17/12/2024,80,Yes,Yes
99375,10599,Soybean,25,15/11/2024,90,Yes,Yes
93624,10600,Soybean,50,10/12/2024,16,Yes,Yes
93613,10601,Soybean,25,23/12/2024,15,Yes,Yes
105337,10603,Beans,20,06/02/2025,14,No,Yes
109565,10607,Beans,40,07/02/2025,15,No,Yes
104838,10612,Beans,40,14/02/2025,15,No,Yes
100585,10649,Groundnuts,20,10/01/2025,20,No,Yes
79508,10662,Soybean,75,01/12/2024,50,No,Yes
100132,10674,Groundnuts,20,08/01/2025,50,No,Yes
93415,10679,Soybean,25,09/12/2024,5,Yes,Yes
91983,10687,Soybean,50,08/12/2024,60,Yes,Yes
97150,10692,Soybean,75,01/01/2025,60,Yes,Yes
102297,10703,Beans,20,12/02/2025,6,Yes,Yes
110119,10706,Beans,20,11/02/2025,12,Yes,Yes
104663,10707,Beans,40,14/03/2025,10,Yes,Yes
106462,10717,Beans,20,02/02/2025,14,Yes,Yes
102301,10727,Beans,20,12/02/2025,10,Yes,Yes
102296,10730,Beans,20,10/02/2025,10,Yes,Yes
105573,10736,Beans,20,16/03/2025,10,Yes,Yes
78682,10801,Groundnuts,20,24/11/2024,45,No,Yes
81989,10802,Groundnuts,20,19/12/2024,35,No,Yes
79999,10803,Groundnuts,20,28/11/2024,35,No,Yes
102372,10808,Beans,20,08/02/2025,10,No,Yes
102390,10819,Beans,20,04/02/2025,10,No,Yes
104146,10823,Beans,20,01/02/2025,10,No,Yes
102374,10826,Beans,20,05/02/2025,10,No,Yes
77797,10860,Groundnuts,40,28/11/2024,45,No,Yes
110118,10900,Beans,40,10/02/2025,12,Yes,Yes
100237,10976,Groundnuts,20,12/12/2024,50,No,Yes
100241,10978,Groundnuts,20,09/01/2025,50,No,Yes
104468,11017,Beans,20,12/02/2025,30,No,Yes
104904,11029,Beans,40,13/02/2025,30,No,Yes
103848,11038,Beans,40,10/02/2025,50,Yes,Yes
94198,11042,Groundnuts,20,09/01/2025,65,No,Yes
81848,11045,Groundnuts,20,17/12/2024,68,No,Yes
94200,11049,Groundnuts,20,07/01/2025,60,No,Yes
104507,11065,Beans,20,16/02/2025,30,No,Yes
100402,11066,Groundnuts,20,15/01/2025,50,No,Yes
104948,11068,Beans,20,11/02/2025,50,Yes,Yes
93422,11081,Soybean,50,15/12/2024,50,Yes,Yes
85706,11090,Soybean,25,04/01/2025,45,Yes,Yes
103214,11096,Beans,20,02/02/2025,50,Yes,Yes
104056,11097,Beans,20,08/02/2025,50,Yes,Yes
105759,11100,Beans,80,11/02/2025,30,No,Yes
104051,11105,Beans,20,10/02/2025,50,Yes,Yes
104473,11114,Beans,20,15/02/2025,30,No,Yes
103405,11130,Beans,20,08/02/2025,50,Yes,Yes
101899,11140,Beans,60,01/02/2025,10,No,Yes
102159,11149,Beans,20,03/02/2025,60,No,Yes
102161,11188,Beans,20,03/02/2025,60,No,Yes
102162,11189,Beans,20,03/02/2025,60,No,Yes
101972,11197,Beans,20,04/02/2025,45,Yes,Yes
104705,11200,Beans,20,01/02/2025,50,No,Yes
102967,11202,Beans,20,05/02/2025,50,No,Yes
104222,11207,Beans,20,02/02/2025,45,No,Yes
102226,11215,Beans,40,01/02/2025,10,No,Yes
102976,11223,Beans,20,05/02/2025,45,No,Yes
102589,11231,Beans,40,05/02/2025,40,No,Yes
90834,11232,Soybean,25,08/01/2025,60,Yes,Yes
95120,11236,Groundnuts,20,17/12/2024,50,No,Yes
95184,11302,Groundnuts,20,14/11/2024,45,No,Yes
95186,11303,Groundnuts,20,13/11/2024,45,No,Yes
102679,11351,Beans,20,01/02/2025,10,No,Yes
104577,11369,Beans,20,06/02/2025,60,No,Yes
101971,11370,Beans,60,04/02/2025,55,No,Yes
102272,11375,Beans,40,01/02/2025,10,No,Yes
112198,11376,Beans,20,07/02/2025,10,No,Yes
107452,11385,Beans,20,01/02/2025,10,Yes,Yes
104700,11387,Beans,20,01/02/2025,65,No,Yes
102972,11397,Beans,20,03/02/2025,40,No,Yes
104703,11398,Beans,20,11/02/2025,50,No,Yes
96748,11428,Groundnuts,20,16/11/2024,50,No,Yes
101742,11435,Beans,80,10/02/2025,10,No,Yes
103382,11470,Beans,20,02/02/2025,75,No,Yes
103360,11478,Beans,20,01/02/2025,70,No,Yes
103380,11480,Beans,40,04/02/2025,69,No,Yes
103396,11482,Beans,20,02/02/2025,70,No,Yes
108406,11486,Beans,20,06/02/2025,30,No,Yes
108076,11487,Beans,20,01/02/2025,45,No,Yes
115562,11507,Beans,40,05/02/2025,50,No,Yes
115506,11509,Beans,60,28/01/2025,50,No,Yes
115071,11513,Beans,20,05/02/2025,50,No,Yes
109219,11515,Beans,40,27/01/2025,50,No,Yes
115089,11522,Beans,20,01/02/2025,50,No,Yes
115240,11523,Beans,20,10/02/2025,50,No,Yes
115575,11524,Beans,40,01/02/2025,50,No,Yes
108392,11527,Beans,20,10/01/2025,30,No,Yes
108393,11530,Beans,160,05/02/2025,30,No,Yes
109383,11532,Beans,20,02/03/2025,50,No,Yes
106339,11538,Beans,40,03/03/2025,50,No,Yes
102045,11546,Beans,20,10/02/2025,75,No,Yes
102043,11557,Beans,20,05/02/2025,75,No,Yes
102044,11558,Beans,20,10/02/2025,75,No,Yes
101385,11563,Groundnuts,20,17/01/2025,60,No,Yes
79837,11581,Groundnuts,20,25/12/2024,30,No,Yes
91749,11632,Soybean,25,01/12/2024,45,Yes,Yes
94834,11643,Groundnuts,20,22/12/2024,30,No,Yes
90872,11647,Groundnuts,20,26/11/2024,40,No,Yes
94843,11651,Groundnuts,0,23/01/2025,0,No,Yes
94836,11665,Groundnuts,20,22/11/2024,30,No,Yes
96259,11669,Soybean,25,12/12/2024,45,Yes,Yes
95398,11673,Soybean,25,10/01/2025,50,Yes,Yes
90819,11730,Groundnuts,60,27/11/2024,50,No,Yes
79068,11743,Soybean,50,11/12/2024,45,Yes,Yes
100444,11803,Groundnuts,40,17/01/2025,70,No,Yes
79445,11818,Groundnuts,20,16/11/2024,45,No,Yes
100369,11851,Soybean,25,26/12/2024,50,Yes,Yes
88884,11861,Soybean,25,01/01/2025,45,Yes,Yes
88365,11879,Soybean,25,20/12/2024,45,Yes,Yes
85922,11880,Soybean,50,10/01/2025,50,Yes,Yes
92917,11882,Soybean,25,02/01/2025,45,Yes,Yes
90366,11924,Soybean,25,11/12/2024,60,Yes,Yes
88366,11931,Soybean,25,03/01/2025,45,Yes,Yes
91420,11979,Groundnuts,20,05/01/2025,45,No,Yes
94418,11997,Groundnuts,40,20/12/2024,45,No,Yes
91424,11999,Groundnuts,20,02/01/2025,45,No,Yes
91428,12000,Groundnuts,20,04/01/2025,45,No,Yes
91429,12004,Groundnuts,20,01/01/2025,45,No,Yes
91419,12007,Groundnuts,20,03/01/2025,45,No,Yes
91926,12010,Groundnuts,20,01/01/2025,45,No,Yes
94416,12018,Groundnuts,20,30/12/2024,45,No,Yes
96894,12025,Groundnuts,40,18/11/2024,50,No,Yes
88886,12044,Soybean,50,05/01/2025,45,Yes,Yes
108416,12054,Beans,40,11/02/2025,30,No,Yes
89274,12070,Soybean,25,02/01/2025,45,Yes,Yes
93843,12073,Soybean,1,10/01/2025,50,Yes,Yes
78100,12086,Maize,10,09/12/2024,60,No,Yes
79264,12105,Soybean,45,15/12/2024,45,No,Yes
84146,12125,Soybean,50,03/01/2025,50,Yes,Yes
85237,12127,Soybean,25,03/01/2025,50,Yes,Yes
91959,12128,Soybean,50,06/01/2025,45,Yes,Yes
90818,12132,Soybean,75,02/01/2025,45,Yes,Yes
83634,12161,Soybean,50,01/12/2024,45,Yes,Yes
79175,12170,Soybean,25,13/12/2024,50,Yes,Yes
88051,12184,Soybean,10,01/01/2025,50,Yes,Yes
81237,12203,Groundnuts,20,29/11/2024,30,No,Yes
85432,12224,Soybean,25,31/12/2024,50,Yes,Yes
81682,12225,Soybean,25,09/12/2024,45,Yes,Yes
79270,12242,Soybean,50,09/12/2024,45,No,Yes
79847,12286,Groundnuts,20,25/12/2024,30,No,Yes
80174,12306,Soybean,50,09/12/2024,50,Yes,Yes
77923,12318,Soybean,40,10/12/2024,50,Yes,Yes
87536,12319,Soybean,15,07/01/2025,50,Yes,Yes
81883,12326,Groundnuts,40,25/12/2024,75,No,Yes
101964,12334,Beans,40,07/02/2025,75,No,Yes
79850,12354,Groundnuts,20,26/12/2024,30,No,Yes
79851,12355,Groundnuts,20,26/12/2024,30,No,Yes
91696,12360,Soybean,25,26/12/2024,60,Yes,Yes
101184,12378,Soybean,25,15/12/2024,60,Yes,Yes
101069,12380,Soybean,25,12/12/2024,60,Yes,Yes
100022,12381,Soybean,50,05/12/2024,55,Yes,Yes
101078,12395,Soybean,25,10/12/2024,60,Yes,Yes
99881,12397,Soybean,50,08/01/2025,50,No,Yes
101168,12398,Soybean,50,10/12/2024,55,Yes,Yes
98053,12418,Soybean,25,09/12/2024,65,Yes,Yes
91997,12421,Soybean,25,15/12/2024,60,Yes,Yes
91822,12423,Soybean,25,23/12/2024,60,Yes,Yes
98474,12426,Soybean,25,01/01/2025,65,No,Yes
80646,12466,Soybean,50,04/12/2024,45,Yes,Yes
91511,12515,Soybean,25,04/01/2025,45,Yes,Yes
91530,12523,Soybean,50,04/01/2025,45,Yes,Yes
101074,12534,Soybean,25,09/12/2024,55,Yes,Yes
92900,12674,Soybean,6,27/12/2024,50,Yes,Yes
92882,12677,Soybean,6,28/11/2024,50,Yes,Yes
88529,12703,Soybean,50,05/01/2025,70,No,Yes
91637,12738,Groundnuts,40,30/12/2024,30,No,Yes
79854,12740,Groundnuts,20,26/12/2024,30,No,Yes
101193,12754,Soybean,50,08/12/2024,55,Yes,Yes
98522,12759,Soybean,25,01/01/2025,65,Yes,Yes
92632,12764,Soybean,50,01/01/2025,60,Yes,Yes
102481,12765,Beans,40,01/02/2025,60,No,Yes
103710,12766,Beans,40,10/02/2025,50,No,Yes
102320,12770,Soybean,50,03/01/2025,50,Yes,Yes
90852,12796,Groundnuts,20,20/12/2024,30,No,Yes
94847,12797,Groundnuts,20,22/12/2024,30,No,Yes
93883,12801,Groundnuts,20,22/12/2024,35,No,Yes
110120,12813,Beans,20,12/02/2025,12,Yes,Yes
90787,12814,Soybean,25,07/01/2025,50,Yes,Yes
93323,12830,Groundnuts,20,20/12/2024,30,No,Yes
92040,12837,Soybean,25,05/01/2025,50,No,Yes
78541,12849,Soybean,25,16/12/2024,50,Yes,Yes
81117,12854,Groundnuts,20,16/11/2024,2,No,Yes
79452,12864,Groundnuts,20,17/11/2024,45,No,Yes
83397,12867,Groundnuts,20,21/11/2024,45,No,Yes
109441,12869,Beans,40,06/02/2025,75,No,Yes
79454,12873,Groundnuts,20,17/11/2024,45,No,Yes
87987,12875,Soybean,10,01/01/2025,50,Yes,Yes
87986,12877,Soybean,25,09/01/2025,50,Yes,Yes
79671,12880,Soybean,60,04/12/2024,50,Yes,Yes
79857,12884,Groundnuts,20,19/12/2024,30,No,Yes
79833,12911,Soybean,75,28/11/2024,50,Yes,Yes
104488,12973,Beans,40,10/02/2025,30,No,Yes
93562,12979,Soybean,125,03/01/2025,15,Yes,Yes
94056,12982,Soybean,25,26/12/2024,55,Yes,Yes
91482,12984,Soybean,25,16/12/2024,50,No,Yes
91483,12985,Soybean,25,05/01/2025,50,No,Yes
104460,12991,Beans,20,11/02/2025,30,No,Yes
88618,12994,Soybean,50,13/12/2024,45,Yes,Yes
105423,12996,Beans,20,05/02/2025,50,Yes,Yes
98460,13022,Soybean,50,11/12/2024,55,No,Yes
98475,13028,Soybean,50,11/12/2024,50,Yes,No
106556,13040,Beans,20,05/02/2025,70,No,Yes
117733,13045,Beans,20,22/02/2025,60,No,Yes
88105,13046,Soybean,25,30/12/2024,50,Yes,Yes
91474,13064,Soybean,25,01/01/2025,70,No,Yes
90128,13067,Soybean,50,18/12/2024,70,No,Yes
96375,13070,Soybean,25,17/12/2024,60,Yes,Yes
88266,13081,Soybean,50,01/01/2025,45,Yes,Yes
87553,13093,Soybean,50,17/12/2024,20,Yes,Yes
84005,13115,Groundnuts,20,19/12/2024,45,No,Yes
100502,13126,Groundnuts,20,10/01/2025,50,No,Yes
99844,13129,Groundnuts,40,06/02/2025,50,No,Yes
78812,13196,Soybean,50,09/12/2024,45,Yes,Yes
108408,13198,Beans,40,05/02/2025,15,No,Yes
91838,13215,Soybean,25,02/01/2025,60,Yes,Yes
106963,13237,Beans,20,20/01/2025,10,No,Yes
91930,13262,Groundnuts,20,30/12/2024,45,No,Yes
104704,13269,Beans,40,10/02/2025,50,No,Yes
102271,13304,Beans,40,03/02/2025,10,No,Yes
99397,13313,Soybean,25,02/01/2025,60,Yes,Yes
91924,13326,Groundnuts,20,24/12/2024,45,No,Yes
109534,13359,Beans,40,02/03/2025,50,No,Yes
108422,13365,Beans,40,10/02/2025,25,No,Yes
108417,13397,Beans,80,10/02/2025,15,No,Yes
78687,13417,Soybean,25,18/11/2024,55,Yes,Yes
100255,13436,Groundnuts,20,16/01/2025,60,No,Yes
103483,13482,Beans,40,06/02/2025,75,No,Yes
91211,13518,Soybean,25,06/01/2025,55,Yes,Yes
111032,13537,Beans,40,18/02/2025,55,No,Yes
100196,13576,Groundnuts,80,18/12/2024,30,No,Yes
89504,13647,Soybean,50,29/12/2024,60,Yes,Yes
93742,13677,Groundnuts,20,01/01/2025,50,No,Yes
81916,13686,Soybean,25,07/11/2024,5,Yes,Yes
88382,13693,Soybean,25,19/12/2024,50,Yes,Yes
83256,13708,Soybean,25,20/12/2024,51,Yes,Yes
89658,13709,Soybean,25,02/01/2025,50,Yes,Yes
86783,13720,Soybean,25,08/12/2024,50,Yes,Yes
89860,13728,Soybean,25,18/12/2024,50,Yes,Yes
108880,13776,Beans,10,09/02/2025,75,No,Yes
90594,13776,Groundnuts,30,25/12/2024,75,No,Yes
81170,13777,Soybean,25,18/12/2024,45,Yes,Yes
94565,13807,Soybean,25,29/12/2024,50,Yes,Yes
81311,13815,Soybean,25,29/11/2024,70,Yes,Yes
108990,13820,Beans,40,19/02/2025,60,No,Yes
107938,13824,Beans,20,15/02/2025,60,No,Yes
104180,13825,Beans,20,03/02/2025,50,No,Yes
113621,13885,Beans,20,15/02/2025,80,No,Yes
108713,13905,Beans,20,19/03/2025,55,No,No
109742,13911,Beans,40,19/02/2025,55,No,Yes
93430,13954,Soybean,50,03/01/2025,50,Yes,Yes
109636,14007,Beans,40,05/02/2025,35,No,Yes
88832,14016,Soybean,25,06/11/2024,45,Yes,Yes
108785,14038,Beans,40,05/02/2025,10,No,Yes
109446,14040,Beans,20,15/02/2025,75,No,Yes
109175,14041,Beans,40,05/02/2025,10,No,Yes
101653,14042,Beans,80,08/02/2025,10,No,Yes
107321,14044,Beans,20,07/02/2025,75,No,Yes
108787,14045,Beans,40,05/02/2025,10,No,Yes
101656,14046,Beans,40,07/02/2025,10,No,Yes
107322,14047,Beans,20,07/02/2025,75,No,Yes
109448,14048,Beans,20,05/02/2025,75,No,Yes
109444,14056,Beans,20,05/02/2025,75,No,Yes
107330,14060,Beans,20,06/02/2025,75,No,Yes
107331,14065,Beans,20,07/02/2025,75,No,Yes
86748,14068,Soybean,25,30/12/2024,45,Yes,Yes
107333,14072,Beans,20,07/03/2025,75,No,Yes
108883,14073,Beans,20,07/02/2025,75,No,Yes
102794,14074,Beans,20,07/02/2025,75,No,Yes
108882,14083,Beans,20,07/02/2025,75,No,Yes
108881,14084,Beans,40,04/02/2025,75,No,Yes
89591,14084,Groundnuts,30,24/12/2024,75,No,Yes
106276,14092,Beans,20,06/02/2025,75,No,Yes
106275,14099,Beans,40,06/02/2025,75,No,Yes
106274,14102,Beans,100,04/02/2025,75,No,Yes
106271,14104,Beans,20,05/02/2025,75,No,Yes
106270,14105,Beans,60,05/02/2025,75,No,Yes
106266,14110,Beans,40,06/02/2025,75,No,Yes
106182,14127,Beans,10,10/02/2025,75,No,Yes
81961,14130,Groundnuts,20,23/12/2024,75,No,Yes
106179,14139,Beans,20,08/02/2025,75,No,Yes
106173,14144,Beans,20,10/02/2025,75,No,Yes
106174,14148,Beans,20,05/02/2025,75,No,Yes
106202,14151,Beans,40,05/02/2025,75,No,Yes
105692,14156,Beans,70,05/02/2025,75,No,Yes
106191,14167,Beans,20,06/02/2025,75,No,Yes
106171,14170,Beans,20,05/02/2025,75,No,Yes
107818,14194,Beans,20,21/02/2025,60,No,Yes
107835,14203,Beans,20,26/02/2025,60,No,Yes
107833,14214,Beans,20,26/02/2025,60,No,Yes
79860,14220,Groundnuts,20,19/12/2024,30,No,Yes
79861,14221,Groundnuts,20,20/12/2024,30,No,Yes
107001,14235,Beans,20,13/02/2025,60,No,Yes
109132,14254,Beans,20,20/02/2025,60,No,Yes
117737,14281,Beans,20,25/02/2025,60,No,Yes
99883,14294,Groundnuts,20,04/01/2025,50,No,Yes
100197,14299,Groundnuts,20,04/01/2025,50,No,Yes
99887,14300,Groundnuts,20,19/01/2025,50,No,Yes
100733,14308,Groundnuts,20,03/01/2025,50,No,Yes
108759,14310,Beans,40,16/02/2025,60,No,Yes
108754,14315,Beans,40,18/02/2025,60,No,Yes
109186,14357,Beans,40,07/02/2025,13,No,No
109296,14369,Beans,80,04/02/2025,12,No,No
102664,14378,Beans,20,03/02/2025,10,No,Yes
108767,14380,Beans,60,04/02/2025,10,No,Yes
114221,14385,Beans,40,03/02/2025,13,No,No
109279,14402,Beans,40,03/02/2025,12,No,No
117732,14414,Beans,20,27/02/2025,60,No,Yes
99286,14425,Soybean,23,01/01/2025,50,Yes,Yes
118976,14439,Beans,40,26/02/2025,60,No,Yes
107326,14494,Beans,20,07/02/2025,75,No,Yes
84548,14503,Soybean,3,20/12/2024,50,Yes,Yes
102641,14510,Beans,20,03/02/2025,60,No,Yes
102567,14512,Beans,20,04/02/2025,60,No,Yes
104254,14513,Beans,20,02/02/2025,50,No,Yes
101933,14515,Beans,40,01/02/2025,10,No,Yes
108848,14537,Beans,80,17/02/2025,50,No,No
101418,14544,Groundnuts,20,10/01/2025,60,No,Yes
107104,14556,Beans,20,05/02/2025,75,No,Yes
90625,14559,Soybean,25,25/12/2024,50,No,Yes
113176,14581,Beans,40,11/02/2025,60,No,Yes
119389,14611,Beans,40,20/02/2025,60,No,Yes
108773,14619,Beans,20,04/02/2025,13,No,No
100405,14621,Groundnuts,20,05/01/2025,50,No,Yes
79925,14703,Groundnuts,20,02/12/2024,50,No,Yes
93819,14767,Soybean,25,01/01/2025,20,Yes,Yes
93609,14782,Soybean,25,01/01/2025,20,Yes,Yes
96841,14829,Soybean,75,02/01/2025,75,Yes,Yes
96973,14936,Soybean,25,28/12/2024,50,Yes,Yes
84512,14947,Groundnuts,20,23/12/2024,50,No,Yes
109150,14954,Beans,40,17/02/2025,60,No,Yes
110203,15161,Beans,20,14/02/2025,55,No,Yes
94307,15182,Soybean,25,09/01/2025,5,Yes,Yes
95691,15237,Soybean,50,11/01/2025,50,Yes,Yes
83590,15264,Soybean,25,03/12/2024,45,Yes,Yes
81553,15276,Groundnuts,20,10/12/2024,45,Yes,Yes
84365,15349,Soybean,50,26/12/2024,50,No,Yes
84218,15368,Soybean,50,10/12/2024,45,Yes,Yes
91182,15405,Soybean,100,13/12/2024,45,No,Yes
78412,15407,Soybean,25,09/12/2024,70,Yes,Yes
105289,15408,Beans,60,22/02/2025,50,No,Yes
117539,15409,Beans,60,28/02/2025,50,No,Yes
87497,15412,Groundnuts,20,18/11/2024,30,No,Yes
119450,15418,Beans,200,06/03/2025,50,No,Yes
119681,15424,Beans,20,06/02/2025,90,No,No
114979,15431,Beans,20,20/02/2025,50,No,No
114821,15433,Beans,40,25/02/2025,50,No,Yes
87501,15445,Groundnuts,20,18/11/2024,30,No,Yes
87502,15446,Groundnuts,20,16/11/2024,30,No,Yes
108205,15458,Beans,40,25/02/2025,50,No,No
117399,15459,Beans,40,12/02/2025,50,Yes,Yes
87504,15464,Groundnuts,20,18/11/2024,30,No,Yes
87506,15468,Groundnuts,20,20/12/2024,30,No,Yes
114824,15470,Beans,20,22/02/2025,50,No,No
108208,15471,Beans,20,17/02/2025,50,No,Yes
112166,15474,Beans,40,22/02/2025,50,No,No
119682,15475,Beans,40,08/03/2025,90,No,Yes
119447,15479,Beans,40,08/03/2025,90,No,Yes
118742,15484,Beans,20,15/03/2025,75,No,Yes
93938,15490,Groundnuts,20,17/12/2024,40,No,Yes
93939,15491,Groundnuts,40,16/12/2024,40,No,Yes
81907,15494,Soybean,50,11/12/2024,50,Yes,Yes
88780,15498,Soybean,50,29/12/2024,45,Yes,Yes
87507,15499,Groundnuts,20,12/12/2024,30,No,Yes
87509,15501,Groundnuts,20,18/12/2024,30,No,Yes
87511,15504,Groundnuts,20,28/12/2024,35,No,Yes
87513,15508,Groundnuts,20,18/11/2024,30,No,Yes
87785,15521,Groundnuts,20,24/12/2024,45,No,Yes
98552,15528,Groundnuts,20,01/01/2025,45,Yes,Yes
78765,15533,Groundnuts,20,04/12/2024,45,No,Yes
79092,15536,Groundnuts,20,10/12/2024,45,No,Yes
78764,15540,Groundnuts,20,28/11/2024,45,No,Yes
79026,15546,Groundnuts,20,01/12/2024,45,Yes,Yes
85676,15554,Groundnuts,80,15/12/2024,50,Yes,Yes
87521,15558,Groundnuts,20,16/11/2024,30,No,Yes
87522,15560,Groundnuts,20,14/11/2024,30,No,Yes
87524,15562,Groundnuts,20,19/11/2024,30,No,Yes
108201,15572,Beans,20,27/02/2025,50,No,Yes
114828,15573,Beans,20,04/03/2025,50,No,Yes
80667,15578,Groundnuts,20,22/12/2024,45,Yes,Yes
83781,15598,Groundnuts,20,20/12/2024,45,Yes,Yes
117540,15604,Beans,40,10/03/2025,50,No,Yes
119690,15606,Beans,20,06/03/2025,90,No,Yes
79044,15625,Groundnuts,20,01/12/2024,30,Yes,Yes
87529,15633,Groundnuts,20,14/11/2024,30,No,Yes
105297,15640,Beans,40,15/02/2025,50,No,No
83774,15644,Groundnuts,20,22/12/2024,45,Yes,Yes
81115,15647,Groundnuts,20,21/11/2024,45,No,Yes
81159,15652,Groundnuts,20,20/12/2024,50,No,Yes
83398,15657,Groundnuts,20,17/11/2024,45,No,Yes
90337,15658,Groundnuts,40,17/11/2024,45,Yes,Yes
79469,15666,Groundnuts,20,18/11/2024,45,No,Yes
89927,15705,Groundnuts,20,15/11/2024,50,No,Yes
82774,15706,Groundnuts,20,04/01/2025,45,Yes,Yes
79471,15710,Groundnuts,20,16/11/2024,45,No,Yes
81003,15723,Groundnuts,40,16/11/2024,30,Yes,Yes
98549,15726,Groundnuts,20,01/01/2025,45,Yes,Yes
81555,15728,Groundnuts,20,12/12/2024,45,Yes,Yes
82772,15746,Groundnuts,20,02/01/2025,45,Yes,Yes
79028,15748,Groundnuts,15,01/12/2024,30,Yes,Yes
79031,15750,Groundnuts,20,03/12/2024,45,Yes,Yes
83364,15761,Groundnuts,20,16/11/2024,45,No,Yes
83365,15762,Groundnuts,20,18/11/2024,45,No,Yes
93145,15787,Groundnuts,20,21/11/2024,45,No,Yes
91498,15789,Groundnuts,20,27/11/2024,1,No,Yes
90822,15792,Groundnuts,20,30/11/2024,50,No,Yes
82556,15804,Groundnuts,40,19/11/2024,30,No,Yes
81855,15817,Groundnuts,20,23/12/2024,35,No,Yes
84326,15822,Groundnuts,20,01/12/2024,35,No,Yes
84330,15823,Groundnuts,20,28/11/2024,35,No,Yes
84329,15828,Groundnuts,20,29/12/2024,35,No,Yes
81882,15834,Groundnuts,20,25/12/2024,35,No,Yes
81515,15839,Groundnuts,20,18/12/2024,30,No,Yes
78676,15842,Groundnuts,20,28/11/2024,35,No,Yes
80000,15846,Groundnuts,20,29/11/2024,35,No,Yes
79127,15847,Groundnuts,20,30/11/2024,35,No,Yes
87530,15864,Groundnuts,20,17/11/2024,30,No,Yes
77832,15875,Groundnuts,20,25/11/2024,25,No,Yes
85353,15878,Groundnuts,20,01/01/2025,6,No,Yes
78219,15887,Soybean,25,18/12/2024,50,Yes,Yes
78220,15888,Soybean,25,19/12/2024,60,Yes,Yes
111201,15890,Beans,20,23/02/2025,50,No,Yes
115347,15901,Beans,20,24/02/2025,60,No,Yes
119063,15916,Beans,20,15/02/2025,60,No,Yes
87779,15928,Groundnuts,40,26/12/2024,45,No,Yes
115580,15930,Beans,20,20/02/2025,60,No,Yes
85387,15931,Groundnuts,20,01/01/2025,6,No,Yes
122156,15933,Beans,20,20/02/2025,75,No,No
122188,15934,Beans,40,20/02/2025,75,No,Yes
90396,15941,Groundnuts,20,01/01/2025,2,No,Yes
114120,15944,Beans,40,06/03/2025,90,No,Yes
88933,15951,Soybean,150,08/11/2024,35,Yes,No
80708,15954,Soybean,25,28/12/2024,50,No,Yes
119299,15968,Beans,60,08/03/2025,90,No,Yes
117537,15970,Beans,40,28/02/2025,75,No,Yes
118166,15972,Beans,20,01/03/2025,50,No,Yes
79996,15983,Groundnuts,20,01/12/2024,35,No,Yes
81124,16014,Groundnuts,20,18/11/2024,45,No,Yes
83399,16015,Groundnuts,20,21/11/2024,55,No,Yes
93941,16018,Soybean,50,17/12/2024,45,No,Yes
94333,16020,Soybean,25,19/12/2024,40,No,Yes
94156,16034,Soybean,25,28/12/2024,50,Yes,Yes
89474,16051,Groundnuts,20,16/11/2024,30,No,Yes
118167,16053,Beans,20,02/03/2025,75,No,No
118749,16057,Beans,40,06/03/2025,90,No,Yes
83663,16064,Groundnuts,20,13/12/2024,45,Yes,Yes
79728,16076,Groundnuts,20,28/11/2024,35,No,Yes
79005,16077,Groundnuts,20,02/12/2024,45,No,Yes
80263,16088,Groundnuts,20,27/11/2024,45,No,Yes
79727,16093,Groundnuts,20,20/12/2024,45,No,Yes
83845,16131,Groundnuts,20,28/11/2024,45,No,Yes
86301,16141,Groundnuts,20,28/11/2024,6,No,Yes
82814,16145,Groundnuts,20,01/12/2024,3,No,Yes
100118,16152,Soybean,25,09/01/2025,60,Yes,Yes
93942,16154,Groundnuts,20,17/12/2024,40,No,Yes
89475,16166,Groundnuts,20,16/11/2024,30,No,Yes
110959,16177,Beans,20,15/02/2025,10,No,Yes
118649,16180,Beans,20,20/02/2025,10,No,Yes
105203,16184,Beans,20,27/01/2025,10,No,Yes
118656,16188,Beans,20,17/02/2025,10,No,Yes
97677,16194,Soybean,25,14/12/2024,60,Yes,Yes
92211,16203,Soybean,25,02/01/2025,45,Yes,Yes
91065,16205,Soybean,25,06/01/2025,59,Yes,Yes
115237,16207,Beans,20,05/03/2025,100,Yes,Yes
90685,16222,Soybean,25,10/01/2025,55,No,Yes
90684,16223,Soybean,25,10/01/2025,50,No,Yes
91090,16224,Soybean,25,30/12/2024,50,No,Yes
82845,16257,Soybean,4,26/12/2024,50,Yes,Yes
89478,16264,Groundnuts,20,14/11/2024,30,No,Yes
82555,16272,Groundnuts,20,19/11/2024,30,No,Yes
115564,16387,Beans,40,06/02/2025,50,No,Yes
115500,16388,Beans,60,05/02/2025,50,No,Yes
115563,16391,Beans,20,05/02/2025,50,No,Yes
86726,16407,Soybean,25,21/11/2024,55,Yes,Yes
86727,16409,Soybean,25,21/11/2024,55,Yes,Yes
89481,16424,Groundnuts,20,05/12/2024,30,No,Yes
104874,16425,Beans,20,10/02/2025,30,No,Yes
90375,16428,Groundnuts,20,01/01/2025,3,No,Yes
86964,16429,Groundnuts,20,28/11/2024,3,No,Yes
86965,16431,Groundnuts,20,02/01/2025,3,No,Yes
86966,16438,Groundnuts,20,30/12/2024,3,No,Yes
86970,16452,Groundnuts,20,28/12/2024,3,No,Yes
93936,16458,Groundnuts,20,23/12/2024,40,No,Yes
91311,16468,Soybean,25,20/12/2024,50,No,Yes
91314,16469,Soybean,25,17/12/2024,50,No,Yes
91317,16474,Soybean,25,17/12/2024,50,No,Yes
91316,16477,Soybean,25,17/12/2024,50,No,Yes
116402,16493,Beans,20,15/03/2025,50,No,Yes
93307,16498,Soybean,25,30/12/2024,60,Yes,Yes
81831,16502,Groundnuts,20,26/12/2024,20,Yes,Yes
91700,16512,Soybean,50,21/12/2024,60,Yes,Yes
92912,16513,Soybean,25,19/12/2024,60,Yes,Yes
91791,16514,Soybean,25,07/01/2025,60,No,Yes
99408,16518,Soybean,25,07/01/2025,50,Yes,Yes
84743,16524,Soybean,25,01/01/2025,45,Yes,Yes
101975,10009,Beans,40,03/02/2025,40,No,Yes
79827,10039,Groundnuts,20,17/12/2024,30,No,Yes
101735,10066,Beans,20,09/02/2025,15,No,Yes
97651,10077,Soybean,25,03/01/2025,50,Yes,Yes
84558,10080,Soybean,1,19/12/2024,50,Yes,Yes
103485,10085,Beans,20,07/02/2025,65,No,Yes
106978,10098,Beans,40,16/02/2025,60,No,Yes
103292,10103,Beans,20,08/02/2025,60,No,Yes
102889,10108,Soybean,20,03/02/2025,60,No,Yes
102413,10115,Beans,40,04/02/2025,75,No,Yes
79038,10144,Groundnuts,10,01/12/2024,3,Yes,Yes
102906,10163,Beans,20,06/02/2025,100,No,Yes
108374,10164,Beans,20,04/02/2025,75,No,Yes
102118,10177,Beans,20,10/02/2025,60,No,Yes
87586,10220,Groundnuts,20,26/12/2024,45,No,Yes
103347,10250,Beans,100,11/02/2025,60,No,Yes
104642,10253,Beans,60,05/02/2025,60,No,Yes
98577,10256,Soybean,50,01/01/2025,45,Yes,Yes
103338,10258,Beans,40,07/02/2025,60,No,Yes
97723,10269,Maize,10,12/12/2024,75,No,Yes
92103,10280,Soybean,100,01/01/2025,50,No,Yes
90065,10283,Groundnuts,20,01/01/2025,50,Yes,Yes
84746,16526,Soybean,75,29/12/2024,45,Yes,Yes
84742,16527,Soybean,25,18/12/2024,42,Yes,Yes
95913,16543,Groundnuts,20,19/11/2024,45,No,Yes
96145,16545,Groundnuts,20,19/11/2024,45,No,Yes
79549,16547,Soybean,25,06/12/2024,45,Yes,Yes
84741,16558,Soybean,50,10/12/2024,45,Yes,Yes
115576,16559,Beans,20,06/02/2025,50,No,Yes
115574,16560,Beans,20,05/02/2025,50,No,Yes
78419,16568,Soybean,25,12/11/2024,45,Yes,Yes
95642,16569,Soybean,25,13/12/2024,70,Yes,Yes
115505,16571,Beans,40,08/02/2025,50,No,Yes
105295,16581,Beans,20,12/02/2025,50,Yes,Yes
113831,16585,Beans,20,20/02/2025,50,Yes,Yes
99027,16589,Soybean,25,10/12/2024,50,Yes,Yes
98879,16592,Soybean,25,16/12/2024,50,Yes,Yes
89491,16612,Groundnuts,20,20/12/2024,35,No,Yes
105003,16619,Beans,60,07/02/2025,50,No,Yes
80266,16620,Groundnuts,20,08/12/2024,45,Yes,Yes
79252,16623,Groundnuts,20,11/12/2024,45,Yes,Yes
81841,16629,Groundnuts,20,24/12/2024,30,Yes,Yes
91403,16631,Soybean,25,12/12/2024,56,Yes,Yes
118585,16635,Beans,40,25/02/2025,50,No,Yes
98557,10284,Soybean,25,03/01/2025,50,No,Yes
98415,10285,Soybean,25,03/01/2025,2,No,Yes
78686,10287,Soybean,25,15/11/2024,50,Yes,Yes
103833,10323,Beans,40,05/02/2025,40,No,Yes
102219,10327,Beans,40,07/02/2025,45,No,Yes
102115,10329,Beans,40,05/02/2025,60,No,Yes
102442,10330,Beans,40,05/02/2025,60,No,Yes
105428,10354,Beans,20,04/02/2025,50,Yes,Yes
103081,10360,Beans,20,08/02/2025,50,No,Yes
89559,10367,Soybean,1,20/12/2024,50,Yes,Yes
97843,10370,Soybean,50,08/01/2025,45,Yes,Yes
115228,16639,Beans,60,22/02/2025,50,No,Yes
118798,16655,Beans,20,10/02/2025,50,No,No
85109,16659,Soybean,25,11/12/2024,50,Yes,Yes
90704,16705,Soybean,50,25/12/2024,50,No,Yes
99513,16712,Soybean,25,09/01/2025,50,No,Yes
96148,16717,Groundnuts,20,14/11/2024,50,No,Yes
96285,16721,Groundnuts,40,17/11/2024,50,No,Yes
81204,16726,Groundnuts,20,18/11/2024,45,No,Yes
98628,16729,Groundnuts,20,19/11/2024,50,No,Yes
96895,16732,Groundnuts,20,17/11/2024,50,No,Yes
86535,16733,Soybean,25,23/12/2024,50,Yes,Yes
104142,10381,Beans,80,02/02/2025,50,No,Yes
103264,10383,Beans,100,01/02/2025,50,No,Yes
103260,10386,Beans,20,02/02/2025,50,No,Yes
103268,10389,Beans,40,30/01/2025,50,No,Yes
102536,10406,Beans,20,03/02/2025,50,No,Yes
102474,10419,Beans,40,05/02/2025,60,No,Yes
103427,10422,Beans,20,29/01/2025,50,No,Yes
103080,10423,Beans,20,11/02/2025,60,No,Yes
85310,10446,Groundnuts,40,02/12/2024,20,No,Yes
103133,10447,Beans,20,06/02/2025,45,No,Yes
80501,10450,Groundnuts,20,22/11/2024,50,No,Yes
85814,10460,Soybean,25,09/12/2024,45,No,Yes
96461,10500,Soybean,50,08/01/2025,60,Yes,Yes
96230,10575,Soybean,25,31/12/2024,75,Yes,Yes
96237,10578,Soybean,50,18/12/2024,85,Yes,Yes
101682,10593,Beans,40,10/02/2025,10,Yes,Yes
100947,10598,Soybean,25,14/12/2024,60,Yes,Yes
105335,10609,Beans,20,15/02/2025,15,No,Yes
109574,10620,Beans,40,10/02/2025,15,No,Yes
109569,10632,Beans,20,11/02/2025,15,No,Yes
107606,10634,Beans,20,11/02/2025,10,No,Yes
104664,10697,Beans,20,10/03/2025,10,Yes,Yes
105576,10700,Beans,20,08/03/2025,12,Yes,Yes
82857,16741,Groundnuts,20,29/11/2024,3,No,Yes
81699,16745,Soybean,25,11/12/2024,50,Yes,Yes
89881,16755,Soybean,50,10/12/2024,65,Yes,Yes
91614,16756,Soybean,50,26/11/2024,65,Yes,Yes
80989,16763,Soybean,25,11/12/2024,50,Yes,Yes
87449,16764,Soybean,25,03/01/2025,90,Yes,Yes
91068,16787,Soybean,25,16/11/2024,45,Yes,Yes
92086,16798,Soybean,25,10/01/2025,65,Yes,Yes
82421,16799,Soybean,25,26/12/2024,65,Yes,Yes
80291,16802,Soybean,25,14/12/2024,65,Yes,Yes
80300,16805,Soybean,25,15/12/2024,65,Yes,No
81143,16806,Groundnuts,20,26/11/2024,50,No,Yes
99001,16809,Groundnuts,20,25/11/2024,50,No,Yes
87472,16817,Soybean,25,08/01/2025,50,Yes,Yes
91062,16820,Soybean,25,04/01/2025,56,Yes,Yes
95031,16823,Soybean,25,05/11/2024,50,Yes,Yes
78438,16828,Soybean,25,14/12/2024,5,Yes,Yes
85649,16834,Soybean,25,13/12/2024,65,Yes,Yes
99034,16840,Groundnuts,20,23/11/2024,45,No,Yes
96290,16849,Groundnuts,20,21/11/2024,50,No,Yes
95174,16859,Groundnuts,20,26/11/2024,35,Yes,Yes
89476,16861,Groundnuts,20,16/11/2024,30,No,Yes
105572,10705,Beans,20,15/03/2025,14,Yes,Yes
82166,10712,Groundnuts,20,18/12/2024,30,No,Yes
102298,10724,Beans,40,07/02/2025,10,Yes,Yes
102300,10725,Beans,20,12/02/2025,12,Yes,Yes
105580,10728,Beans,20,17/03/2025,14,Yes,Yes
102295,10729,Beans,20,15/02/2025,9,Yes,Yes
105578,10731,Beans,40,16/03/2025,12,Yes,Yes
101706,10732,Beans,20,18/02/2025,11,Yes,No
107133,10735,Beans,20,08/02/2025,12,Yes,Yes
104666,10737,Beans,6,12/03/2025,12,Yes,Yes
101708,10738,Beans,20,05/02/2025,10,No,Yes
101801,10745,Beans,100,04/02/2025,15,No,Yes
102188,10746,Beans,40,01/02/2025,15,No,Yes
102117,10747,Beans,20,10/02/2025,15,No,Yes
80265,10756,Groundnuts,20,30/11/2024,45,Yes,No
89495,10805,Groundnuts,20,20/12/2024,30,No,Yes
102763,10809,Beans,20,01/02/2025,10,No,Yes
102760,10820,Beans,20,04/02/2025,10,No,Yes
104441,10822,Beans,20,01/02/2025,10,No,Yes
102381,10824,Beans,40,12/02/2025,10,No,Yes
102770,10825,Beans,20,02/02/2025,10,No,Yes
79524,10845,Groundnuts,20,05/12/2024,50,No,Yes
81383,10846,Groundnuts,20,03/12/2024,50,No,Yes
93056,16863,Soybean,25,14/12/2024,50,Yes,Yes
93604,16867,Soybean,25,10/01/2025,60,Yes,Yes
96681,16868,Soybean,25,10/01/2025,60,Yes,Yes
93162,16869,Soybean,25,08/12/2024,50,Yes,Yes
94030,16877,Soybean,25,09/12/2024,45,No,Yes
94028,16881,Soybean,25,06/01/2025,45,No,Yes
89733,16893,Soybean,25,01/01/2025,50,Yes,Yes
97236,16895,Soybean,25,20/12/2024,70,Yes,Yes
99401,16903,Soybean,75,18/12/2024,50,Yes,Yes
99398,16906,Soybean,25,18/12/2024,50,Yes,Yes
93520,16908,Soybean,25,27/12/2024,60,Yes,Yes
93815,16909,Soybean,25,05/01/2025,65,Yes,Yes
99399,16912,Soybean,25,17/12/2024,50,Yes,Yes
92139,16927,Soybean,25,03/01/2025,60,No,Yes
109559,16935,Beans,40,08/02/2025,15,No,Yes
109361,16937,Beans,80,02/03/2025,50,No,Yes
107077,16939,Beans,20,06/02/2025,30,No,Yes
101463,16940,Soybean,50,18/01/2025,50,Yes,Yes
97772,16941,Soybean,25,18/12/2024,50,Yes,Yes
102388,10853,Beans,20,06/02/2025,10,No,Yes
102761,10861,Beans,20,04/02/2025,10,No,Yes
100238,10981,Groundnuts,20,08/01/2025,50,No,Yes
92916,11008,Soybean,25,03/01/2025,45,Yes,Yes
88360,11011,Soybean,25,06/01/2025,45,Yes,Yes
85848,11012,Soybean,25,01/01/2025,50,Yes,Yes
103210,11016,Beans,20,10/02/2025,50,Yes,Yes
104934,11018,Beans,20,11/02/2025,30,No,Yes
104947,11024,Beans,40,12/02/2025,30,No,Yes
104942,11027,Beans,40,10/02/2025,30,No,Yes
104461,11028,Beans,20,11/02/2025,30,No,Yes
104920,11034,Beans,40,12/02/2025,30,No,Yes
94192,11043,Groundnuts,60,18/12/2024,60,No,Yes
94184,11044,Groundnuts,20,05/01/2025,65,No,Yes
94175,11047,Groundnuts,40,01/01/2025,60,No,Yes
94197,11051,Groundnuts,40,06/01/2025,60,No,Yes
78459,11052,Soybean,50,28/11/2024,68,Yes,Yes
94176,11053,Groundnuts,20,07/01/2025,70,No,Yes
97700,16943,Soybean,50,03/01/2025,50,Yes,Yes
99046,16944,Soybean,25,08/01/2025,50,Yes,Yes
87974,16945,Soybean,25,12/11/2024,50,Yes,Yes
84295,16946,Soybean,25,22/11/2024,50,Yes,Yes
89726,16950,Soybean,50,12/12/2024,50,Yes,Yes
97703,16954,Soybean,50,11/12/2024,90,Yes,Yes
97698,16958,Soybean,25,10/12/2024,90,Yes,Yes
99833,16960,Soybean,75,09/12/2024,55,Yes,Yes
90816,16961,Soybean,25,03/12/2024,60,Yes,Yes
97669,16963,Soybean,25,07/01/2025,90,Yes,Yes
100137,16964,Soybean,25,11/12/2024,60,Yes,Yes
97540,16966,Soybean,100,11/12/2024,50,Yes,Yes
90666,16971,Soybean,25,09/12/2024,50,Yes,Yes
100139,16980,Soybean,25,11/12/2024,55,Yes,Yes
83457,16988,Soybean,25,10/12/2024,45,Yes,Yes
100140,16991,Soybean,75,10/12/2024,75,Yes,Yes
89371,17000,Soybean,25,14/12/2024,90,Yes,Yes
89160,17001,Soybean,25,13/12/2024,90,Yes,Yes
89235,17002,Soybean,50,09/12/2024,55,Yes,Yes
93078,17003,Soybean,100,31/12/2024,45,Yes,Yes
92850,17012,Soybean,25,13/12/2024,45,Yes,Yes
87317,17014,Soybean,25,10/12/2024,60,Yes,Yes
89514,17018,Soybean,25,09/12/2024,60,Yes,Yes
98307,11054,Groundnuts,20,22/01/2025,65,No,Yes
89902,11056,Groundnuts,20,28/12/2024,80,No,Yes
104935,11064,Beans,40,09/02/2025,30,No,Yes
104028,11075,Beans,20,13/02/2025,50,Yes,Yes
104949,11078,Beans,20,11/02/2025,30,No,Yes
104464,11129,Beans,20,11/02/2025,30,No,Yes
93397,17031,Soybean,50,28/12/2024,60,Yes,Yes
89134,17039,Soybean,25,17/12/2024,70,Yes,Yes
90416,17042,Soybean,25,09/12/2024,60,Yes,Yes
80923,17116,Groundnuts,20,02/12/2024,30,No,Yes
90739,17117,Groundnuts,20,01/12/2024,30,No,Yes
79864,17122,Groundnuts,20,20/12/2024,30,No,Yes
79865,17123,Groundnuts,20,19/12/2024,30,No,Yes
79774,17127,Soybean,25,13/12/2024,50,Yes,Yes
101685,17131,Soybean,25,01/12/2024,45,Yes,Yes
91069,17133,Soybean,25,11/11/2024,45,Yes,Yes
79775,17136,Groundnuts,20,18/12/2024,45,No,Yes
93075,17141,Soybean,50,22/12/2024,45,Yes,Yes
100855,17146,Soybean,50,10/01/2025,45,Yes,Yes
97059,17147,Soybean,25,10/01/2025,50,Yes,Yes
96797,17157,Groundnuts,20,18/11/2024,45,No,Yes
96217,17158,Groundnuts,40,13/11/2024,45,No,Yes
98706,17178,Groundnuts,40,26/11/2024,45,No,Yes
95911,17181,Groundnuts,40,14/11/2024,50,No,Yes
79891,17186,Groundnuts,20,26/12/2024,30,No,Yes
79892,17187,Groundnuts,20,18/12/2024,30,No,Yes
79900,17193,Groundnuts,20,15/12/2024,30,No,Yes
79901,17194,Groundnuts,20,15/12/2024,30,No,Yes
79905,17201,Groundnuts,20,15/12/2024,30,No,Yes
104338,11135,Beans,20,06/02/2025,10,Yes,Yes
103376,11137,Beans,40,06/02/2025,75,No,Yes
95043,11164,Groundnuts,20,18/12/2024,50,No,Yes
95119,11176,Groundnuts,20,29/12/2024,45,No,Yes
94373,11183,Soybean,50,03/01/2025,55,Yes,Yes
93549,11185,Soybean,50,12/12/2024,6,Yes,Yes
101973,11196,Beans,20,03/02/2025,50,Yes,No
104265,11212,Beans,20,04/02/2025,45,No,Yes
102965,11220,Beans,20,04/02/2025,45,No,Yes
102184,11227,Beans,20,02/02/2025,60,No,Yes
95644,11254,Groundnuts,20,29/12/2024,50,No,Yes
102936,11280,Beans,20,10/02/2025,40,Yes,Yes
104266,11287,Beans,20,02/02/2025,50,No,Yes
95912,11299,Groundnuts,20,16/11/2024,45,No,Yes
96610,11300,Groundnuts,80,28/11/2024,50,No,Yes
100393,11331,Soybean,25,28/12/2024,45,Yes,Yes
100302,11341,Groundnuts,20,10/01/2025,70,No,Yes
102602,11355,Beans,20,03/02/2025,50,No,Yes
101988,11372,Beans,140,03/02/2025,60,No,Yes
101915,11377,Beans,60,03/02/2025,10,No,Yes
104701,11389,Beans,20,03/02/2025,50,No,Yes
102970,11395,Beans,40,04/02/2025,60,No,Yes
104710,11400,Beans,40,03/02/2025,50,No,Yes
102949,11401,Beans,40,01/02/2025,50,No,Yes
102963,11406,Beans,20,10/02/2025,45,No,Yes
79829,11413,Groundnuts,20,16/12/2024,30,No,Yes
96746,11425,Groundnuts,20,17/11/2024,45,No,Yes
109385,11465,Beans,20,02/03/2025,50,No,Yes
108388,11467,Beans,40,15/02/2025,30,No,Yes
108385,11471,Beans,80,12/02/2025,30,No,Yes
108390,11476,Beans,40,04/02/2025,15,No,Yes
103371,11485,Beans,20,01/02/2025,70,No,Yes
88532,17216,Soybean,25,14/11/2024,50,Yes,Yes
99232,17255,Soybean,25,11/12/2024,50,Yes,No
99255,17256,Soybean,25,01/01/2025,50,Yes,No
95123,17259,Soybean,25,21/12/2024,55,Yes,Yes
100018,17265,Soybean,25,05/01/2025,65,No,Yes
107844,17270,Beans,20,21/02/2025,15,No,Yes
91882,17273,Soybean,1,04/01/2025,30,Yes,Yes
93777,17274,Soybean,1,01/01/2025,50,Yes,Yes
96613,17320,Soybean,50,09/12/2024,45,No,Yes
98213,17344,Soybean,25,22/01/2025,50,Yes,Yes
100396,17354,Soybean,25,26/01/2025,50,Yes,Yes
80703,17373,Groundnuts,20,19/11/2024,45,Yes,Yes
83451,17377,Groundnuts,20,15/12/2024,3,Yes,Yes
83414,17380,Groundnuts,20,17/12/2024,45,Yes,Yes
89349,17386,Soybean,25,02/01/2025,50,Yes,Yes
103361,11490,Beans,20,28/01/2025,70,No,Yes
108384,11491,Beans,80,10/02/2025,30,No,Yes
90026,11495,Soybean,25,10/12/2024,50,Yes,Yes
103393,11504,Beans,20,29/01/2025,73,No,Yes
115504,11506,Beans,40,05/02/2025,50,No,Yes
115510,11512,Beans,40,04/03/2025,50,No,Yes
109216,11514,Beans,60,05/02/2025,50,Yes,Yes
109548,11535,Beans,40,02/03/2025,50,No,Yes
109379,11543,Beans,40,02/03/2025,50,No,Yes
102042,11551,Beans,40,05/02/2025,75,No,Yes
78768,17396,Groundnuts,20,03/12/2024,5,Yes,Yes
80794,17398,Groundnuts,20,23/12/2024,30,Yes,Yes
83241,17402,Groundnuts,20,11/12/2024,45,Yes,Yes
86087,17407,Groundnuts,20,26/12/2024,45,Yes,Yes
86088,17410,Groundnuts,20,29/12/2024,50,Yes,Yes
86091,17419,Groundnuts,20,28/12/2024,50,Yes,Yes
85536,17428,Groundnuts,20,27/12/2024,45,Yes,Yes
86163,17433,Groundnuts,20,27/12/2024,50,Yes,Yes
82769,17435,Maize,203,06/01/2025,45,Yes,Yes
86164,17440,Groundnuts,20,30/12/2024,50,Yes,Yes
84996,17443,Groundnuts,20,26/12/2024,45,Yes,Yes
86173,17448,Groundnuts,20,30/12/2024,50,Yes,Yes
82012,17449,Groundnuts,20,24/12/2024,45,Yes,Yes
85556,17458,Groundnuts,20,30/12/2024,50,Yes,Yes
85017,17463,Groundnuts,20,27/12/2024,45,Yes,Yes
85533,17465,Groundnuts,20,27/12/2024,45,Yes,Yes
86134,17467,Groundnuts,20,25/12/2024,45,Yes,Yes
86132,17469,Groundnuts,20,25/12/2024,50,Yes,Yes
86129,17473,Groundnuts,20,27/12/2024,45,Yes,Yes
98661,17487,Groundnuts,20,21/11/2024,45,No,Yes
101387,11564,Groundnuts,20,10/01/2025,60,No,Yes
101469,11574,Groundnuts,20,10/01/2025,60,No,Yes
79836,11580,Groundnuts,20,24/12/2024,30,No,Yes
81153,11586,Soybean,50,19/11/2024,50,Yes,Yes
100120,11594,Groundnuts,20,05/01/2025,70,No,Yes
80711,11602,Soybean,25,19/12/2024,50,No,Yes
93017,11630,Soybean,25,14/12/2024,45,Yes,Yes
99156,11636,Soybean,50,28/01/2025,52,Yes,Yes
93269,11638,Groundnuts,40,19/12/2024,35,No,Yes
90116,11646,Groundnuts,20,22/12/2024,30,No,Yes
93317,11655,Groundnuts,20,30/11/2024,35,No,Yes
80307,17497,Groundnuts,20,19/11/2024,45,No,Yes
80502,17498,Groundnuts,20,26/11/2024,45,No,Yes
80503,17499,Groundnuts,20,27/11/2024,45,No,Yes
130860,17503,Beans,20,24/02/2025,60,No,Yes
101236,17514,Soybean,25,11/12/2024,55,No,Yes
93267,17531,Groundnuts,40,20/12/2024,35,No,Yes
93271,17532,Groundnuts,20,19/12/2024,30,No,Yes
90865,17551,Groundnuts,20,20/12/2024,30,No,Yes
90119,17554,Groundnuts,20,25/12/2024,30,No,Yes
90874,17557,Groundnuts,20,19/12/2024,40,No,Yes
93265,17559,Groundnuts,40,19/11/2024,30,No,Yes
93308,11660,Groundnuts,120,22/12/2024,30,No,Yes
93321,11664,Groundnuts,40,22/11/2024,35,No,Yes
94290,11667,Soybean,50,03/01/2025,6,Yes,Yes
94293,11671,Soybean,25,03/01/2025,7,Yes,Yes
96264,11746,Maize,10,10/12/2024,75,No,Yes
88369,11746,Soybean,25,14/12/2024,50,Yes,Yes
95089,11748,Soybean,25,16/01/2025,50,Yes,Yes
100466,11805,Groundnuts,60,20/01/2025,70,No,Yes
100447,11806,Groundnuts,20,11/01/2025,50,No,Yes
88361,11859,Soybean,45,18/12/2024,50,Yes,Yes
88362,11862,Soybean,25,02/01/2025,45,Yes,Yes
88885,11955,Soybean,25,27/12/2024,45,Yes,Yes
91418,11989,Groundnuts,20,03/01/2025,45,No,Yes
96611,12022,Groundnuts,80,30/11/2024,50,No,Yes
88887,12047,Soybean,25,02/01/2025,45,Yes,Yes
90486,12082,Soybean,50,29/12/2024,65,Yes,Yes
86900,17564,Groundnuts,20,23/12/2024,30,No,Yes
93277,17567,Groundnuts,20,21/12/2024,30,No,Yes
91871,17571,Soybean,1,11/01/2025,30,Yes,Yes
91864,17574,Soybean,1,24/11/2024,30,Yes,Yes
91878,17577,Soybean,1,04/01/2025,30,Yes,Yes
91859,17579,Soybean,1,28/12/2024,30,Yes,Yes
91880,17581,Soybean,2,04/01/2025,30,Yes,Yes
90683,17586,Soybean,25,09/01/2025,55,No,Yes
88834,17595,Soybean,25,15/12/2024,55,Yes,Yes
97459,17623,Soybean,50,19/01/2025,50,Yes,Yes
78197,17636,Soybean,25,16/12/2024,50,Yes,Yes
91301,17641,Groundnuts,20,08/12/2024,30,No,Yes
98707,17674,Groundnuts,20,30/11/2024,50,No,Yes
93427,17680,Soybean,25,02/01/2025,60,Yes,Yes
81830,17693,Soybean,25,10/12/2024,60,Yes,Yes
91117,17695,Soybean,25,03/01/2025,60,Yes,Yes
91116,17696,Soybean,25,03/01/2025,60,Yes,Yes
91599,17699,Groundnuts,20,16/11/2024,25,No,No
91155,17703,Soybean,25,06/12/2024,65,Yes,Yes
96642,17711,Soybean,25,04/01/2025,55,Yes,Yes
95498,17712,Soybean,25,14/12/2024,50,Yes,Yes
83994,17713,Soybean,25,18/12/2024,50,Yes,Yes
97492,17715,Soybean,25,02/01/2025,55,Yes,Yes
93131,17745,Soybean,25,03/01/2025,50,Yes,Yes
93127,17746,Soybean,25,06/01/2025,50,Yes,Yes
91297,17751,Soybean,50,06/01/2025,50,Yes,Yes
91299,17752,Soybean,25,08/01/2025,50,Yes,Yes
100710,17756,Soybean,50,29/12/2024,60,Yes,Yes
98881,17763,Groundnuts,40,23/11/2024,45,No,Yes
101319,17769,Soybean,25,04/01/2025,50,Yes,Yes
92862,12091,Soybean,6,12/12/2024,50,Yes,Yes
92902,12095,Soybean,5,28/12/2024,50,Yes,Yes
79168,12104,Soybean,125,29/11/2024,45,No,Yes
98397,12133,Soybean,25,04/01/2025,50,Yes,Yes
84011,12134,Soybean,50,19/12/2024,50,Yes,Yes
91962,12135,Soybean,50,06/01/2025,45,Yes,Yes
91967,12155,Soybean,25,08/01/2025,45,Yes,Yes
90754,12159,Soybean,25,04/01/2025,50,Yes,Yes
87058,12213,Soybean,50,20/12/2024,75,No,Yes
86075,12240,Soybean,50,09/12/2024,50,Yes,Yes
87834,12244,Soybean,50,01/01/2025,45,Yes,Yes
88291,12275,Soybean,25,01/01/2025,88,Yes,Yes
79848,12287,Groundnuts,20,22/12/2024,30,No,Yes
80273,12291,Soybean,75,09/12/2024,80,Yes,Yes
95819,12308,Soybean,25,20/12/2024,75,Yes,Yes
97601,12310,Soybean,25,10/12/2024,60,Yes,Yes
108786,12321,Beans,60,07/02/2025,60,No,Yes
88858,17773,Soybean,25,03/01/2025,60,Yes,Yes
88861,17774,Soybean,25,14/12/2024,60,Yes,Yes
101318,17775,Soybean,25,06/01/2025,50,Yes,Yes
90828,17777,Soybean,25,23/12/2024,60,Yes,Yes
90823,17778,Soybean,25,30/12/2024,50,Yes,Yes
89755,17781,Soybean,50,01/01/2025,60,Yes,Yes
78085,17792,Soybean,25,11/12/2024,60,Yes,Yes
98209,17795,Soybean,25,21/01/2025,50,Yes,Yes
98781,17796,Soybean,37,15/12/2024,60,Yes,Yes
90253,17808,Soybean,25,01/01/2025,55,Yes,Yes
90236,17810,Soybean,25,02/01/2025,70,Yes,Yes
78129,17811,Soybean,25,12/12/2024,60,Yes,Yes
109434,12324,Beans,40,06/02/2025,75,No,Yes
109435,12326,Beans,60,06/02/2025,75,No,Yes
109436,12330,Beans,20,05/02/2025,75,No,Yes
81694,12332,Groundnuts,20,26/12/2024,75,No,Yes
109437,12336,Beans,20,05/02/2025,75,No,Yes
94274,12345,Soybean,25,01/01/2025,60,Yes,Yes
101338,12376,Soybean,100,05/12/2024,60,Yes,Yes
81364,17816,Groundnuts,20,25/11/2024,45,No,Yes
81589,17819,Groundnuts,20,01/12/2024,45,No,Yes
83842,17820,Groundnuts,20,17/11/2024,45,No,Yes
81366,17821,Groundnuts,20,18/11/2024,45,No,Yes
81355,17823,Groundnuts,20,04/12/2024,45,No,Yes
81593,17825,Groundnuts,20,19/12/2024,45,Yes,Yes
87745,17832,Soybean,25,17/12/2024,60,Yes,Yes
90555,17834,Soybean,25,03/01/2025,55,Yes,Yes
92003,17835,Soybean,25,12/12/2024,50,Yes,Yes
94021,17838,Soybean,50,09/12/2024,45,No,Yes
90553,17840,Soybean,25,15/12/2024,60,Yes,No
80933,17841,Soybean,25,11/12/2024,10,Yes,Yes
90551,17842,Soybean,25,12/12/2024,60,Yes,Yes
93364,17844,Soybean,25,13/12/2024,60,Yes,Yes
80959,17861,Groundnuts,20,19/12/2024,35,No,Yes
79668,17862,Groundnuts,20,27/11/2024,15,No,Yes
80763,17864,Groundnuts,20,02/12/2024,45,No,Yes
79658,17866,Groundnuts,20,26/11/2024,15,No,Yes
80961,17872,Groundnuts,20,03/12/2024,45,No,Yes
81132,17878,Soybean,25,11/12/2024,60,Yes,Yes
98863,17890,Soybean,1,20/12/2024,10,No,Yes
91467,17891,Soybean,50,19/12/2024,60,Yes,Yes
90262,17894,Groundnuts,20,19/11/2024,45,No,Yes
101161,12391,Soybean,50,15/12/2024,60,Yes,Yes
94615,12392,Soybean,50,10/01/2025,55,Yes,Yes
101159,12393,Soybean,50,13/01/2025,60,Yes,Yes
99608,12400,Soybean,25,06/12/2024,50,No,Yes
95878,12445,Soybean,75,17/11/2024,50,Yes,Yes
90650,12448,Soybean,25,29/12/2024,60,Yes,Yes
90047,12460,Soybean,25,07/01/2025,45,Yes,Yes
91523,12461,Soybean,12,06/01/2025,45,Yes,Yes
104103,12479,Beans,20,09/03/2025,45,No,Yes
91512,12518,Soybean,20,04/01/2025,45,Yes,Yes
87461,12522,Soybean,25,07/01/2025,45,Yes,Yes
91519,12524,Soybean,75,04/01/2025,45,Yes,Yes
101296,12526,Soybean,25,13/12/2024,60,Yes,Yes
98122,12546,Soybean,25,09/01/2025,45,Yes,Yes
101344,12564,Soybean,25,09/12/2024,60,Yes,Yes
101119,12565,Soybean,25,05/12/2024,55,Yes,Yes
93019,12580,Soybean,25,04/01/2025,45,Yes,Yes
79852,12633,Groundnuts,20,26/12/2024,30,No,Yes
80517,17896,Groundnuts,20,28/11/2024,45,No,Yes
83841,17897,Groundnuts,20,17/11/2024,45,No,Yes
83839,17904,Groundnuts,20,21/12/2024,45,No,Yes
93015,17921,Soybean,25,16/12/2024,45,Yes,Yes
91752,17922,Soybean,25,17/11/2024,45,Yes,Yes
94296,17929,Groundnuts,20,19/11/2024,1,No,Yes
90677,17930,Groundnuts,20,10/12/2024,20,No,Yes
94298,17931,Groundnuts,20,27/11/2024,1,No,Yes
80462,17938,Groundnuts,20,01/12/2024,35,No,Yes
98279,17940,Soybean,25,28/12/2024,45,Yes,Yes
98619,17982,Soybean,25,19/01/2025,45,Yes,Yes
98622,17989,Soybean,25,04/01/2025,45,Yes,Yes
96939,17993,Soybean,25,08/12/2024,45,Yes,Yes
98394,17998,Soybean,25,10/01/2025,50,Yes,Yes
91634,18002,Groundnuts,100,20/11/2024,30,No,Yes
96150,18003,Groundnuts,20,13/11/2024,50,No,Yes
88001,18014,Soybean,125,20/12/2024,50,Yes,Yes
85214,18018,Groundnuts,20,30/11/2024,30,Yes,Yes
87702,18019,Groundnuts,20,11/12/2024,30,Yes,Yes
93401,18031,Soybean,45,15/12/2024,56,Yes,Yes
103451,18037,Beans,60,07/03/2025,60,No,Yes
103343,18042,Beans,80,10/02/2025,60,No,Yes
87605,12665,Groundnuts,20,30/11/2024,30,No,Yes
91632,12668,Groundnuts,20,20/12/2024,30,No,Yes
92866,12671,Soybean,2,29/12/2024,50,Yes,Yes
87235,12672,Soybean,2,05/01/2025,50,Yes,Yes
87233,12673,Soybean,1,05/01/2025,50,Yes,Yes
91477,12689,Soybean,25,16/12/2024,70,No,Yes
82418,12704,Soybean,25,15/12/2024,50,No,Yes
90125,12708,Soybean,25,06/01/2025,70,No,Yes
87463,12710,Soybean,25,04/01/2025,45,Yes,Yes
103800,12728,Beans,40,10/02/2025,50,No,Yes
79856,12742,Groundnuts,20,24/12/2024,30,No,Yes
94304,12746,Soybean,25,11/12/2024,5,Yes,Yes
96364,12748,Soybean,25,28/12/2024,60,Yes,Yes
94273,12760,Soybean,25,01/01/2025,65,Yes,Yes
97681,12767,Soybean,25,03/01/2025,70,Yes,Yes
96750,12774,Groundnuts,20,24/11/2024,50,No,Yes
94852,12799,Soybean,50,04/01/2025,60,Yes,Yes
91480,12812,Soybean,25,05/01/2025,70,No,Yes
92361,12821,Soybean,25,06/01/2025,60,No,Yes
91479,12825,Soybean,50,01/01/2025,70,No,Yes
81116,12842,Groundnuts,20,17/11/2024,45,No,Yes
83469,18046,Soybean,25,17/12/2024,60,Yes,Yes
78408,18057,Soybean,25,17/12/2024,60,Yes,Yes
78216,18058,Soybean,25,18/12/2024,50,Yes,Yes
100423,18063,Soybean,25,10/01/2025,60,Yes,Yes
100547,18076,Soybean,25,08/01/2025,60,Yes,Yes
100626,18077,Soybean,25,09/01/2025,60,Yes,Yes
100412,18094,Soybean,25,12/12/2024,60,Yes,Yes
100422,18095,Soybean,25,08/01/2025,60,Yes,Yes
100552,18096,Soybean,25,09/01/2025,60,Yes,Yes
100630,18097,Soybean,25,08/01/2025,60,Yes,Yes
100418,18100,Soybean,25,08/01/2025,60,Yes,Yes
100427,18104,Soybean,25,10/01/2025,60,Yes,Yes
92123,18110,Soybean,25,09/12/2024,60,Yes,Yes
92391,18111,Soybean,50,24/11/2024,60,Yes,Yes
78091,18114,Soybean,25,14/12/2024,65,Yes,Yes
91687,18116,Soybean,25,10/01/2025,50,Yes,Yes
91685,18117,Soybean,25,09/01/2025,60,Yes,Yes
78694,12846,Soybean,50,07/12/2024,50,Yes,Yes
89074,12855,Soybean,50,10/12/2024,70,Yes,Yes
81119,12856,Groundnuts,20,27/11/2024,45,No,Yes
81120,12862,Groundnuts,20,22/11/2024,45,Yes,No
81015,12863,Groundnuts,20,15/11/2024,25,Yes,Yes
109440,12868,Beans,40,06/02/2025,75,No,Yes
109442,12870,Beans,20,06/02/2025,75,No,Yes
93887,12876,Groundnuts,40,20/12/2024,30,No,Yes
91628,12897,Groundnuts,20,17/12/2024,40,No,Yes
79174,12900,Soybean,25,12/12/2024,50,Yes,Yes
95908,12937,Groundnuts,20,12/11/2024,50,No,Yes
96880,12941,Soybean,25,15/01/2025,55,Yes,Yes
103983,12972,Beans,20,08/02/2025,50,Yes,Yes
88611,12983,Soybean,200,13/12/2024,45,Yes,Yes
89065,12990,Soybean,25,05/01/2025,70,No,Yes
78532,13003,Soybean,50,08/11/2024,50,No,Yes
90126,13007,Soybean,25,07/01/2025,50,No,Yes
98407,13023,Soybean,50,03/01/2025,56,No,Yes
81458,13032,Soybean,50,10/12/2024,45,Yes,Yes
80693,13114,Groundnuts,20,29/11/2024,35,No,Yes
85833,18121,Soybean,50,29/12/2024,50,Yes,Yes
93606,18127,Soybean,25,17/11/2024,55,Yes,Yes
93762,18130,Soybean,25,20/12/2024,55,Yes,Yes
94324,18132,Soybean,25,06/01/2025,5,Yes,Yes
94326,18134,Soybean,25,07/01/2025,5,Yes,Yes
94328,18136,Soybean,25,02/01/2025,5,Yes,Yes
94329,18138,Soybean,25,02/01/2025,5,Yes,Yes
93405,18140,Soybean,25,30/12/2024,60,Yes,Yes
80471,18172,Soybean,1,04/12/2024,50,Yes,Yes
79008,18175,Soybean,2,12/12/2024,50,Yes,Yes
91689,18186,Soybean,50,28/12/2024,60,Yes,Yes
84676,18191,Soybean,2,22/12/2024,50,Yes,Yes
79745,18195,Soybean,1,13/11/2024,50,Yes,Yes
79742,18204,Soybean,1,22/11/2024,50,Yes,Yes
79012,18207,Soybean,1,12/12/2024,50,Yes,Yes
79013,18210,Soybean,50,16/12/2024,50,Yes,Yes
79053,18212,Soybean,1,05/12/2024,50,Yes,Yes
96572,18219,Soybean,25,15/12/2024,55,Yes,Yes
93009,18221,Soybean,25,29/12/2024,50,Yes,Yes
96604,18223,Soybean,25,17/11/2024,55,Yes,Yes
94337,18232,Soybean,25,07/01/2025,5,Yes,Yes
94496,18288,Soybean,25,04/01/2025,75,Yes,Yes
100136,13130,Groundnuts,20,01/01/2025,50,No,Yes
99427,13165,Soybean,25,28/12/2024,60,Yes,Yes
108425,13181,Beans,40,03/02/2025,30,No,Yes
100271,13209,Soybean,25,05/01/2025,60,Yes,Yes
92121,13210,Soybean,25,03/01/2025,60,Yes,Yes
92939,13216,Soybean,25,30/12/2024,60,Yes,Yes
103176,13224,Beans,40,07/02/2025,60,No,Yes
101285,13227,Soybean,50,25/11/2024,45,Yes,Yes
101513,13228,Soybean,25,12/12/2024,50,Yes,Yes
107841,13236,Beans,40,06/02/2025,10,No,Yes
107989,13238,Beans,20,10/02/2025,10,No,Yes
107840,13239,Beans,20,03/03/2025,10,No,Yes
104696,13259,Beans,20,07/02/2025,50,No,Yes
102276,13260,Beans,20,03/02/2025,10,No,Yes
102275,13299,Beans,20,04/02/2025,10,No,Yes
102587,13303,Beans,40,06/02/2025,40,No,Yes
101320,13312,Soybean,50,13/12/2024,45,Yes,Yes
101521,13316,Soybean,25,12/12/2024,45,Yes,Yes
108409,13362,Beans,40,05/02/2025,30,No,Yes
109556,13375,Beans,40,02/03/2025,50,No,Yes
110005,13443,Beans,20,06/02/2025,75,No,Yes
94500,18292,Soybean,25,05/01/2025,75,Yes,Yes
94502,18295,Soybean,25,04/01/2025,60,Yes,Yes
94504,18297,Soybean,25,05/01/2025,70,Yes,Yes
94508,18301,Soybean,25,04/01/2025,55,Yes,Yes
88936,18438,Soybean,75,13/12/2024,30,Yes,No
88932,18441,Soybean,25,12/11/2024,35,No,Yes
97489,18446,Soybean,25,04/01/2025,50,Yes,Yes
98740,18452,Soybean,25,12/12/2024,60,Yes,Yes
79392,18456,Soybean,25,09/12/2024,45,Yes,Yes
101993,18457,Beans,40,02/02/2025,10,No,Yes
101867,18458,Beans,60,28/01/2025,10,No,Yes
101995,18462,Beans,40,05/02/2025,10,No,Yes
94475,18474,Soybean,25,04/01/2025,15,Yes,Yes
94479,18478,Soybean,50,02/01/2025,15,Yes,Yes
94489,18479,Soybean,25,02/01/2025,15,Yes,Yes
94208,18487,Soybean,25,08/01/2025,45,Yes,Yes
101191,18502,Soybean,25,13/12/2024,60,Yes,Yes
83685,18514,Groundnuts,20,02/12/2024,30,Yes,Yes
103023,18524,Beans,20,05/02/2025,60,No,Yes
103034,18529,Beans,60,05/02/2025,60,No,Yes
92125,18539,Soybean,25,10/12/2024,50,Yes,Yes
91270,18543,Soybean,25,10/01/2025,50,Yes,Yes
97012,18552,Soybean,25,27/12/2024,50,Yes,Yes
91088,18555,Soybean,25,05/12/2024,45,Yes,Yes
80965,18564,Groundnuts,20,03/12/2024,45,No,Yes
95208,18572,Soybean,25,02/01/2025,65,Yes,Yes
78844,18580,Soybean,25,06/12/2024,50,Yes,Yes
80757,18583,Soybean,25,20/12/2024,45,Yes,Yes
81690,18585,Soybean,75,17/11/2024,50,Yes,Yes
79598,18595,Soybean,25,01/12/2024,50,Yes,Yes
102492,18604,Beans,40,05/02/2025,45,No,Yes
102240,18605,Beans,20,04/02/2025,45,No,Yes
102491,18606,Beans,20,09/02/2025,45,No,Yes
100628,18628,Soybean,25,14/12/2024,60,Yes,Yes
88533,18634,Soybean,25,23/12/2024,45,Yes,Yes
96588,18639,Soybean,25,15/01/2025,5,Yes,Yes
79352,18644,Soybean,2,19/11/2024,50,Yes,Yes
89407,18648,Soybean,2,11/12/2024,50,Yes,Yes
79354,18649,Soybean,2,20/12/2024,50,Yes,Yes
89392,18652,Soybean,1,21/12/2024,50,Yes,Yes
79355,18655,Soybean,2,05/12/2024,50,Yes,Yes
99415,18663,Soybean,25,04/01/2025,65,No,Yes
98276,18666,Soybean,25,01/01/2025,55,No,Yes
94305,13453,Soybean,25,06/01/2025,6,Yes,Yes
101280,13458,Soybean,50,14/12/2024,45,Yes,Yes
94494,13475,Soybean,25,20/12/2024,70,Yes,Yes
118960,13553,Beans,40,15/02/2025,60,No,Yes
90592,13639,Groundnuts,30,26/12/2024,75,No,Yes
89090,13651,Soybean,50,17/12/2024,15,Yes,Yes
84946,13678,Groundnuts,20,10/12/2024,50,No,Yes
89859,13705,Soybean,25,27/12/2024,45,Yes,Yes
81168,13731,Soybean,25,10/12/2024,45,Yes,Yes
89629,13738,Soybean,25,07/12/2024,45,Yes,Yes
108985,13828,Beans,40,14/02/2025,60,No,Yes
108292,13829,Beans,40,12/02/2025,60,No,Yes
104242,13904,Beans,20,06/02/2025,65,No,Yes
108708,13908,Beans,40,15/02/2025,55,No,Yes
87432,13921,Soybean,25,28/12/2024,60,No,No
109637,14010,Beans,20,07/02/2025,40,No,Yes
109642,14012,Beans,20,07/02/2025,40,No,Yes
105694,14019,Beans,40,08/02/2025,40,No,Yes
82419,14069,Soybean,50,15/12/2024,50,No,Yes
102046,14093,Beans,20,10/02/2025,75,No,Yes
102448,14098,Beans,20,05/02/2025,75,No,Yes
106272,14103,Beans,40,04/02/2025,8,No,Yes
106269,14106,Beans,40,06/02/2025,75,No,Yes
106265,14111,Beans,20,05/02/2025,75,No,Yes
80715,18671,Soybean,50,05/12/2024,50,No,Yes
82469,18674,Soybean,2,27/12/2024,50,Yes,Yes
83144,18675,Soybean,1,22/11/2024,50,Yes,Yes
78603,18677,Soybean,2,23/12/2024,50,Yes,Yes
82508,18688,Soybean,4,28/12/2024,50,Yes,Yes
82480,18696,Soybean,2,15/12/2024,50,Yes,Yes
82476,18698,Soybean,1,25/12/2024,50,Yes,Yes
82502,18700,Soybean,5,27/12/2024,50,Yes,Yes
81913,18701,Soybean,25,03/12/2024,50,Yes,Yes
78609,18711,Soybean,1,17/12/2024,50,Yes,Yes
82500,18717,Soybean,1,29/12/2024,50,Yes,Yes
82514,18721,Soybean,1,30/12/2024,50,Yes,Yes
87707,18722,Groundnuts,20,02/12/2024,30,Yes,Yes
87701,18723,Groundnuts,20,27/11/2024,30,Yes,Yes
87706,18728,Groundnuts,20,27/11/2024,30,Yes,Yes
83681,18733,Groundnuts,20,26/11/2024,30,Yes,Yes
97582,18744,Soybean,1,01/01/2025,10,Yes,Yes
98184,18749,Soybean,1,03/01/2025,10,No,Yes
98174,18752,Soybean,1,26/12/2024,10,No,Yes
80069,18768,Soybean,75,08/12/2024,50,No,Yes
83818,18772,Soybean,2,22/12/2024,50,Yes,Yes
106264,14115,Beans,40,05/02/2025,75,No,Yes
119616,14119,Beans,20,06/02/2025,75,No,Yes
106192,14126,Beans,40,06/02/2025,75,No,Yes
119615,14135,Beans,20,05/02/2025,75,No,Yes
106263,14137,Beans,40,06/02/2025,75,No,Yes
106262,14138,Beans,40,06/02/2025,75,No,Yes
102645,14147,Beans,60,05/02/2025,15,No,Yes
106201,14152,Beans,20,10/02/2025,75,No,Yes
105690,14163,Beans,40,05/02/2025,75,No,Yes
107836,14217,Beans,60,21/02/2025,60,No,Yes
109980,14239,Beans,20,15/02/2025,60,No,Yes
88594,14293,Groundnuts,20,02/01/2025,50,No,Yes
99863,14297,Groundnuts,40,18/01/2025,50,No,Yes
81490,18777,Soybean,1,21/12/2024,50,Yes,Yes
83806,18782,Soybean,2,19/12/2024,50,Yes,Yes
81052,18789,Soybean,1,20/12/2024,50,Yes,Yes
116399,18792,Beans,40,10/03/2025,50,No,Yes
115232,18797,Beans,20,26/02/2025,50,No,Yes
79963,18802,Soybean,25,27/11/2024,50,No,Yes
82817,18809,Soybean,400,09/12/2024,50,Yes,Yes
81042,18814,Soybean,2,20/12/2024,50,Yes,Yes
112160,18817,Beans,20,07/02/2025,50,No,No
99884,14298,Groundnuts,40,02/01/2025,50,No,Yes
100202,14304,Groundnuts,20,19/01/2025,50,No,Yes
108753,14321,Beans,40,18/02/2025,60,No,Yes
109406,14328,Beans,40,19/02/2025,60,No,Yes
109407,14329,Beans,40,19/02/2025,60,No,Yes
109185,14355,Beans,20,10/02/2025,13,No,No
109295,14368,Beans,20,04/02/2025,13,No,Yes
109271,14382,Beans,40,09/02/2025,12,No,No
108765,14392,Beans,40,05/02/2025,8,No,Yes
108830,14395,Beans,40,04/02/2025,13,No,No
114220,14401,Beans,28,08/02/2025,12,No,No
78794,18840,Soybean,25,12/11/2024,50,Yes,Yes
85311,18841,Soybean,50,03/01/2025,35,Yes,Yes
78150,18842,Soybean,25,30/11/2024,50,Yes,Yes
89724,18843,Soybean,75,01/11/2024,25,No,No
90232,18848,Soybean,50,16/12/2024,50,No,Yes
78441,18849,Soybean,25,26/11/2024,40,Yes,Yes
92376,18851,Soybean,25,12/12/2024,55,Yes,Yes
80125,18879,Soybean,1,18/12/2024,50,Yes,Yes
89405,18885,Soybean,2,04/12/2024,50,Yes,Yes
79846,18889,Soybean,6,23/12/2024,50,Yes,Yes
90189,18896,Soybean,75,08/12/2024,45,No,Yes
84082,18898,Soybean,75,20/12/2024,45,No,Yes
79015,18899,Soybean,25,01/12/2024,45,No,Yes
90188,18901,Soybean,50,30/11/2024,50,No,Yes
83177,18905,Soybean,75,21/12/2024,50,No,Yes
84242,18910,Soybean,25,28/11/2024,48,No,Yes
84340,18911,Soybean,15,20/12/2024,50,No,Yes
83960,18917,Soybean,75,22/12/2024,47,No,Yes
91618,18918,Soybean,25,28/12/2024,50,Yes,Yes
80133,18921,Soybean,2,27/11/2024,50,Yes,Yes
109439,14419,Beans,20,06/02/2025,75,No,Yes
90196,14433,Soybean,25,08/01/2025,65,Yes,Yes
100449,14457,Groundnuts,20,15/01/2025,70,No,Yes
101896,14516,Beans,40,01/02/2025,10,No,Yes
92033,14540,Soybean,25,13/12/2024,50,No,Yes
101464,14546,Groundnuts,20,04/01/2025,60,No,Yes
101388,14551,Groundnuts,20,10/01/2025,60,No,Yes
96830,14560,Soybean,25,07/01/2025,50,No,Yes
113182,14576,Beans,40,07/02/2025,60,No,Yes
113565,14600,Beans,40,05/02/2025,60,No,Yes
100273,14626,Soybean,25,09/01/2025,60,Yes,Yes
106273,14715,Beans,20,05/02/2025,75,No,Yes
92201,14771,Soybean,25,06/01/2025,20,Yes,Yes
99432,14933,Soybean,25,04/01/2025,45,Yes,Yes
107832,14981,Beans,20,18/02/2025,60,No,Yes
78639,15070,Soybean,175,02/12/2024,50,Yes,Yes
98796,15123,Soybean,50,11/12/2024,60,Yes,Yes
83295,15178,Groundnuts,20,25/11/2024,25,No,Yes
80137,18924,Soybean,1,21/11/2024,50,Yes,Yes
88007,18925,Soybean,25,18/12/2024,50,Yes,Yes
88002,18942,Soybean,100,13/12/2024,50,Yes,Yes
104883,18949,Beans,20,18/02/2025,10,No,Yes
104896,18951,Beans,20,24/02/2025,10,No,No
105170,18958,Beans,40,25/02/2025,10,No,Yes
118653,18959,Beans,20,19/02/2025,10,No,Yes
105182,18960,Beans,20,26/02/2025,10,No,Yes
105177,18963,Beans,20,24/02/2025,10,No,Yes
118652,18967,Beans,20,18/02/2025,10,No,Yes
104888,18968,Beans,20,25/02/2025,10,No,Yes
104886,18972,Beans,20,21/02/2025,10,No,Yes
116375,18997,Beans,20,22/02/2025,50,No,No
98287,15240,Soybean,25,20/12/2024,65,Yes,Yes
88783,15269,Groundnuts,20,04/12/2024,35,Yes,Yes
87494,15278,Groundnuts,20,19/11/2024,30,No,Yes
84239,15281,Soybean,50,01/12/2024,45,Yes,Yes
78089,15328,Groundnuts,20,20/11/2024,45,No,Yes
77835,15330,Groundnuts,20,17/11/2024,25,No,Yes
79171,15345,Groundnuts,20,17/11/2024,45,No,Yes
106502,18998,Beans,20,02/03/2025,50,No,Yes
116382,19000,Beans,20,23/02/2025,50,No,No
85266,19001,Soybean,50,12/10/2024,45,No,Yes
89866,19003,Soybean,50,15/12/2024,45,No,Yes
89872,19004,Soybean,50,09/12/2024,45,No,Yes
87396,19005,Soybean,50,02/01/2025,45,No,Yes
90645,19013,Soybean,50,08/01/2025,45,No,Yes
85272,19071,Soybean,50,25/11/2024,45,No,Yes
91283,19074,Soybean,25,03/01/2025,45,No,Yes
88057,19077,Soybean,50,05/01/2025,45,No,Yes
82320,19080,Groundnuts,20,28/12/2024,50,No,Yes
81832,15351,Groundnuts,40,01/12/2024,50,No,Yes
77830,15394,Groundnuts,20,20/11/2024,45,No,Yes
84144,15417,Soybean,25,01/12/2024,45,Yes,Yes
114822,15430,Beans,40,06/03/2025,50,Yes,No
112168,15436,Beans,20,08/03/2025,50,No,Yes
112528,15450,Beans,40,03/03/2025,90,No,Yes
105298,15472,Beans,20,18/02/2025,50,No,No
81908,15495,Beans,25,15/11/2024,50,Yes,Yes
87512,15505,Groundnuts,20,20/11/2024,30,No,Yes
87514,15510,Groundnuts,20,23/11/2024,30,No,Yes
87786,15520,Groundnuts,20,03/12/2024,45,No,Yes
82858,15522,Soybean,75,24/12/2024,50,Yes,Yes
98547,15527,Groundnuts,20,01/01/2025,45,Yes,Yes
80664,15529,Groundnuts,20,20/12/2024,45,Yes,Yes
93144,15535,Groundnuts,20,23/11/2024,45,No,Yes
78762,15537,Groundnuts,20,05/12/2024,45,No,Yes
79093,15538,Groundnuts,20,11/12/2024,45,No,Yes
85679,15552,Groundnuts,40,27/12/2024,50,Yes,Yes
85678,15553,Groundnuts,20,18/12/2024,50,Yes,Yes
87520,15557,Groundnuts,20,14/11/2024,30,No,Yes
92776,19083,Groundnuts,20,17/11/2024,35,Yes,Yes
92775,19089,Soybean,50,20/11/2024,45,Yes,Yes
99241,19090,Groundnuts,40,05/12/2024,20,No,Yes
99268,19095,Groundnuts,40,28/12/2024,20,No,Yes
91547,19113,Soybean,75,28/11/2024,45,Yes,Yes
88764,19129,Soybean,50,28/12/2024,45,Yes,Yes
88779,19130,Groundnuts,40,22/11/2024,35,Yes,Yes
88782,19130,Soybean,25,29/12/2024,45,Yes,Yes
91860,19133,Soybean,1,20/12/2024,30,Yes,Yes
91876,19139,Soybean,3,02/01/2025,30,Yes,Yes
78140,19142,Soybean,25,28/11/2024,50,Yes,Yes
99605,19147,Soybean,25,04/01/2025,20,Yes,Yes
99602,19151,Soybean,25,10/12/2024,20,Yes,Yes
98873,19154,Groundnuts,40,21/12/2024,20,No,Yes
98841,19154,Soybean,25,13/01/2025,20,Yes,Yes
98843,19155,Soybean,25,06/01/2025,20,Yes,Yes
85956,19165,Soybean,25,19/12/2024,45,Yes,Yes
78537,19169,Soybean,25,28/11/2024,50,Yes,Yes
87804,19176,Soybean,25,03/01/2025,50,No,Yes
93758,19179,Groundnuts,20,29/11/2024,45,Yes,Yes
84161,19190,Soybean,5,13/11/2024,50,Yes,Yes
84185,19193,Soybean,2,22/11/2024,50,Yes,Yes
94481,19199,Soybean,25,01/01/2025,15,Yes,Yes
94486,19207,Soybean,25,05/01/2025,15,Yes,Yes
82424,19208,Soybean,25,15/11/2024,45,Yes,Yes
78102,19209,Soybean,200,15/11/2024,45,Yes,Yes
80232,19238,Soybean,25,27/11/2024,50,Yes,Yes
95774,19241,Soybean,25,05/12/2024,50,Yes,Yes
80234,19243,Soybean,50,06/12/2024,6,Yes,Yes
95778,19246,Soybean,25,10/12/2024,50,Yes,Yes
94559,19253,Soybean,25,15/12/2024,50,Yes,Yes
99042,19263,Soybean,25,10/12/2024,45,Yes,Yes
98177,19264,Soybean,1,26/12/2024,10,No,Yes
94483,19267,Soybean,50,03/01/2025,15,Yes,Yes
94487,19269,Soybean,25,06/01/2025,15,Yes,Yes
80768,15566,Groundnuts,40,01/12/2024,35,No,Yes
80557,15569,Groundnuts,10,28/12/2024,10,Yes,Yes
80907,15614,Groundnuts,20,11/12/2024,45,Yes,Yes
81357,15620,Groundnuts,20,27/11/2024,45,No,Yes
87528,15632,Groundnuts,20,14/11/2024,30,No,Yes
112158,15639,Beans,60,17/02/2025,50,Yes,No
80556,15641,Groundnuts,20,06/12/2024,35,Yes,Yes
79457,15648,Groundnuts,20,16/11/2024,45,No,Yes
79461,15649,Groundnuts,20,17/11/2024,45,No,Yes
79463,15654,Groundnuts,20,16/11/2024,45,No,Yes
79468,15659,Groundnuts,20,17/11/2024,45,No,Yes
97237,15685,Soybean,25,15/01/2025,65,Yes,Yes
90185,15689,Groundnuts,20,19/12/2024,5,Yes,Yes
96277,15701,Soybean,50,09/01/2025,60,Yes,Yes
83772,15703,Groundnuts,20,15/11/2024,45,Yes,Yes
80560,15704,Groundnuts,10,20/12/2024,10,Yes,Yes
79470,15708,Groundnuts,20,17/11/2024,45,No,Yes
94746,15713,Groundnuts,20,19/12/2024,1,No,Yes
80561,15724,Groundnuts,20,17/12/2024,45,Yes,Yes
82770,15725,Groundnuts,20,03/01/2025,45,Yes,Yes
89698,19276,Soybean,25,14/12/2024,60,Yes,Yes
82859,19284,Soybean,50,18/12/2024,45,Yes,Yes
114977,19301,Beans,20,07/03/2025,50,Yes,No
116380,19303,Beans,20,25/02/2025,50,No,No
108202,19305,Beans,20,26/02/2025,50,No,No
116373,19307,Beans,40,18/02/2025,50,No,No
90867,19311,Groundnuts,20,22/12/2024,40,No,Yes
83403,15739,Groundnuts,20,21/11/2024,45,Yes,Yes
79475,15740,Groundnuts,20,17/11/2024,45,No,Yes
79029,15747,Groundnuts,20,03/12/2024,30,Yes,Yes
79030,15749,Groundnuts,20,04/12/2024,45,Yes,Yes
79041,15751,Groundnuts,20,29/12/2024,45,Yes,Yes
90341,15763,Groundnuts,20,17/11/2024,45,No,Yes
93315,19313,Groundnuts,20,20/12/2024,30,No,No
93334,19315,Groundnuts,20,30/11/2024,30,No,Yes
94832,19318,Groundnuts,100,22/12/2024,30,No,Yes
89304,19338,Soybean,25,07/01/2025,20,Yes,Yes
89606,19339,Soybean,25,03/01/2025,20,Yes,Yes
87674,19355,Soybean,25,01/01/2025,60,Yes,Yes
86834,19357,Soybean,25,06/01/2025,60,Yes,Yes
85582,19363,Soybean,25,10/01/2025,56,Yes,Yes
83779,19366,Soybean,25,19/12/2024,60,Yes,Yes
84681,19368,Soybean,25,06/01/2025,60,Yes,Yes
78814,19377,Soybean,15,02/12/2024,50,Yes,Yes
81600,19380,Soybean,50,10/12/2024,43,Yes,Yes
91214,15790,Groundnuts,20,27/11/2024,50,Yes,Yes
79807,15803,Groundnuts,20,20/11/2024,30,No,Yes
84323,15820,Groundnuts,20,30/11/2024,35,No,Yes
84324,15826,Groundnuts,20,02/11/2024,35,No,Yes
81856,15827,Groundnuts,20,22/12/2024,35,No,Yes
81987,15837,Groundnuts,20,25/11/2024,35,No,Yes
78679,15844,Groundnuts,20,29/11/2024,35,No,Yes
83064,15849,Groundnuts,20,27/12/2024,35,No,Yes
83009,19382,Soybean,250,02/12/2024,45,No,Yes
85580,19385,Groundnuts,20,04/01/2025,53,No,Yes
80580,19387,Soybean,25,13/12/2024,60,Yes,Yes
82688,19400,Soybean,75,20/12/2024,50,Yes,Yes
90838,19408,Soybean,25,04/01/2025,50,Yes,Yes
83001,19419,Soybean,50,01/01/2025,50,No,Yes
83099,19425,Soybean,200,10/12/2024,50,Yes,Yes
90837,19443,Soybean,50,01/01/2025,75,Yes,Yes
90696,19445,Soybean,50,01/01/2025,50,Yes,Yes
90697,19446,Soybean,25,09/01/2025,50,Yes,Yes
84716,19452,Soybean,2,31/12/2024,50,Yes,Yes
86515,19462,Soybean,1,02/01/2025,50,Yes,Yes
86260,19465,Soybean,3,27/12/2024,50,Yes,Yes
84734,19469,Soybean,1,22/12/2024,50,Yes,Yes
84726,19472,Soybean,1,30/12/2024,50,Yes,Yes
84728,19473,Soybean,1,31/12/2024,50,Yes,Yes
92249,19484,Soybean,25,07/01/2025,15,Yes,Yes
92269,19489,Soybean,50,03/01/2025,15,Yes,Yes
91999,19490,Soybean,50,25/12/2024,15,Yes,Yes
92137,19491,Soybean,25,22/12/2024,15,Yes,Yes
94311,15853,Soybean,25,08/01/2025,6,Yes,Yes
79098,15862,Groundnuts,20,10/12/2024,45,No,Yes
88476,15867,Groundnuts,20,19/11/2024,30,No,Yes
83374,15873,Groundnuts,20,13/11/2024,45,Yes,Yes
88726,15881,Groundnuts,20,03/12/2024,30,No,Yes
113276,15898,Beans,20,28/02/2025,60,Yes,Yes
119011,15906,Beans,20,26/02/2025,50,No,Yes
119035,15912,Beans,60,15/02/2025,60,No,Yes
82768,15926,Groundnuts,20,01/01/2025,45,Yes,Yes
122465,15929,Beans,20,27/02/2025,50,No,No
117380,15932,Beans,40,20/02/2025,75,No,Yes
122184,15935,Beans,20,15/02/2025,75,No,Yes
85455,15940,Groundnuts,20,02/01/2025,6,No,Yes
78704,15948,Soybean,25,13/12/2024,50,Yes,Yes
88479,15949,Groundnuts,20,06/12/2024,30,No,Yes
94155,15964,Soybean,25,28/12/2024,50,Yes,Yes
112167,15966,Beans,40,04/03/2025,50,No,No
78680,15984,Groundnuts,20,29/11/2024,35,No,Yes
81859,15986,Groundnuts,20,18/11/2024,35,No,Yes
79432,15992,Groundnuts,20,29/11/2024,35,No,Yes
81005,16006,Groundnuts,60,16/11/2024,25,Yes,Yes
94332,16019,Soybean,50,12/12/2024,45,No,Yes
77801,16072,Groundnuts,20,26/11/2024,45,No,Yes
118747,16074,Beans,80,08/03/2025,90,No,Yes
118743,16075,Beans,40,15/03/2025,50,No,Yes
78966,16078,Groundnuts,20,28/11/2024,35,No,Yes
79181,16079,Groundnuts,20,02/12/2024,35,No,Yes
79730,16083,Groundnuts,20,19/12/2024,35,Yes,Yes
77802,16095,Groundnuts,40,28/11/2024,45,No,Yes
105799,16102,Beans,24,29/01/2025,16,No,Yes
109561,16111,Beans,20,08/02/2025,15,No,Yes
87774,16127,Groundnuts,20,24/12/2024,5,Yes,Yes
81359,16128,Groundnuts,20,17/11/2024,45,No,Yes
93157,19495,Soybean,75,15/12/2024,15,Yes,Yes
89159,19499,Soybean,25,04/01/2025,50,Yes,Yes
92100,19502,Soybean,75,27/01/2025,50,Yes,Yes
85242,19503,Soybean,50,04/01/2025,45,Yes,Yes
93173,19507,Soybean,25,11/01/2025,15,Yes,Yes
92116,19510,Soybean,75,25/12/2024,15,Yes,Yes
78642,19514,Soybean,50,06/12/2024,50,Yes,Yes
84999,19535,Soybean,12,27/12/2024,50,No,Yes
84998,19540,Soybean,25,28/12/2024,50,No,Yes
98554,19544,Groundnuts,40,13/12/2024,10,No,Yes
100933,19547,Groundnuts,60,15/12/2024,20,Yes,Yes
92829,19562,Soybean,75,12/12/2024,15,Yes,Yes
89244,19566,Soybean,25,02/01/2025,50,Yes,Yes
92831,19579,Soybean,50,05/01/2025,15,Yes,Yes
92833,19580,Soybean,25,26/12/2024,15,Yes,Yes
92250,19585,Soybean,25,28/12/2024,20,Yes,Yes
92200,19587,Soybean,50,02/01/2025,20,Yes,Yes
94606,19588,Beans,100,15/01/2025,15,No,Yes
94609,19591,Beans,100,06/01/2025,15,No,Yes
92322,19600,Soybean,25,29/12/2024,20,Yes,Yes
95784,19613,Soybean,50,26/12/2024,30,Yes,Yes
86986,19618,Soybean,25,22/12/2024,30,Yes,Yes
81363,16135,Groundnuts,20,26/11/2024,45,No,Yes
85586,16139,Groundnuts,20,02/01/2025,3,No,Yes
90395,16142,Groundnuts,20,30/11/2024,3,No,Yes
86363,16144,Groundnuts,20,28/11/2024,6,No,Yes
86372,16146,Groundnuts,20,29/11/2024,3,No,Yes
86421,16148,Groundnuts,20,29/11/2024,5,No,Yes
79819,16161,Soybean,50,25/11/2024,45,Yes,Yes
77784,16163,Groundnuts,20,20/11/2024,25,No,Yes
109553,16165,Beans,40,02/03/2025,50,No,Yes
118651,16179,Beans,20,05/02/2025,10,No,Yes
104891,16187,Beans,20,12/02/2025,10,No,Yes
97008,16191,Soybean,25,18/01/2025,60,Yes,Yes
96342,16192,Soybean,25,18/01/2025,60,Yes,Yes
82771,16196,Groundnuts,20,01/01/2025,45,Yes,Yes
109745,16206,Beans,80,25/02/2025,60,Yes,Yes
96377,16209,Soybean,25,10/01/2025,50,Yes,Yes
87783,16215,Groundnuts,20,18/12/2024,45,No,Yes
81814,16219,Soybean,25,09/12/2024,50,No,Yes
92036,16220,Soybean,25,11/12/2024,45,No,Yes
91091,16221,Soybean,25,18/12/2024,50,No,Yes
86983,19620,Groundnuts,20,18/11/2024,45,Yes,Yes
81696,19621,Soybean,25,10/12/2024,48,Yes,Yes
89076,19624,Soybean,50,03/01/2025,50,Yes,Yes
90761,19626,Soybean,25,04/01/2025,50,Yes,Yes
100638,19633,Soybean,25,08/01/2025,20,Yes,Yes
82207,19653,Soybean,25,02/01/2025,45,Yes,Yes
84284,19658,Soybean,25,17/12/2024,50,Yes,Yes
91957,19663,Soybean,25,03/01/2025,50,Yes,Yes
92117,19664,Soybean,25,02/01/2025,45,Yes,Yes
91342,19669,Soybean,25,06/01/2025,20,No,Yes
93368,19670,Soybean,150,09/01/2025,20,Yes,Yes
93399,19675,Soybean,25,06/01/2025,20,Yes,Yes
93466,19679,Soybean,25,15/01/2025,20,Yes,Yes
93375,19680,Soybean,25,08/01/2025,20,No,Yes
92220,19687,Soybean,25,04/01/2025,45,Yes,Yes
84147,19690,Soybean,25,31/12/2024,45,Yes,Yes
84375,19693,Soybean,25,04/01/2025,45,Yes,Yes
81469,19695,Soybean,25,27/12/2024,50,Yes,Yes
85991,19699,Soybean,25,06/01/2025,50,Yes,Yes
78928,19700,Soybean,25,13/12/2024,50,Yes,Yes
83703,19701,Soybean,50,01/01/2025,50,Yes,Yes
90695,16225,Soybean,25,02/01/2025,50,No,Yes
90674,16229,Groundnuts,20,02/12/2024,2,No,Yes
89346,16232,Soybean,25,02/01/2025,53,Yes,Yes
98468,16235,Soybean,25,01/01/2025,60,Yes,Yes
85166,16238,Groundnuts,20,20/12/2024,45,No,Yes
86058,16263,Soybean,25,02/01/2025,50,Yes,Yes
81025,16286,Soybean,25,21/12/2024,55,Yes,Yes
119037,16372,Beans,20,15/02/2025,60,No,Yes
109213,16389,Beans,20,07/02/2025,50,Yes,Yes
78420,16390,Soybean,50,12/12/2024,60,Yes,Yes
90693,16392,Soybean,25,07/01/2025,45,No,Yes
92031,16393,Soybean,25,02/01/2025,45,No,Yes
89469,16399,Soybean,25,21/12/2024,50,Yes,Yes
86729,16408,Soybean,25,26/12/2024,55,Yes,Yes
90109,16410,Soybean,25,03/01/2025,50,Yes,Yes
118165,16420,Beans,60,06/03/2025,50,No,Yes
118164,16421,Beans,40,06/03/2025,50,No,Yes
89480,16423,Groundnuts,20,15/11/2024,30,No,Yes
82739,16430,Groundnuts,20,29/11/2024,3,No,Yes
90374,16432,Groundnuts,20,02/01/2025,5,Yes,Yes
88073,19704,Soybean,10,31/12/2024,50,Yes,Yes
85987,19708,Soybean,25,29/12/2024,50,Yes,Yes
95189,19720,Soybean,25,12/11/2024,65,Yes,Yes
77849,19722,Soybean,25,28/11/2024,5,Yes,Yes
78641,19724,Soybean,25,08/12/2024,50,Yes,Yes
85803,19728,Soybean,25,06/01/2025,50,Yes,Yes
84948,19740,Soybean,25,07/01/2025,50,Yes,Yes
80111,19755,Soybean,3,11/11/2024,50,Yes,Yes
78806,19759,Soybean,50,22/11/2024,50,Yes,Yes
80531,19770,Soybean,15,20/12/2024,50,Yes,Yes
79748,19775,Groundnuts,20,13/11/2024,50,Yes,Yes
79747,19778,Groundnuts,20,17/11/2024,50,Yes,Yes
81176,19791,Soybean,50,27/12/2024,45,Yes,Yes
94212,19792,Soybean,50,05/01/2025,45,Yes,Yes
91230,19794,Soybean,25,30/12/2024,45,Yes,Yes
79307,19796,Groundnuts,20,14/11/2024,50,Yes,Yes
79308,19797,Groundnuts,20,14/11/2024,50,Yes,Yes
86968,16451,Groundnuts,20,01/01/2025,4,No,Yes
91179,16459,Groundnuts,20,13/12/2024,40,No,Yes
93935,16461,Groundnuts,20,16/12/2024,40,No,Yes
93189,16462,Soybean,25,02/01/2025,60,Yes,Yes
87734,16479,Groundnuts,20,29/12/2024,30,No,Yes
79617,16480,Groundnuts,20,02/12/2024,45,No,Yes
79499,16486,Groundnuts,20,20/11/2024,25,No,Yes
77958,19801,Groundnuts,40,10/11/2024,50,Yes,Yes
81569,19807,Soybean,50,29/12/2024,45,Yes,Yes
81178,19808,Soybean,25,16/12/2024,45,Yes,Yes
87209,19821,Soybean,50,02/12/2024,50,Yes,Yes
86140,19830,Soybean,20,27/12/2024,50,Yes,Yes
83354,19832,Soybean,1,27/12/2024,50,Yes,Yes
83348,19833,Soybean,1,24/12/2024,50,Yes,Yes
83342,19836,Soybean,1,27/12/2024,50,Yes,Yes
83782,19841,Soybean,2,25/12/2024,50,Yes,Yes
83790,19844,Soybean,1,31/12/2024,50,Yes,Yes
80635,19852,Soybean,25,10/12/2024,50,Yes,Yes
78151,19857,Soybean,50,27/11/2024,5,Yes,Yes
87204,19858,Soybean,25,08/12/2024,50,Yes,Yes
82743,19867,Soybean,75,01/12/2024,50,Yes,Yes
83375,19868,Soybean,100,26/12/2024,45,No,Yes
87207,19869,Soybean,50,01/12/2024,50,Yes,Yes
83694,19872,Soybean,50,27/12/2024,45,No,Yes
84337,19874,Soybean,20,12/11/2024,50,Yes,Yes
83066,19876,Soybean,75,27/12/2024,45,No,Yes
85025,19887,Soybean,25,03/01/2025,50,Yes,Yes
85027,19892,Soybean,25,03/01/2025,50,Yes,Yes
96579,16491,Soybean,25,17/12/2024,50,No,Yes
94871,16504,Soybean,50,08/01/2025,12,Yes,Yes
95578,16509,Soybean,25,09/01/2025,60,Yes,Yes
87827,16540,Groundnuts,20,02/01/2025,45,No,Yes
96144,16546,Groundnuts,20,17/11/2024,45,No,Yes
85738,16551,Soybean,50,01/01/2025,35,Yes,Yes
85852,16552,Soybean,50,03/01/2025,45,Yes,Yes
79812,16554,Soybean,25,06/12/2024,45,Yes,Yes
96608,16555,Groundnuts,20,22/11/2024,45,No,Yes
78529,16567,Soybean,25,05/11/2024,45,Yes,Yes
115922,16578,Beans,20,23/02/2025,50,Yes,Yes
105292,16579,Beans,20,10/02/2025,50,Yes,Yes
105291,16580,Beans,20,20/02/2025,50,Yes,Yes
109028,16582,Beans,20,26/02/2025,50,Yes,Yes
104479,16583,Beans,20,05/02/2025,50,Yes,Yes
89486,16603,Groundnuts,20,05/12/2024,30,No,Yes
89477,16616,Groundnuts,20,15/11/2024,35,No,Yes
119453,16617,Beans,80,06/03/2025,90,No,Yes
82227,16621,Groundnuts,20,26/12/2024,45,Yes,Yes
81950,16624,Soybean,20,13/12/2024,45,Yes,Yes
82073,16625,Groundnuts,20,18/12/2024,45,Yes,Yes
96283,16626,Groundnuts,20,17/11/2024,45,No,Yes
96146,16627,Groundnuts,20,15/11/2024,50,No,Yes
97701,16634,Soybean,25,08/01/2025,50,Yes,Yes
84110,19898,Soybean,25,10/12/2024,35,Yes,Yes
85704,19904,Soybean,25,03/01/2025,50,Yes,Yes
80052,19905,Soybean,25,10/12/2024,30,Yes,Yes
81133,19909,Soybean,50,02/01/2025,45,Yes,Yes
82898,19914,Soybean,50,10/12/2024,45,Yes,Yes
79540,19933,Soybean,25,01/12/2024,45,Yes,Yes
84255,19938,Soybean,50,12/12/2024,45,Yes,Yes
81134,19940,Soybean,50,01/01/2025,45,Yes,Yes
109431,16637,Beans,20,24/02/2025,50,No,Yes
118794,16651,Beans,40,25/02/2025,50,No,Yes
90033,16663,Groundnuts,20,10/12/2024,50,Yes,Yes
93702,16681,Groundnuts,20,04/12/2024,30,Yes,Yes
90184,16688,Groundnuts,20,19/12/2024,30,Yes,Yes
90183,16690,Groundnuts,20,11/12/2024,30,No,Yes
107961,16693,Beans,20,10/02/2025,15,No,Yes
103017,16694,Beans,20,04/02/2025,60,No,Yes
102142,16700,Soybean,25,09/01/2025,50,No,Yes
97779,16702,Soybean,25,08/01/2025,50,No,Yes
99512,16706,Soybean,25,29/12/2024,50,No,Yes
96147,16716,Groundnuts,20,15/11/2024,45,No,Yes
90397,16737,Groundnuts,20,01/01/2025,6,No,Yes
90398,16742,Groundnuts,20,01/01/2025,6,No,Yes
81697,16744,Soybean,25,10/12/2024,50,Yes,Yes
98701,16751,Groundnuts,20,26/11/2024,50,No,Yes
90060,16754,Groundnuts,20,20/12/2024,60,Yes,Yes
99005,16757,Soybean,25,13/12/2024,60,Yes,Yes
92605,16762,Soybean,25,14/01/2025,55,Yes,Yes
85064,16767,Soybean,25,14/12/2024,55,Yes,Yes
85033,16770,Soybean,25,14/12/2024,50,Yes,Yes
85651,19941,Soybean,25,03/01/2025,35,Yes,Yes
79700,19943,Soybean,25,11/12/2024,30,Yes,Yes
85652,19944,Soybean,25,10/12/2024,35,Yes,Yes
86384,19947,Soybean,25,10/12/2024,50,Yes,Yes
81284,19953,Soybean,25,10/12/2024,35,Yes,Yes
86385,19954,Soybean,25,04/01/2025,45,Yes,Yes
87177,19957,Soybean,25,03/01/2025,35,Yes,Yes
87185,19958,Soybean,25,08/01/2025,45,Yes,Yes
87618,19965,Soybean,25,04/01/2025,35,Yes,Yes
87619,19966,Soybean,25,03/01/2025,45,Yes,Yes
84045,19982,Soybean,50,01/01/2025,50,Yes,Yes
84039,19985,Soybean,75,01/01/2025,50,Yes,Yes
84051,19989,Groundnuts,20,01/01/2025,50,No,Yes
84055,19992,Soybean,25,28/12/2024,50,Yes,Yes
86323,19995,Soybean,25,27/12/2024,50,No,Yes
87863,20005,Soybean,75,27/11/2024,47,Yes,Yes
84180,20010,Soybean,1,19/12/2024,50,Yes,Yes
83131,20013,Soybean,1,28/11/2024,50,Yes,Yes
87232,16772,Soybean,25,03/01/2025,65,Yes,Yes
92604,16774,Soybean,25,06/01/2025,60,Yes,Yes
85314,16777,Soybean,25,12/12/2024,65,Yes,Yes
93391,16780,Soybean,25,01/12/2024,45,Yes,Yes
90399,16783,Groundnuts,20,01/01/2025,3,No,Yes
96019,16804,Groundnuts,20,14/11/2024,45,No,Yes
96679,16812,Soybean,25,13/12/2024,50,Yes,Yes
99625,16813,Soybean,25,20/11/2024,50,Yes,Yes
95234,16814,Soybean,25,10/01/2025,50,Yes,Yes
87471,16818,Soybean,25,08/12/2024,50,Yes,Yes
95009,16824,Soybean,25,19/12/2024,50,Yes,Yes
95751,20018,Soybean,25,11/12/2024,50,Yes,Yes
84724,20020,Soybean,1,31/12/2024,50,Yes,Yes
84712,20024,Soybean,2,18/12/2024,50,Yes,Yes
95755,20026,Soybean,25,12/12/2024,50,Yes,Yes
95775,20028,Soybean,25,16/12/2024,50,Yes,Yes
95776,20029,Soybean,25,10/12/2024,50,Yes,Yes
98786,20033,Soybean,25,13/01/2025,55,No,Yes
82843,20036,Soybean,1,19/12/2024,50,Yes,Yes
81202,16829,Soybean,25,12/12/2024,65,Yes,Yes
91610,16833,Soybean,25,08/11/2024,65,Yes,Yes
96756,16836,Groundnuts,20,15/11/2024,45,No,Yes
99035,16843,Groundnuts,20,18/11/2024,45,No,Yes
98700,16850,Groundnuts,20,18/11/2024,45,No,Yes
95175,16856,Groundnuts,20,11/12/2024,35,Yes,Yes
92233,16865,Soybean,25,28/12/2024,60,Yes,Yes
89645,16871,Soybean,25,16/12/2024,70,Yes,Yes
91209,16873,Soybean,25,24/12/2024,70,Yes,Yes
94031,16874,Soybean,25,09/12/2024,45,No,Yes
91219,16884,Soybean,25,11/12/2024,60,Yes,Yes
85385,20062,Soybean,25,04/01/2025,45,No,Yes
85383,20063,Soybean,50,10/12/2024,45,No,Yes
85366,20068,Soybean,50,15/12/2024,45,No,Yes
84043,20073,Soybean,50,01/01/2025,50,Yes,Yes
88270,20074,Soybean,50,05/01/2025,45,No,Yes
88278,20075,Soybean,25,03/01/2025,45,No,Yes
89674,20078,Soybean,50,05/01/2025,45,No,Yes
84048,20079,Soybean,200,01/01/2025,50,Yes,Yes
84059,20082,Soybean,25,28/12/2024,50,Yes,Yes
84060,20089,Soybean,200,01/01/2025,50,Yes,Yes
89519,20097,Soybean,25,03/01/2025,50,Yes,Yes
95762,20115,Soybean,25,12/12/2024,50,Yes,Yes
95764,20117,Soybean,25,10/11/2024,50,Yes,Yes
78811,20130,Soybean,25,24/12/2024,45,No,Yes
86961,20138,Soybean,50,03/01/2025,45,No,No
85608,20142,Soybean,6,27/12/2024,50,Yes,Yes
90641,20148,Soybean,50,02/01/2025,45,No,Yes
90635,20149,Soybean,25,09/12/2024,45,No,Yes
98771,16886,Soybean,25,16/12/2024,70,Yes,Yes
92712,16887,Soybean,25,10/12/2024,652,Yes,Yes
92630,16889,Soybean,25,03/01/2025,60,Yes,Yes
94077,16894,Soybean,25,08/01/2025,55,Yes,Yes
97773,16904,Soybean,50,18/12/2024,45,Yes,Yes
99229,16905,Soybean,25,18/12/2024,50,Yes,Yes
81207,16917,Groundnuts,20,16/11/2024,45,No,No
92240,16920,Soybean,25,01/01/2025,60,No,Yes
92210,16925,Soybean,25,11/12/2024,55,No,Yes
101442,16926,Soybean,25,08/01/2025,59,Yes,Yes
79327,20156,Soybean,25,17/12/2024,50,Yes,Yes
79048,20157,Soybean,15,10/12/2024,50,Yes,Yes
77932,20166,Soybean,50,10/12/2024,50,Yes,Yes
90350,20169,Soybean,50,03/01/2025,50,Yes,Yes
78545,20170,Soybean,25,03/12/2024,5,Yes,Yes
79937,20173,Soybean,25,26/11/2024,50,Yes,Yes
90795,20186,Soybean,50,04/01/2025,45,No,Yes
89682,20189,Soybean,50,03/01/2025,45,No,Yes
87294,20190,Soybean,25,05/01/2025,45,No,Yes
101440,16928,Soybean,25,06/01/2025,54,Yes,Yes
92165,16929,Soybean,25,13/12/2024,65,No,Yes
109563,16938,Beans,60,11/02/2025,15,No,Yes
90753,16955,Soybean,25,02/12/2024,90,Yes,Yes
89897,16967,Soybean,25,10/12/2024,70,Yes,Yes
90565,16968,Soybean,25,03/12/2024,90,Yes,Yes
90779,16969,Soybean,25,13/12/2024,60,Yes,Yes
89757,16974,Soybean,50,10/12/2024,55,Yes,Yes
90627,16975,Soybean,25,15/12/2024,90,Yes,Yes
89642,16976,Soybean,25,09/12/2024,70,Yes,Yes
100138,16977,Soybean,25,10/12/2024,70,Yes,Yes
89954,16982,Soybean,25,10/12/2024,45,Yes,Yes
83500,16985,Soybean,25,11/12/2024,45,Yes,Yes
83495,16986,Soybean,25,10/12/2024,45,Yes,Yes
100142,16992,Soybean,50,11/12/2024,85,Yes,Yes
93082,17008,Soybean,25,09/12/2024,55,Yes,Yes
89247,17010,Soybean,25,13/12/2024,60,Yes,Yes
89325,17011,Soybean,25,10/12/2024,70,Yes,Yes
92068,17016,Soybean,25,17/12/2024,75,Yes,Yes
81309,17032,Soybean,50,30/11/2024,60,Yes,Yes
95767,20194,Soybean,25,13/11/2024,50,Yes,Yes
84372,20197,Soybean,25,29/12/2024,50,Yes,Yes
77839,20201,Soybean,25,15/11/2024,5,Yes,Yes
91010,20202,Soybean,25,01/01/2025,50,Yes,Yes
82833,20204,Soybean,50,03/01/2025,50,Yes,Yes
90240,20205,Soybean,50,01/01/2025,50,Yes,Yes
82741,20213,Soybean,25,14/12/2024,50,Yes,Yes
85714,20214,Soybean,50,26/12/2024,50,Yes,Yes
87628,20230,Soybean,25,07/01/2025,50,Yes,Yes
89181,20233,Soybean,50,01/01/2025,45,Yes,Yes
90035,20234,Soybean,50,04/01/2025,50,Yes,Yes
89166,20238,Soybean,25,05/01/2025,50,Yes,Yes
83197,20247,Soybean,50,04/01/2025,50,Yes,Yes
89049,20248,Soybean,50,01/01/2025,50,Yes,Yes
92104,20249,Soybean,25,14/12/2024,5,Yes,Yes
91168,20267,Soybean,50,03/01/2025,50,Yes,Yes
90202,20271,Soybean,25,03/01/2025,50,Yes,Yes
89180,20275,Soybean,25,03/01/2025,50,Yes,Yes
78775,20279,Groundnuts,20,04/12/2024,1,No,Yes
77844,20286,Soybean,50,09/12/2024,5,Yes,Yes
89191,17045,Soybean,25,07/01/2025,60,Yes,Yes
81457,17111,Groundnuts,20,30/11/2024,30,Yes,Yes
79866,17124,Groundnuts,20,19/12/2024,30,No,Yes
79885,17126,Groundnuts,20,20/12/2024,30,No,Yes
82448,17137,Groundnuts,20,20/12/2024,30,No,Yes
79776,17140,Groundnuts,20,29/11/2024,30,No,Yes
81354,17149,Soybean,50,14/12/2024,45,Yes,Yes
78209,17153,Soybean,25,10/12/2024,50,Yes,Yes
79002,17155,Groundnuts,20,01/12/2024,30,No,Yes
80609,20288,Soybean,25,13/12/2024,50,Yes,Yes
77838,20294,Soybean,50,08/12/2024,5,Yes,Yes
77843,20295,Soybean,50,11/12/2024,5,No,Yes
83637,20296,Soybean,50,02/01/2025,50,Yes,Yes
80808,20303,Soybean,25,15/12/2024,45,No,Yes
78753,20304,Soybean,50,14/12/2024,5,Yes,Yes
82317,20307,Groundnuts,40,03/12/2024,50,No,Yes
86210,20311,Soybean,25,24/12/2024,50,Yes,Yes
80744,20314,Groundnuts,40,20/12/2024,50,Yes,Yes
87146,20316,Soybean,25,28/12/2024,45,No,Yes
87848,20321,Soybean,50,26/12/2024,45,Yes,Yes
81875,20330,Soybean,25,13/12/2024,40,Yes,Yes
93798,20340,Soybean,50,18/12/2024,45,Yes,Yes
87841,20343,Groundnuts,20,22/12/2024,65,Yes,Yes
87845,20343,Soybean,25,26/12/2024,45,Yes,Yes
93789,20347,Groundnuts,20,28/12/2024,65,Yes,Yes
81562,20361,Soybean,25,10/12/2024,50,No,Yes
79981,20362,Soybean,50,17/12/2024,50,No,Yes
81781,20364,Soybean,25,28/11/2024,50,No,Yes
79984,20365,Soybean,50,14/12/2024,50,No,Yes
80073,20366,Soybean,25,15/12/2024,50,No,Yes
80797,20369,Soybean,50,07/12/2024,50,No,Yes
78594,20375,Soybean,25,10/12/2024,50,Yes,Yes
78136,20379,Soybean,25,07/12/2024,50,Yes,Yes
89594,20391,Soybean,25,16/12/2024,45,Yes,Yes
88855,20393,Soybean,25,03/01/2025,45,Yes,Yes
91602,20396,Soybean,50,31/01/2025,16,No,Yes
88847,20398,Soybean,50,01/01/2025,45,Yes,Yes
90619,20401,Soybean,25,01/01/2025,45,No,Yes
90618,20403,Soybean,50,17/12/2024,45,No,Yes
88848,20405,Soybean,25,30/12/2024,45,Yes,Yes
79886,17164,Groundnuts,20,20/12/2024,30,No,Yes
79887,17165,Groundnuts,20,26/12/2024,30,No,Yes
96652,17166,Maize,10,12/12/2024,75,No,Yes
95585,17171,Soybean,25,06/01/2025,45,Yes,Yes
79893,17188,Groundnuts,20,25/12/2024,30,No,Yes
79907,17222,Groundnuts,20,15/12/2024,30,No,Yes
79908,17223,Groundnuts,20,15/12/2024,30,No,Yes
99621,17245,Soybean,25,18/11/2024,50,Yes,Yes
92164,17246,Soybean,25,11/12/2024,55,No,Yes
91863,17275,Soybean,1,01/01/2025,30,Yes,Yes
93516,10000,Soybean,50,02/01/2025,50,Yes,Yes
96889,10001,Soybean,50,03/01/2025,50,Yes,Yes
111047,10053,Beans,40,01/02/2025,10,No,Yes
102178,10054,Beans,20,01/02/2025,10,No,Yes
101713,10057,Beans,40,10/02/2025,15,No,Yes
107437,10064,Beans,20,01/02/2025,10,Yes,Yes
101791,10067,Beans,60,03/02/2025,15,No,Yes
102547,10071,Beans,20,04/02/2025,15,No,Yes
101954,10073,Beans,60,07/02/2025,15,No,Yes
82195,10081,Groundnuts,20,28/11/2024,45,Yes,Yes
101647,10091,Beans,20,07/02/2025,70,No,Yes
103593,10097,Beans,20,07/02/2025,65,No,Yes
103471,10102,Beans,20,01/02/2025,60,No,Yes
103289,10113,Beans,40,11/02/2025,85,No,Yes
110006,10161,Beans,20,03/02/2025,75,No,Yes
103612,10168,Beans,40,02/02/2025,60,No,Yes
103454,10239,Beans,40,05/03/2025,60,No,Yes
103465,10241,Beans,80,05/03/2025,60,No,Yes
95032,10245,Soybean,50,12/01/2025,5,Yes,Yes
98482,10248,Soybean,25,12/01/2025,50,Yes,Yes
97397,10255,Soybean,50,24/12/2024,50,Yes,Yes
102450,10268,Soybean,50,05/01/2025,55,Yes,Yes
97694,10269,Soybean,50,12/12/2024,55,Yes,Yes
106840,10275,Beans,120,05/02/2025,45,No,Yes
100890,10286,Soybean,25,29/11/2024,50,Yes,Yes
97389,10288,Soybean,25,11/01/2025,45,No,Yes
102790,10322,Beans,80,03/02/2025,60,No,Yes
103757,10336,Beans,80,10/02/2025,50,No,Yes
103888,10337,Beans,60,02/02/2025,60,No,Yes
104049,10347,Beans,40,03/02/2025,50,Yes,Yes
102713,10361,Beans,20,12/02/2025,45,No,Yes
84595,10366,Soybean,2,27/11/2024,50,Yes,Yes
97762,10374,Soybean,25,04/01/2025,50,Yes,Yes
89557,10375,Soybean,4,19/12/2024,50,Yes,Yes
105943,10377,Beans,20,02/02/2025,50,No,Yes
104157,10392,Beans,20,02/02/2025,50,No,Yes
105944,10393,Beans,20,02/02/2025,50,No,Yes
103812,10395,Beans,20,07/02/2025,60,No,Yes
103263,10401,Beans,20,27/01/2025,50,No,Yes
103758,10402,Beans,40,10/02/2025,60,No,Yes
103261,10426,Beans,20,03/02/2025,50,No,Yes
85293,10438,Groundnuts,20,28/12/2024,30,No,Yes
91509,10439,Groundnuts,20,24/12/2024,30,No,Yes
89603,10440,Groundnuts,20,22/12/2024,30,No,Yes
103412,10443,Beans,60,28/01/2025,50,No,Yes
103803,10453,Beans,20,07/02/2025,60,No,Yes
84007,10456,Groundnuts,20,18/12/2024,35,No,Yes
98148,10458,Soybean,75,01/01/2025,60,Yes,Yes
97866,10461,Soybean,25,01/01/2025,65,Yes,Yes
97063,10472,Soybean,25,16/12/2024,45,Yes,Yes
82201,10491,Soybean,50,02/01/2025,60,Yes,Yes
93527,10495,Soybean,25,02/01/2025,50,Yes,Yes
96381,10498,Soybean,50,13/01/2025,50,Yes,Yes
93301,10522,Soybean,50,27/12/2024,45,Yes,Yes
91807,10525,Soybean,50,03/01/2025,45,Yes,Yes
96226,10579,Soybean,50,02/01/2025,75,Yes,Yes
101719,10587,Beans,60,01/02/2025,15,No,Yes
101750,10590,Beans,40,05/02/2025,2,Yes,Yes
95804,10594,Soybean,50,09/12/2024,90,Yes,Yes
93610,10596,Soybean,25,19/11/2024,15,Yes,Yes
107630,10604,Beans,20,10/02/2025,15,No,Yes
104829,10605,Beans,40,17/03/2025,15,No,Yes
109572,10610,Beans,60,10/02/2025,15,No,Yes
109570,10633,Beans,40,12/02/2025,15,No,Yes
100124,10647,Groundnuts,20,06/01/2025,50,No,Yes
97182,10685,Soybean,50,05/12/2024,45,Yes,Yes
98764,10693,Soybean,50,26/12/2024,55,Yes,Yes
97132,10694,Soybean,25,10/01/2025,45,Yes,Yes
101710,10701,Beans,80,12/02/2025,12,Yes,Yes
102302,10708,Beans,20,10/02/2025,10,Yes,Yes
107135,10709,Beans,40,11/02/2025,12,Yes,Yes
82164,10713,Groundnuts,20,02/12/2024,30,No,Yes
101711,10716,Beans,40,10/02/2025,14,Yes,Yes
80910,10773,Soybean,75,19/12/2024,50,No,Yes
80636,10774,Soybean,25,14/12/2024,50,No,Yes
84327,10800,Groundnuts,20,26/12/2024,35,No,Yes
89494,10804,Groundnuts,20,14/11/2024,35,No,Yes
104144,10810,Beans,20,05/02/2025,10,No,Yes
104143,10811,Beans,20,01/02/2025,10,No,Yes
102093,10828,Beans,20,07/02/2025,12,No,Yes
102370,10829,Beans,40,02/02/2025,10,No,Yes
104147,10865,Beans,20,03/02/2025,10,No,Yes
86530,10920,Soybean,50,16/12/2024,45,Yes,Yes
90259,10950,Groundnuts,40,18/11/2024,50,No,Yes
107624,10986,Beans,20,10/02/2025,12,No,Yes
104026,11019,Beans,20,12/02/2025,50,Yes,Yes
104900,11022,Beans,20,10/02/2025,30,No,Yes
104925,11035,Beans,40,14/02/2025,30,No,Yes
104923,11040,Beans,20,12/02/2025,30,No,Yes
89901,11048,Groundnuts,20,27/12/2024,75,No,Yes
94174,11050,Groundnuts,20,06/01/2025,60,No,Yes
89906,11055,Groundnuts,20,25/12/2024,75,No,Yes
104921,11059,Beans,20,09/02/2025,30,No,Yes
104903,11060,Beans,20,10/02/2025,30,No,Yes
103982,11079,Beans,40,08/02/2025,50,Yes,Yes
103981,11095,Beans,40,06/02/2025,50,Yes,Yes
104940,11099,Beans,20,09/02/2025,30,No,Yes
104010,11112,Beans,20,03/02/2025,50,Yes,Yes
104476,11115,Beans,20,16/02/2025,30,No,Yes
104481,11122,Beans,40,11/02/2025,30,No,Yes
104852,11123,Beans,20,12/02/2025,30,No,Yes
104872,11124,Beans,40,10/02/2025,30,No,Yes
104322,11132,Beans,20,29/01/2025,10,Yes,Yes
102157,11147,Beans,20,02/02/2025,60,No,Yes
101979,11151,Beans,20,03/02/2025,60,No,Yes
114739,11187,Beans,20,02/02/2025,10,Yes,Yes
102966,11204,Beans,20,04/02/2025,45,No,Yes
104241,11208,Beans,20,01/02/2025,50,No,Yes
102950,11217,Beans,20,05/02/2025,50,No,Yes
104707,11219,Beans,20,09/02/2025,50,No,Yes
102185,11229,Beans,20,02/02/2025,50,No,Yes
94006,11253,Groundnuts,20,04/12/2024,50,No,Yes
104197,11276,Beans,20,02/02/2025,45,No,Yes
105133,11290,Beans,20,06/03/2025,50,No,Yes
104285,11291,Beans,20,03/02/2025,50,No,Yes
102259,11294,Beans,20,02/02/2025,60,No,Yes
93132,11320,Soybean,50,02/01/2025,50,Yes,Yes
103238,11347,Beans,40,02/02/2025,10,No,Yes
101909,11353,Beans,40,03/02/2025,9,Yes,Yes
101976,11356,Beans,40,03/02/2025,50,No,Yes
101977,11361,Beans,20,03/02/2025,60,No,Yes
111040,11366,Beans,20,01/02/2025,10,No,Yes
111042,11368,Beans,40,01/02/2025,10,No,Yes
114670,11378,Beans,20,01/02/2025,10,Yes,Yes
103813,11383,Beans,20,01/02/2025,10,No,Yes
104708,11407,Beans,20,02/02/2025,50,No,Yes
102948,11408,Beans,40,02/02/2025,50,No,Yes
104706,11430,Beans,40,04/02/2025,50,No,Yes
102467,11432,Beans,80,08/02/2025,10,No,Yes
109529,11459,Beans,60,02/03/2025,50,No,Yes
109541,11460,Beans,40,02/03/2025,50,No,Yes
102721,11464,Beans,40,05/02/2025,10,No,Yes
103391,11466,Beans,20,01/02/2025,72,No,No
106341,11468,Beans,20,02/03/2025,50,No,Yes
108389,11474,Beans,40,08/02/2025,30,No,Yes
108386,11481,Beans,40,05/02/2025,10,No,Yes
106486,11483,Beans,20,01/02/2025,45,No,Yes
108405,11484,Beans,40,12/02/2025,15,No,Yes
108407,11494,Beans,40,10/02/2025,30,No,Yes
108115,11501,Beans,20,31/01/2025,50,No,Yes
107715,11502,Beans,20,01/02/2025,50,No,Yes
108104,11503,Beans,20,01/02/2025,60,No,Yes
115242,11510,Beans,40,04/02/2025,50,No,Yes
115509,11511,Beans,20,30/01/2025,50,No,Yes
84446,11516,Soybean,50,02/12/2024,50,No,Yes
115503,11521,Beans,40,02/02/2025,50,No,Yes
115501,11525,Beans,40,04/02/2025,50,No,Yes
106327,11526,Beans,40,02/03/2025,50,No,Yes
108394,11531,Beans,40,06/02/2025,25,No,Yes
109551,11534,Beans,40,02/03/2025,50,No,Yes
101760,11536,Beans,60,08/02/2025,15,No,Yes
108397,11540,Beans,40,10/02/2025,30,No,Yes
105272,11545,Beans,20,08/02/2025,40,No,Yes
102041,11547,Beans,40,10/02/2025,75,No,Yes
101467,11570,Groundnuts,20,14/01/2025,60,No,Yes
101383,11572,Groundnuts,20,15/01/2025,60,No,Yes
79831,11579,Groundnuts,20,19/12/2024,30,No,Yes
79838,11582,Groundnuts,20,26/12/2024,30,No,Yes
80005,11605,Soybean,25,15/12/2024,70,Yes,Yes
90446,11606,Soybean,25,28/12/2024,60,Yes,Yes
90854,11637,Groundnuts,20,30/11/2024,40,No,Yes
86904,11641,Groundnuts,20,20/12/2024,30,No,Yes
90876,11650,Groundnuts,20,29/11/2024,30,No,Yes
90857,11657,Groundnuts,20,20/12/2024,30,No,Yes
90869,11659,Groundnuts,20,29/11/2024,30,No,Yes
93319,11662,Groundnuts,20,20/12/2024,30,No,Yes
94291,11670,Soybean,25,07/01/2025,6,Yes,Yes
90261,11708,Groundnuts,20,19/11/2024,20,No,Yes
94898,11747,Soybean,25,12/01/2025,55,Yes,Yes
98158,11773,Groundnuts,20,17/12/2024,50,No,Yes
100461,11808,Groundnuts,20,09/01/2025,70,No,Yes
100460,11810,Groundnuts,20,10/01/2025,70,No,Yes
92919,11888,Soybean,25,12/01/2025,45,Yes,Yes
95392,11956,Groundnuts,60,19/11/2024,45,No,Yes
91455,11958,Groundnuts,20,28/12/2024,45,No,Yes
91430,12017,Groundnuts,20,04/01/2025,45,No,Yes
88883,12027,Soybean,50,02/01/2025,45,Yes,Yes
96698,12035,Soybean,50,09/12/2024,75,Yes,Yes
80896,12039,Groundnuts,20,14/11/2024,45,No,Yes
96798,12042,Groundnuts,20,17/11/2024,40,No,Yes
84439,12062,Soybean,50,22/12/2024,50,No,Yes
92888,12090,Soybean,6,28/11/2024,50,Yes,Yes
92904,12094,Soybean,6,29/12/2024,50,Yes,Yes
92897,12097,Soybean,4,12/12/2024,50,Yes,Yes
78461,12124,Soybean,25,09/12/2024,50,Yes,Yes
79510,12160,Soybean,75,01/12/2024,45,Yes,Yes
82901,12173,Soybean,50,04/12/2024,45,Yes,Yes
82938,12174,Soybean,50,11/12/2024,45,Yes,Yes
87994,12191,Soybean,25,31/12/2024,45,No,Yes
87822,12206,Groundnuts,20,06/01/2025,55,No,Yes
79563,12293,Soybean,25,09/12/2024,45,No,Yes
95127,12320,Soybean,75,07/12/2024,50,Yes,Yes
111125,12332,Beans,40,04/02/2025,75,No,Yes
79177,12339,Soybean,50,14/12/2024,50,Yes,Yes
92379,12424,Soybean,50,06/12/2024,70,Yes,Yes
91513,12464,Soybean,20,04/01/2025,45,Yes,Yes
101965,12469,Beans,80,05/02/2025,75,Yes,Yes
104630,12470,Beans,60,05/02/2025,60,No,Yes
103035,12473,Beans,40,05/02/2025,60,No,Yes
80650,12503,Soybean,75,15/12/2024,45,Yes,Yes
101170,12537,Soybean,25,22/12/2024,60,Yes,Yes
91535,12570,Soybean,25,03/01/2025,45,Yes,Yes
94265,12638,Groundnuts,20,28/12/2024,50,No,Yes
94846,12667,Groundnuts,0,23/01/2025,0,No,Yes
92908,12676,Soybean,5,27/12/2024,50,Yes,Yes
92886,12679,Soybean,2,20/12/2024,50,Yes,Yes
91468,12692,Soybean,25,07/01/2025,50,No,Yes
105586,12696,Soybean,50,16/12/2024,50,No,Yes
79853,12739,Groundnuts,20,25/12/2024,30,No,Yes
79855,12741,Groundnuts,20,24/12/2024,30,No,Yes
89150,12749,Soybean,50,29/12/2024,60,Yes,Yes
89251,12752,Soybean,25,29/12/2024,60,Yes,Yes
95393,12775,Groundnuts,40,19/11/2024,45,No,Yes
95396,12776,Groundnuts,40,20/11/2024,45,No,Yes
95187,12784,Groundnuts,40,19/11/2024,45,No,Yes
93612,12792,Soybean,50,22/12/2024,15,Yes,Yes
93327,12798,Groundnuts,20,20/12/2024,30,No,Yes
91630,12805,Groundnuts,20,17/12/2024,40,Yes,Yes
91478,12808,Soybean,50,06/01/2025,70,No,Yes
99263,12809,Soybean,25,07/01/2025,50,Yes,Yes
97678,12816,Soybean,25,04/01/2025,50,Yes,Yes
85901,12826,Soybean,50,05/01/2025,35,Yes,Yes
89752,12832,Soybean,75,24/12/2024,60,Yes,Yes
84578,12838,Soybean,25,06/01/2025,70,No,Yes
99996,12841,Soybean,25,02/01/2025,50,Yes,Yes
100394,12843,Soybean,25,16/01/2025,50,Yes,Yes
81013,12845,Groundnuts,40,15/11/2024,25,Yes,Yes
92013,12853,Soybean,25,17/12/2024,50,Yes,Yes
97473,12861,Soybean,25,30/01/2025,50,Yes,Yes
78643,12878,Soybean,25,15/12/2024,50,Yes,Yes
95907,12893,Groundnuts,20,17/11/2024,50,No,Yes
80171,12894,Soybean,50,02/11/2024,45,No,Yes
80135,12926,Soybean,6,25/12/2024,50,Yes,Yes
80109,12927,Soybean,1,15/11/2024,50,Yes,Yes
89640,12932,Groundnuts,20,27/12/2024,50,No,No
88613,12935,Soybean,200,13/12/2024,45,Yes,Yes
84579,12980,Soybean,25,16/12/2024,70,No,Yes
91469,12988,Soybean,25,16/12/2024,50,No,Yes
107847,12997,Beans,20,01/02/2025,45,No,Yes
91472,13008,Soybean,50,05/01/2025,50,No,Yes
81459,13031,Soybean,25,28/11/2024,45,Yes,Yes
106543,13056,Beans,20,06/02/2025,70,No,Yes
91471,13060,Soybean,25,05/01/2025,70,No,Yes
92044,13069,Soybean,200,01/01/2025,50,No,Yes
99846,13127,Groundnuts,20,07/01/2025,50,No,Yes
101256,13133,Soybean,25,03/01/2025,42,Yes,Yes
115083,13134,Beans,60,07/02/2025,50,No,Yes
87437,13150,Soybean,25,26/12/2024,30,No,No
87418,13162,Soybean,25,18/12/2024,60,No,No
108412,13180,Beans,40,03/02/2025,15,No,Yes
108418,13192,Beans,40,05/02/2025,25,No,Yes
99763,13218,Soybean,50,01/01/2025,65,No,Yes
101289,13221,Soybean,50,12/12/2024,50,Yes,Yes
102525,13222,Beans,20,05/02/2025,60,No,Yes
101278,13229,Soybean,50,11/12/2024,50,Yes,Yes
107837,13234,Beans,20,04/02/2025,10,No,Yes
107843,13240,Beans,20,04/02/2025,10,No,Yes
107838,13243,Beans,40,05/03/2025,15,No,Yes
101283,13264,Soybean,50,11/12/2024,45,Yes,Yes
102551,13270,Beans,40,01/02/2025,60,No,Yes
93885,13295,Groundnuts,60,20/12/2024,30,No,Yes
102676,13300,Beans,20,03/02/2025,10,No,Yes
100782,13305,Soybean,25,01/01/2025,50,Yes,Yes
101517,13307,Soybean,25,12/12/2024,45,Yes,Yes
101226,13308,Soybean,50,12/12/2024,45,Yes,Yes
101519,13315,Soybean,25,12/12/2024,50,Yes,Yes
101524,13317,Soybean,25,09/12/2024,50,Yes,Yes
91505,13319,Soybean,25,16/12/2024,50,Yes,Yes
91449,13337,Groundnuts,20,01/01/2025,45,No,Yes
101955,13350,Beans,80,07/02/2025,75,No,Yes
108398,13353,Beans,60,03/02/2025,30,No,Yes
106315,13357,Beans,60,02/03/2025,50,No,Yes
109537,13358,Beans,20,02/03/2025,50,No,Yes
108424,13360,Beans,20,02/02/2025,30,No,Yes
118969,13380,Beans,80,23/02/2025,60,No,Yes
91066,13401,Soybean,50,12/12/2024,45,Yes,Yes
100512,13433,Groundnuts,20,08/01/2025,60,No,Yes
103303,13446,Beans,20,07/02/2025,70,No,Yes
94306,13454,Soybean,25,05/01/2025,5,Yes,Yes
98149,13480,Soybean,25,01/01/2025,60,Yes,Yes
109732,13499,Beans,20,17/02/2025,60,No,Yes
108710,13502,Beans,40,15/02/2025,55,No,Yes
78681,13528,Groundnuts,20,29/11/2024,35,No,Yes
101073,13574,Groundnuts,20,17/01/2025,60,No,Yes
94195,13575,Groundnuts,20,14/01/2025,70,No,Yes
100646,13578,Groundnuts,40,29/12/2024,50,No,Yes
103527,13580,Beans,20,30/01/2025,30,No,Yes
89517,13615,Soybean,50,14/12/2024,57,Yes,Yes
108884,13640,Beans,20,06/02/2025,75,No,Yes
104820,13642,Beans,100,05/02/2025,40,No,Yes
109730,13657,Beans,20,21/02/2025,60,No,Yes
82820,13672,Groundnuts,20,01/12/2024,50,Yes,Yes
85680,13673,Groundnuts,20,29/12/2024,50,No,Yes
85375,13676,Groundnuts,20,01/01/2025,50,No,Yes
88282,13714,Soybean,25,14/12/2024,50,Yes,Yes
85977,13729,Soybean,25,07/01/2025,45,Yes,Yes
81136,13737,Soybean,25,11/12/2024,55,Yes,Yes
88054,13739,Soybean,25,02/01/2025,50,Yes,Yes
109443,13784,Beans,20,04/02/2025,75,No,Yes
107728,13823,Beans,40,13/02/2025,60,No,Yes
104262,13848,Beans,20,03/02/2025,60,No,Yes
108981,13849,Beans,40,19/02/2025,60,No,Yes
112839,13873,Beans,40,05/02/2025,80,No,Yes
110764,13875,Beans,100,10/02/2025,80,No,Yes
109726,13910,Beans,40,17/02/2025,55,No,Yes
110156,13946,Beans,20,27/02/2025,90,No,Yes
113564,13947,Beans,40,06/02/2025,60,No,Yes
113566,13948,Beans,40,05/02/2025,60,No,Yes
111603,13953,Beans,20,21/02/2025,120,No,Yes
81762,13958,Soybean,50,28/12/2024,60,Yes,Yes
109640,14006,Beans,40,05/02/2025,40,No,Yes
105693,14018,Beans,80,07/02/2025,40,No,Yes
109645,14027,Beans,40,08/02/2025,35,No,Yes
109225,14039,Beans,20,06/02/2025,10,No,Yes
109447,14043,Beans,20,05/02/2025,75,No,Yes
109449,14049,Beans,40,05/02/2025,75,No,Yes
108783,14050,Beans,40,05/02/2025,10,No,Yes
107324,14051,Beans,20,05/02/2025,75,No,Yes
109450,14052,Beans,40,12/02/2025,75,No,Yes
109451,14053,Beans,40,03/02/2025,75,No,No
109452,14057,Beans,20,04/02/2025,75,No,Yes
107329,14059,Beans,20,04/02/2025,75,No,Yes
107332,14066,Beans,20,07/02/2025,75,No,Yes
102797,14080,Beans,20,08/02/2025,75,No,Yes
108879,14085,Beans,40,07/02/2025,75,No,Yes
106410,14089,Beans,20,31/01/2025,45,No,Yes
102047,14094,Beans,20,05/02/2025,75,No,Yes
102447,14097,Beans,40,08/02/2025,75,No,Yes
106183,14101,Beans,40,06/02/2025,75,No,Yes
119617,14116,Beans,20,05/02/2025,75,No,Yes
106193,14124,Beans,10,05/02/2025,75,No,Yes
81960,14127,Groundnuts,20,23/12/2024,75,No,Yes
106178,14150,Beans,20,05/02/2025,75,No,Yes
106255,14157,Beans,60,05/02/2025,75,No,Yes
105684,14158,Beans,40,10/02/2025,75,No,Yes
106259,14159,Beans,20,07/02/2025,75,No,Yes
82210,14175,Soybean,25,18/12/2024,45,Yes,Yes
122484,14201,Beans,20,25/02/2025,60,No,Yes
107834,14202,Beans,60,18/02/2025,60,No,Yes
107820,14208,Beans,60,19/02/2025,60,No,Yes
107831,14215,Beans,20,19/02/2025,60,No,Yes
106549,14227,Beans,20,06/02/2025,70,No,Yes
106542,14230,Beans,20,01/02/2025,60,No,Yes
108180,14241,Beans,40,18/02/2025,60,No,Yes
109180,14243,Beans,40,18/02/2025,60,No,Yes
79862,14288,Groundnuts,20,21/12/2024,30,No,Yes
89932,14289,Groundnuts,20,04/01/2025,50,No,Yes
100214,14301,Groundnuts,20,17/12/2024,50,No,Yes
99882,14302,Groundnuts,60,10/01/2025,50,No,Yes
100648,14307,Groundnuts,20,17/12/2024,50,No,Yes
108760,14327,Beans,40,18/02/2025,60,No,Yes
109404,14330,Beans,40,17/02/2025,60,No,Yes
119387,14333,Beans,40,17/02/2025,60,No,Yes
110598,14346,Beans,20,16/02/2025,55,No,Yes
108733,14351,Beans,20,07/02/2025,12,No,No
108777,14353,Beans,20,02/02/2025,13,No,No
92041,14354,Soybean,25,05/01/2025,70,No,Yes
114200,14379,Beans,40,07/02/2025,13,No,No
108778,14393,Beans,20,07/02/2025,13,No,No
108732,14399,Beans,20,02/02/2025,13,No,Yes
108764,14406,Beans,40,02/02/2025,12,No,Yes
117730,14417,Beans,20,27/02/2025,60,No,Yes
101900,14462,Beans,60,01/02/2025,10,No,Yes
103428,14464,Beans,20,31/01/2025,50,No,Yes
108775,14482,Beans,20,03/02/2025,13,No,Yes
81885,14494,Groundnuts,40,26/12/2024,75,No,Yes
118963,14499,Beans,40,26/02/2025,60,No,Yes
97870,14525,Soybean,25,01/01/2025,60,Yes,Yes
104282,14535,Beans,20,03/02/2025,54,No,Yes
104224,14536,Beans,20,02/02/2025,50,No,Yes
88790,14556,Groundnuts,90,26/12/2024,75,No,Yes
91443,14568,Groundnuts,20,01/01/2025,45,No,Yes
113184,14572,Beans,40,08/02/2025,60,No,Yes
113181,14580,Beans,20,10/02/2025,80,No,Yes
91767,14594,Soybean,25,29/12/2024,60,Yes,Yes
115511,14596,Beans,20,15/01/2025,50,No,Yes
93048,14603,Soybean,25,15/12/2024,5,Yes,Yes
98057,14604,Soybean,50,08/12/2024,75,Yes,Yes
95199,14641,Soybean,25,10/12/2024,50,Yes,Yes
85376,14704,Groundnuts,40,02/01/2025,50,No,Yes
89921,14705,Groundnuts,20,05/01/2025,50,No,Yes
92262,14706,Soybean,25,30/12/2024,60,Yes,Yes
117731,14716,Beans,20,26/02/2025,60,No,Yes
93596,14765,Soybean,25,06/01/2025,20,Yes,Yes
92214,14780,Soybean,25,07/01/2025,20,Yes,Yes
104275,14881,Beans,2,02/02/2025,45,No,Yes
104206,14882,Beans,20,04/02/2025,50,No,Yes
86995,14960,Soybean,25,07/01/2025,50,Yes,Yes
79455,14976,Groundnuts,20,17/11/2024,45,No,Yes
79863,15115,Groundnuts,20,22/12/2024,30,No,Yes
91426,15165,Groundnuts,20,01/01/2025,45,No,Yes
93421,15167,Groundnuts,20,02/01/2025,50,No,Yes
77929,15194,Groundnuts,20,27/11/2024,45,No,Yes
77927,15210,Groundnuts,20,27/11/2024,0,No,Yes
89909,15243,Soybean,75,08/01/2025,60,Yes,Yes
94961,15255,Soybean,25,03/01/2025,50,Yes,Yes
89492,15280,Groundnuts,20,14/11/2024,30,No,Yes
83294,15315,Groundnuts,20,12/11/2024,45,No,Yes
79172,15346,Groundnuts,20,25/11/2024,45,No,Yes
77831,15387,Groundnuts,20,26/11/2024,45,No,Yes
109747,15410,Beans,20,20/02/2025,50,No,Yes
110479,15429,Beans,20,01/03/2025,50,No,No
110485,15435,Beans,20,18/02/2025,50,No,Yes
87498,15442,Groundnuts,20,20/11/2024,30,No,Yes
87499,15443,Groundnuts,20,15/11/2024,30,No,Yes
87503,15447,Groundnuts,20,18/11/2024,30,No,Yes
114830,15453,Beans,20,27/02/2025,50,No,Yes
114829,15456,Beans,20,24/02/2025,50,No,Yes
97687,15478,Soybean,25,29/12/2024,55,Yes,Yes
82952,15497,Groundnuts,40,15/12/2024,50,No,Yes
87515,15511,Groundnuts,20,26/11/2024,30,No,Yes
87517,15513,Groundnuts,20,02/12/2024,30,No,Yes
87518,15514,Groundnuts,20,19/11/2024,30,No,Yes
98553,15523,Groundnuts,20,01/01/2025,45,Yes,Yes
80559,15524,Groundnuts,20,01/12/2024,45,Yes,Yes
98551,15525,Groundnuts,20,01/01/2025,45,Yes,Yes
84034,15526,Groundnuts,20,18/12/2024,50,No,Yes
81951,15530,Groundnuts,20,25/12/2024,45,Yes,No
79095,15532,Groundnuts,20,10/12/2024,45,No,Yes
79097,15542,Groundnuts,20,20/11/2024,5,Yes,Yes
78763,15543,Groundnuts,20,04/12/2024,45,No,Yes
79096,15544,Groundnuts,20,01/12/2024,45,No,Yes
79027,15545,Groundnuts,20,03/12/2024,45,Yes,Yes
98550,15568,Groundnuts,20,05/01/2025,45,Yes,Yes
80665,15580,Groundnuts,20,20/12/2024,45,Yes,Yes
112526,15603,Beans,20,05/03/2025,90,No,Yes
118746,15607,Beans,20,05/03/2025,75,No,Yes
83625,15609,Groundnuts,20,11/12/2024,45,Yes,Yes
82957,15612,Groundnuts,20,10/12/2024,45,Yes,Yes
82773,15619,Groundnuts,20,01/01/2025,45,Yes,Yes
78495,15622,Groundnuts,20,04/12/2024,45,Yes,Yes
78453,15624,Groundnuts,20,01/12/2024,35,Yes,Yes
84105,15643,Groundnuts,20,13/12/2024,45,No,Yes
81123,15656,Groundnuts,20,17/11/2024,45,No,Yes
80663,15680,Groundnuts,20,12/12/2024,45,Yes,Yes
95173,15684,Soybean,20,15/11/2024,35,Yes,Yes
93699,15693,Groundnuts,20,04/12/2024,30,Yes,Yes
81556,15727,Groundnuts,20,20/12/2024,45,Yes,Yes
79472,15737,Groundnuts,20,16/11/2024,45,No,Yes
81331,15738,Groundnuts,20,12/11/2024,45,No,Yes
79040,15752,Groundnuts,20,25/12/2024,35,Yes,Yes
79632,15756,Groundnuts,20,11/12/2024,45,Yes,Yes
83367,15764,Groundnuts,20,17/11/2024,45,No,Yes
83368,15774,Groundnuts,20,17/11/2024,45,No,Yes
93940,15776,Groundnuts,20,18/12/2024,40,No,Yes
96369,15777,Soybean,50,09/12/2024,50,Yes,Yes
78214,15783,Soybean,25,17/12/2024,80,Yes,Yes
78217,15784,Soybean,25,19/12/2024,50,Yes,Yes
89926,15791,Groundnuts,40,27/11/2024,50,No,Yes
90821,15793,Groundnuts,20,03/12/2024,50,No,No
89928,15795,Groundnuts,40,18/11/2024,45,No,Yes
83369,15798,Groundnuts,20,17/11/2024,45,No,Yes
83370,15799,Groundnuts,20,17/11/2024,45,No,Yes
79055,15801,Groundnuts,20,03/12/2024,30,No,Yes
82027,15814,Groundnuts,20,17/12/2024,30,No,Yes
81858,15816,Groundnuts,20,26/12/2024,35,No,Yes
83062,15818,Groundnuts,20,27/12/2024,35,No,Yes
79998,15825,Groundnuts,20,20/11/2024,35,No,Yes
79126,15829,Groundnuts,20,28/11/2024,35,No,Yes
84333,15830,Groundnuts,20,19/12/2024,35,No,Yes
79995,15831,Groundnuts,20,28/11/2024,35,No,Yes
84331,15835,Groundnuts,20,28/12/2024,35,No,Yes
79125,15836,Groundnuts,20,02/12/2024,35,No,Yes
81990,15838,Groundnuts,20,19/12/2024,35,No,Yes
81853,15840,Groundnuts,20,27/12/2024,35,No,Yes
78457,15843,Groundnuts,20,29/11/2024,35,No,Yes
81988,15845,Groundnuts,20,19/12/2024,35,No,Yes
94321,15854,Soybean,25,06/01/2025,5,Yes,Yes
88478,15868,Groundnuts,20,19/11/2024,30,No,Yes
115226,15872,Beans,40,22/02/2025,50,No,Yes
85345,15877,Groundnuts,20,01/01/2025,6,No,Yes
81456,15880,Groundnuts,20,29/11/2024,30,No,Yes
78218,15885,Soybean,25,20/12/2024,60,Yes,Yes
78213,15886,Soybean,25,10/12/2024,60,Yes,Yes
111200,15896,Beans,20,20/02/2025,60,No,Yes
81554,15897,Groundnuts,20,12/12/2024,45,Yes,Yes
113274,15899,Beans,20,20/02/2025,60,Yes,Yes
117222,15904,Beans,20,15/02/2025,60,No,Yes
131130,15907,Beans,80,15/02/2025,50,No,Yes
131143,15909,Beans,40,24/02/2025,60,No,Yes
117275,15914,Beans,40,15/02/2025,60,No,Yes
115532,15915,Beans,80,17/02/2025,60,No,Yes
130644,15917,Beans,20,18/02/2025,60,No,Yes
83776,15925,Groundnuts,40,26/12/2024,45,Yes,Yes
88477,15950,Groundnuts,20,18/11/2024,30,No,Yes
88480,15952,Groundnuts,20,16/11/2024,30,No,Yes
114123,15969,Beans,40,27/02/2025,90,No,Yes
90672,15973,Groundnuts,20,15/11/2024,20,No,Yes
88712,15979,Groundnuts,40,04/12/2024,45,No,Yes
81861,15980,Groundnuts,20,08/12/2024,35,No,Yes
84332,15981,Groundnuts,20,27/12/2024,35,No,Yes
78683,15982,Groundnuts,20,28/11/2024,35,No,Yes
81862,15988,Groundnuts,20,15/11/2024,45,No,Yes
81854,15990,Groundnuts,20,23/12/2024,35,No,Yes
79433,15991,Groundnuts,20,28/11/2024,35,No,Yes
78678,15993,Groundnuts,20,28/11/2024,35,No,Yes
81864,15994,Groundnuts,20,26/11/2024,35,No,Yes
78435,15995,Groundnuts,20,18/11/2024,30,Yes,Yes
78708,16030,Soybean,25,12/12/2024,50,Yes,Yes
94334,16032,Soybean,25,23/12/2024,45,No,Yes
119297,16054,Beans,40,08/03/2025,50,Yes,Yes
89543,16055,Groundnuts,20,02/12/2024,30,No,Yes
80886,16065,Groundnuts,20,10/12/2024,30,Yes,Yes
87223,16087,Soybean,25,13/12/2024,70,Yes,Yes
79003,16090,Groundnuts,20,01/12/2024,45,No,Yes
78962,16091,Groundnuts,20,03/12/2024,45,No,Yes
78964,16092,Groundnuts,20,03/12/2024,43,No,Yes
89691,16136,Groundnuts,20,20/12/2024,45,No,Yes
83777,16138,Groundnuts,20,27/11/2024,45,No,Yes
86317,16140,Groundnuts,20,28/11/2024,3,No,Yes
86360,16143,Groundnuts,20,29/11/2024,3,No,Yes
86469,16150,Groundnuts,20,02/01/2025,3,No,Yes
78633,16158,Soybean,25,23/11/2024,30,Yes,Yes
95743,16162,Soybean,50,05/11/2024,50,Yes,Yes
104880,16178,Beans,20,12/02/2025,10,No,Yes
104887,16185,Beans,20,07/02/2025,10,No,Yes
105183,16189,Beans,20,22/02/2025,10,No,Yes
94078,16190,Soybean,25,01/01/2025,60,Yes,Yes
78439,16195,Soybean,25,14/12/2024,55,Yes,Yes
87776,16201,Groundnuts,20,07/12/2024,45,No,Yes
110255,16211,Beans,20,06/02/2025,60,Yes,No
78184,16217,Soybean,50,12/12/2024,60,Yes,Yes
93872,16227,Soybean,25,13/01/2025,50,No,Yes
87150,16240,Groundnuts,20,30/12/2024,45,No,Yes
97072,16241,Soybean,25,27/12/2024,58,Yes,Yes
82237,16255,Groundnuts,20,28/12/2024,45,Yes,Yes
82057,16256,Groundnuts,20,10/12/2024,45,Yes,Yes
90043,16265,Soybean,25,18/12/2024,60,Yes,Yes
81851,16268,Groundnuts,20,21/12/2024,45,Yes,Yes
78766,16289,Groundnuts,20,27/11/2024,5,Yes,Yes
88716,16369,Groundnuts,20,27/12/2024,45,No,Yes
131152,16371,Beans,20,15/02/2025,60,No,Yes
119057,16373,Beans,20,15/02/2025,50,No,Yes
87401,16411,Soybean,25,01/01/2025,50,Yes,Yes
90113,16416,Soybean,25,03/01/2025,50,Yes,Yes
86967,16446,Groundnuts,20,29/12/2024,3,No,Yes
91137,16456,Groundnuts,40,18/12/2024,50,No,Yes
91324,16466,Soybean,25,17/12/2024,50,No,Yes
81909,16467,Soybean,25,08/11/2024,50,Yes,Yes
91313,16471,Soybean,25,17/12/2024,50,No,Yes
79631,16472,Groundnuts,20,10/12/2024,45,Yes,Yes
91318,16473,Soybean,25,17/12/2024,50,No,Yes
89482,16484,Groundnuts,20,15/12/2024,30,No,Yes
91305,16489,Soybean,50,20/12/2024,50,Yes,Yes
100495,16492,Soybean,25,19/01/2025,70,Yes,Yes
116401,16494,Beans,60,10/03/2025,50,No,Yes
100175,16495,Soybean,25,04/01/2025,75,Yes,Yes
93304,16501,Soybean,25,30/12/2024,60,Yes,Yes
84995,16503,Groundnuts,20,28/11/2024,45,No,Yes
97069,16506,Beans,25,18/11/2024,56,Yes,Yes
93454,16507,Soybean,25,27/12/2024,60,Yes,Yes
91699,16508,Soybean,25,21/12/2024,50,No,Yes
91668,16511,Soybean,25,19/12/2024,60,Yes,Yes
98775,16516,Soybean,25,10/01/2025,65,Yes,Yes
99613,16517,Soybean,25,05/01/2025,60,Yes,Yes
85037,16525,Soybean,25,01/01/2025,40,Yes,Yes
86185,16549,Soybean,25,01/01/2025,45,Yes,Yes
89483,16556,Groundnuts,20,20/12/2024,30,No,Yes
115073,16557,Beans,20,10/02/2025,50,No,Yes
115072,16561,Beans,20,05/02/2025,45,No,Yes
91263,10002,Soybean,25,18/12/2024,50,Yes,Yes
111041,10050,Beans,20,01/02/2025,10,No,Yes
108360,10058,Beans,20,27/02/2025,30,No,Yes
102458,10063,Beans,60,09/02/2025,15,No,Yes
101687,10069,Beans,20,04/02/2025,15,No,Yes
102139,10074,Beans,60,02/02/2025,15,No,Yes
102695,10075,Beans,60,02/02/2025,15,No,Yes
84557,10078,Soybean,2,20/12/2024,50,Yes,Yes
83688,10084,Groundnuts,20,30/11/2024,30,Yes,Yes
109757,10086,Beans,60,03/02/2025,70,No,Yes
101648,10088,Beans,20,11/02/2025,100,No,Yes
103297,10095,Beans,20,08/02/2025,70,No,Yes
103291,10096,Beans,20,08/02/2025,65,No,Yes
103293,10104,Beans,40,04/02/2025,90,No,Yes
103475,10106,Beans,40,05/02/2025,75,No,Yes
103472,10108,Beans,20,01/02/2025,10,No,Yes
103482,10110,Beans,40,07/02/2025,70,No,Yes
103304,10114,Beans,40,04/02/2025,70,No,Yes
103478,10116,Beans,20,08/02/2025,65,No,Yes
115085,16572,Beans,100,04/02/2025,50,No,Yes
95309,16587,Soybean,25,06/01/2025,50,Yes,Yes
81087,16588,Soybean,25,10/12/2024,45,Yes,Yes
95300,16590,Soybean,25,12/12/2024,50,Yes,Yes
89484,16601,Groundnuts,20,26/12/2024,30,No,Yes
89489,16606,Groundnuts,20,10/12/2024,30,No,Yes
89488,16611,Groundnuts,20,20/12/2024,30,No,Yes
96284,16622,Groundnuts,20,20/11/2024,50,No,Yes
94909,16632,Soybean,25,12/12/2024,50,Yes,Yes
115230,16636,Beans,40,25/02/2025,50,No,Yes
119612,16654,Beans,20,25/02/2025,75,No,Yes
90610,16662,Soybean,25,17/12/2024,50,No,Yes
79379,16699,Soybean,25,14/12/2024,45,Yes,Yes
102743,16703,Soybean,25,01/01/2025,50,No,Yes
96330,16711,Soybean,25,24/12/2024,50,No,Yes
81146,16714,Groundnuts,20,28/11/2024,45,No,Yes
98582,16725,Groundnuts,20,18/11/2024,45,No,Yes
96137,16728,Groundnuts,20,15/11/2024,45,No,Yes
96018,16731,Groundnuts,20,17/11/2024,50,No,Yes
103322,10118,Beans,40,05/02/2025,80,No,No
105443,10160,Beans,40,04/02/2025,80,No,No
103305,10166,Beans,20,06/02/2025,70,No,Yes
93477,10231,Soybean,25,13/12/2024,50,Yes,Yes
103350,10238,Beans,40,13/02/2025,60,No,Yes
103325,10260,Beans,100,02/02/2025,80,No,Yes
96596,10270,Soybean,50,18/01/2025,65,Yes,Yes
101950,10274,Beans,60,04/02/2025,60,No,Yes
104113,10319,Beans,80,05/02/2025,45,No,Yes
102703,10324,Beans,20,01/02/2025,60,No,Yes
104159,10328,Beans,60,06/02/2025,50,No,Yes
104321,10331,Beans,60,02/02/2025,45,No,Yes
102705,10335,Beans,100,01/02/2025,60,No,Yes
86971,16735,Groundnuts,20,01/01/2025,3,No,Yes
89713,16739,Groundnuts,20,03/01/2025,3,No,Yes
83466,16748,Groundnuts,20,24/11/2024,45,No,Yes
96286,16749,Groundnuts,40,18/11/2024,50,No,Yes
90390,16758,Soybean,25,14/12/2024,50,Yes,Yes
102322,16759,Soybean,25,06/01/2025,60,Yes,Yes
91234,16760,Soybean,25,03/01/2025,60,Yes,Yes
87339,16761,Soybean,25,12/12/2024,50,Yes,Yes
87391,16765,Soybean,25,30/12/2024,55,Yes,Yes
92690,16768,Soybean,25,03/01/2025,70,Yes,Yes
85051,16771,Soybean,25,13/12/2024,45,Yes,Yes
92602,16773,Soybean,25,06/01/2025,55,Yes,Yes
103917,10343,Beans,80,08/02/2025,45,No,Yes
103916,10346,Beans,40,01/02/2025,45,No,Yes
104345,10349,Beans,60,07/02/2025,60,No,Yes
103132,10353,Beans,40,13/02/2025,50,No,Yes
87577,10365,Soybean,3,20/12/2024,50,Yes,Yes
97844,10372,Soybean,50,10/01/2025,45,Yes,Yes
103804,10385,Beans,20,10/02/2025,50,No,Yes
103805,10390,Beans,20,06/02/2025,50,No,Yes
103839,10396,Beans,100,01/02/2025,60,Yes,Yes
103128,10398,Beans,40,15/02/2025,50,No,Yes
104293,10405,Beans,20,05/02/2025,60,No,Yes
100003,10437,Soybean,25,05/01/2025,50,Yes,Yes
103426,10452,Beans,20,02/02/2025,50,No,Yes
93861,10459,Soybean,25,01/01/2025,60,Yes,Yes
80500,10462,Groundnuts,20,22/11/2024,50,No,Yes
96422,10492,Soybean,25,04/01/2025,60,Yes,Yes
96390,10493,Soybean,25,10/01/2025,60,Yes,Yes
96411,10499,Soybean,25,02/01/2025,60,Yes,Yes
91780,10524,Soybean,25,03/01/2025,60,Yes,Yes
90208,10543,Soybean,25,12/12/2024,49,Yes,Yes
90209,10545,Soybean,25,29/12/2024,46,Yes,Yes
100908,10572,Soybean,150,18/12/2024,75,Yes,Yes
96227,10580,Soybean,38,21/12/2024,75,Yes,Yes
93863,10581,Soybean,25,01/01/2025,65,Yes,Yes
93858,10582,Soybean,25,01/01/2025,45,Yes,Yes
101679,10588,Beans,20,06/02/2025,13,No,Yes
101681,10589,Beans,20,07/02/2025,10,Yes,Yes
101729,10592,Beans,80,09/02/2025,15,No,Yes
104831,10606,Beans,40,14/02/2025,15,No,Yes
109555,10608,Beans,40,10/02/2025,15,No,Yes
109524,10611,Beans,40,10/02/2025,15,No,Yes
105794,10613,Beans,40,22/01/2025,10,No,Yes
104827,10615,Soybean,20,11/02/2025,15,Yes,Yes
109522,10618,Beans,20,11/02/2025,15,No,Yes
109520,10619,Beans,40,11/02/2025,15,No,Yes
101542,16788,Soybean,25,01/12/2024,45,Yes,Yes
96944,16791,Soybean,25,02/11/2024,45,Yes,Yes
98061,16794,Soybean,25,01/12/2024,45,Yes,Yes
99446,16795,Soybean,75,01/01/2025,57,Yes,Yes
99161,16797,Soybean,50,21/12/2024,52,Yes,Yes
84204,16800,Soybean,25,28/12/2024,65,Yes,Yes
96246,16801,Soybean,50,27/12/2024,60,Yes,Yes
99047,16814,Maize,10,14/12/2024,55,No,Yes
91777,16819,Soybean,75,03/01/2025,45,Yes,Yes
89138,16830,Soybean,25,04/12/2024,55,Yes,Yes
89880,16831,Soybean,25,10/12/2024,65,Yes,Yes
96757,16835,Groundnuts,20,21/11/2024,50,No,Yes
96755,16838,Groundnuts,20,17/11/2024,50,No,Yes
96897,16841,Groundnuts,20,23/11/2024,45,No,Yes
98581,16842,Groundnuts,20,23/11/2024,50,No,Yes
98629,16846,Groundnuts,20,20/11/2024,50,No,Yes
95176,16855,Groundnuts,20,26/11/2024,35,Yes,Yes
118980,16860,Beans,40,24/02/2025,60,No,Yes
109543,16862,Beans,40,02/03/2025,50,No,Yes
93192,16866,Soybean,50,10/12/2024,50,Yes,Yes
92961,16870,Soybean,25,07/01/2025,55,Yes,Yes
104834,10631,Beans,40,11/02/2025,15,No,Yes
100130,10640,Groundnuts,20,15/01/2025,50,No,Yes
100134,10645,Groundnuts,20,18/01/2025,50,No,Yes
95040,10677,Soybean,50,07/01/2025,5,Yes,Yes
94860,10678,Soybean,25,08/01/2025,5,Yes,Yes
97126,10683,Soybean,50,01/01/2025,55,Yes,Yes
97096,10690,Soybean,50,04/01/2025,55,Yes,Yes
97185,10695,Soybean,75,02/01/2025,55,Yes,Yes
105574,10699,Beans,20,14/03/2025,14,Yes,Yes
106464,10704,Beans,20,07/03/2025,14,Yes,Yes
96252,16875,Soybean,50,09/12/2024,45,No,Yes
97391,16876,Soybean,25,06/01/2025,45,No,Yes
92631,16885,Soybean,25,12/12/2024,70,Yes,Yes
89135,16890,Soybean,25,14/12/2024,60,Yes,Yes
92709,16892,Soybean,25,10/12/2024,70,Yes,Yes
96917,16898,Soybean,25,08/01/2025,70,Yes,Yes
93550,16901,Soybean,25,29/12/2024,55,Yes,Yes
99044,16911,Soybean,25,08/01/2025,50,Yes,Yes
99054,16913,Soybean,25,27/12/2024,45,Yes,Yes
96138,16914,Groundnuts,20,15/11/2024,45,No,Yes
96901,16918,Groundnuts,20,23/11/2024,50,No,Yes
88531,16948,Soybean,25,19/12/2024,50,Yes,Yes
101712,10710,Beans,40,05/02/2025,13,Yes,Yes
106465,10739,Beans,20,10/02/2025,12,Yes,Yes
84325,10799,Groundnuts,20,01/12/2024,35,No,Yes
103003,10806,Beans,40,05/02/2025,10,Yes,Yes
102373,10812,Beans,20,08/02/2025,10,No,Yes
104145,10818,Beans,20,01/02/2025,10,No,Yes
102767,10821,Beans,20,05/02/2025,10,No,Yes
102764,10854,Beans,20,01/02/2025,10,No,Yes
102771,10855,Beans,20,01/02/2025,10,No,Yes
104445,10858,Beans,20,01/02/2025,10,No,Yes
104443,10859,Beans,20,04/02/2025,10,No,Yes
97649,16951,Soybean,25,19/12/2024,85,Yes,Yes
97516,16952,Soybean,25,16/12/2024,50,Yes,Yes
90590,16956,Soybean,25,01/12/2024,60,Yes,Yes
89662,16972,Soybean,75,08/12/2024,90,Yes,Yes
80950,16993,Soybean,25,13/12/2024,80,Yes,Yes
93165,16997,Soybean,25,09/12/2024,60,Yes,Yes
93167,16998,Soybean,50,09/12/2024,45,Yes,Yes
93076,17004,Soybean,50,12/12/2024,45,Yes,Yes
83508,17009,Soybean,25,17/12/2024,45,Yes,Yes
93483,17033,Soybean,25,04/01/2025,60,Yes,Yes
80588,17034,Soybean,25,26/11/2024,70,Yes,Yes
93505,17036,Soybean,50,04/01/2025,60,Yes,Yes
83361,17037,Soybean,25,30/12/2024,50,Yes,Yes
98620,17041,Soybean,25,16/12/2024,45,Yes,Yes
80981,17043,Soybean,25,13/12/2024,60,Yes,Yes
91126,17044,Soybean,25,10/12/2024,50,Yes,Yes
91124,17047,Soybean,25,10/12/2024,70,Yes,Yes
80905,17110,Groundnuts,20,18/12/2024,30,No,Yes
80916,17112,Groundnuts,20,27/11/2024,30,No,Yes
90757,17118,Groundnuts,20,08/12/2024,30,No,Yes
89882,17120,Groundnuts,20,02/12/2024,30,No,Yes
97710,10883,Soybean,50,29/12/2024,45,Yes,Yes
100944,10899,Soybean,100,10/12/2024,60,Yes,Yes
107626,10987,Beans,40,10/02/2025,15,No,Yes
88357,11010,Soybean,50,20/12/2024,45,Yes,Yes
104854,11023,Beans,40,11/02/2025,30,No,Yes
104944,11025,Beans,60,14/02/2025,30,No,Yes
104875,11026,Beans,20,15/02/2025,30,No,Yes
104485,11030,Beans,20,12/02/2025,30,No,Yes
104941,11061,Beans,40,10/02/2025,30,No,Yes
104931,11076,Beans,20,16/02/2025,30,No,Yes
104927,11077,Beans,20,17/02/2025,30,No,Yes
104951,11093,Beans,40,10/02/2025,30,No,Yes
104924,11098,Beans,20,13/02/2025,30,No,Yes
104004,11102,Beans,20,13/02/2025,50,Yes,Yes
104901,11109,Beans,40,15/02/2025,30,No,Yes
104489,11118,Beans,20,17/02/2025,30,No,Yes
102549,11126,Beans,50,05/02/2025,50,No,Yes
104876,11128,Beans,40,14/02/2025,30,No,Yes
84221,11133,Soybean,100,27/12/2024,70,Yes,Yes
100179,17130,Soybean,25,02/12/2024,45,Yes,Yes
101333,17132,Soybean,25,05/12/2024,45,Yes,Yes
97464,17148,Soybean,25,02/01/2025,45,Yes,Yes
93133,17150,Soybean,50,10/01/2025,50,Yes,Yes
100788,17151,Soybean,25,10/01/2025,45,Yes,Yes
77847,17166,Soybean,50,14/12/2024,50,Yes,Yes
95633,17170,Soybean,25,06/01/2025,45,Yes,Yes
95586,17172,Soybean,25,04/01/2025,50,Yes,Yes
79890,17185,Groundnuts,20,24/12/2024,30,No,Yes
79898,17191,Groundnuts,20,16/12/2024,30,No,Yes
79899,17192,Groundnuts,20,16/12/2024,30,No,Yes
79902,17195,Groundnuts,20,15/12/2024,30,No,Yes
79903,17196,Groundnuts,20,15/12/2024,30,No,Yes
91768,17198,Soybean,25,06/01/2025,60,Yes,Yes
91766,17199,Soybean,25,03/01/2025,60,Yes,Yes
101432,17221,Soybean,25,09/01/2025,55,Yes,Yes
99245,17249,Soybean,25,04/01/2025,50,Yes,No
100792,17258,Soybean,25,01/01/2025,50,Yes,No
101231,17263,Soybean,25,12/12/2024,55,No,Yes
99284,17264,Soybean,25,12/12/2024,50,Yes,No
86302,11145,Groundnuts,20,28/11/2024,6,No,Yes
102158,11148,Beans,20,03/02/2025,60,No,Yes
102160,11150,Beans,20,03/02/2025,60,No,Yes
102183,11191,Beans,20,03/02/2025,60,No,Yes
108258,11194,Beans,40,10/02/2025,10,No,Yes
102961,11199,Beans,20,03/02/2025,50,No,Yes
102953,11205,Beans,20,01/02/2025,50,No,Yes
102969,11213,Beans,20,08/02/2025,50,No,Yes
104204,11214,Beans,20,02/02/2025,50,No,Yes
104709,11216,Beans,20,07/02/2025,50,No,Yes
104702,11218,Beans,20,01/02/2025,50,No,Yes
102968,11222,Beans,20,03/02/2025,50,No,Yes
111049,11225,Beans,40,01/02/2025,10,No,Yes
102675,11226,Beans,40,01/02/2025,10,No,Yes
94264,11246,Groundnuts,40,23/12/2024,50,No,Yes
95042,11252,Groundnuts,20,02/01/2025,50,No,Yes
102940,11283,Beans,20,05/02/2025,50,Yes,Yes
102933,11284,Beans,20,08/02/2025,45,Yes,Yes
104177,11293,Beans,20,05/02/2025,65,No,Yes
80895,11298,Groundnuts,2,16/11/2024,45,No,Yes
96016,11301,Groundnuts,20,15/11/2024,50,No,Yes
91868,17271,Soybean,2,07/01/2025,30,Yes,Yes
93772,17272,Soybean,1,09/12/2024,50,Yes,Yes
99048,17292,Groundnuts,20,19/11/2024,50,No,Yes
91884,17295,Soybean,1,03/01/2025,30,Yes,Yes
99231,17313,Soybean,25,03/01/2025,55,Yes,No
99244,17314,Soybean,25,11/12/2024,55,Yes,No
99898,17315,Soybean,25,12/12/2024,55,Yes,No
87074,17375,Groundnuts,20,18/11/2024,45,Yes,Yes
77928,17381,Groundnuts,20,28/11/2024,45,No,Yes
93349,17388,Soybean,25,04/01/2025,50,Yes,Yes
80887,17397,Groundnuts,20,22/12/2024,45,Yes,Yes
78452,17400,Groundnuts,20,05/12/2024,35,Yes,Yes
81664,17404,Groundnuts,20,20/12/2024,28,No,Yes
81700,17408,Groundnuts,20,24/12/2024,50,Yes,Yes
86156,17414,Groundnuts,20,28/12/2024,45,Yes,Yes
86157,17417,Groundnuts,20,30/12/2024,50,Yes,Yes
85069,17420,Groundnuts,20,21/12/2024,50,Yes,Yes
86122,17425,Groundnuts,20,29/12/2024,50,Yes,Yes
86161,17427,Groundnuts,20,28/12/2024,50,Yes,Yes
82697,11322,Soybean,25,27/12/2024,55,Yes,Yes
101071,11336,Groundnuts,20,09/01/2025,60,No,Yes
100250,11342,Groundnuts,20,17/01/2025,60,No,Yes
102566,11354,Beans,20,04/02/2025,60,No,Yes
102273,11357,Beans,20,05/02/2025,6,No,Yes
95647,11374,Soybean,25,03/01/2025,45,Yes,Yes
97763,11394,Soybean,50,06/01/2025,50,Yes,Yes
81093,11417,Groundnuts,20,28/11/2024,45,No,Yes
96743,11424,Groundnuts,40,18/11/2024,45,No,Yes
108079,11488,Beans,40,30/01/2025,50,No,Yes
86135,17436,Groundnuts,20,27/12/2024,50,Yes,Yes
86177,17450,Groundnuts,20,28/12/2024,45,Yes,Yes
81993,17451,Groundnuts,20,18/12/2024,45,Yes,Yes
86187,17454,Groundnuts,20,28/12/2024,45,Yes,Yes
86131,17471,Groundnuts,20,28/12/2024,45,Yes,Yes
86086,17474,Groundnuts,20,27/12/2024,45,Yes,Yes
118348,17479,Beans,80,24/02/2025,60,No,Yes
99052,17488,Groundnuts,80,23/11/2024,50,No,Yes
97500,17493,Soybean,25,01/01/2025,50,Yes,Yes
84006,17494,Groundnuts,20,21/12/2024,35,No,Yes
80306,17496,Groundnuts,15,29/11/2024,50,No,Yes
92654,17507,Soybean,25,28/12/2024,50,Yes,Yes
103370,11492,Beans,80,03/02/2025,72,No,Yes
108391,11497,Beans,40,10/02/2025,30,No,Yes
115239,11508,Beans,80,10/02/2025,50,No,Yes
108395,11537,Beans,40,10/02/2025,15,No,Yes
108396,11539,Beans,60,04/02/2025,30,No,Yes
109531,11544,Beans,60,02/03/2025,7,No,Yes
101419,11561,Groundnuts,20,16/01/2025,60,No,Yes
101386,11571,Groundnuts,20,10/01/2025,60,No,Yes
101420,11573,Groundnuts,20,17/01/2025,60,No,Yes
84138,11590,Groundnuts,20,23/12/2024,35,No,Yes
100121,11595,Groundnuts,20,16/01/2025,60,No,Yes
89957,11608,Soybean,25,18/12/2024,45,Yes,Yes
94849,11639,Groundnuts,0,22/12/2024,0,No,Yes
90861,11645,Groundnuts,20,24/12/2024,40,No,Yes
90860,11656,Groundnuts,20,29/11/2024,30,No,Yes
90983,11661,Groundnuts,140,22/11/2024,30,No,Yes
86896,11663,Groundnuts,20,18/12/2024,30,No,Yes
86897,11666,Groundnuts,20,20/12/2024,30,No,Yes
89924,11729,Groundnuts,20,29/11/2024,50,No,Yes
100635,11807,Groundnuts,20,08/01/2025,70,No,Yes
99801,11809,Groundnuts,20,18/01/2025,70,No,Yes
84560,11819,Soybean,2,20/12/2024,50,Yes,Yes
86709,11857,Soybean,25,04/01/2025,45,Yes,Yes
86710,11860,Soybean,25,04/01/2025,48,Yes,Yes
88364,11878,Soybean,50,04/01/2025,45,Yes,Yes
86714,11881,Soybean,25,07/01/2025,45,Yes,Yes
85895,11892,Soybean,25,06/01/2025,45,Yes,Yes
86717,11939,Soybean,25,08/01/2025,45,Yes,Yes
92920,11944,Soybean,25,23/12/2024,45,Yes,Yes
100951,17511,Soybean,25,09/12/2024,55,Yes,Yes
97508,17522,Soybean,25,04/01/2025,60,Yes,Yes
93275,17544,Groundnuts,20,21/12/2024,30,No,Yes
86899,17565,Groundnuts,20,22/12/2024,30,No,Yes
91865,17575,Soybean,1,04/01/2025,30,Yes,Yes
97706,17601,Soybean,25,13/12/2024,75,Yes,Yes
84213,17620,Soybean,125,05/01/2025,50,No,Yes
100698,17639,Soybean,37,19/12/2024,50,Yes,Yes
81236,17640,Soybean,75,28/12/2024,50,No,Yes
91243,17644,Soybean,52,12/12/2024,60,Yes,Yes
79230,17651,Soybean,25,21/11/2024,55,Yes,Yes
95583,11949,Soybean,25,20/01/2025,55,No,Yes
91427,11977,Groundnuts,20,24/12/2024,45,No,Yes
99751,11983,Groundnuts,20,02/01/2025,45,No,Yes
91931,11993,Groundnuts,20,31/12/2024,45,No,Yes
89273,12031,Soybean,25,01/01/2025,45,Yes,Yes
92918,12051,Soybean,25,02/01/2025,45,Yes,Yes
92213,12075,Soybean,50,01/01/2025,50,No,Yes
99860,12083,Soybean,25,01/01/2025,65,No,Yes
93008,12086,Soybean,25,24/12/2024,45,Yes,Yes
92892,12096,Soybean,5,28/11/2024,50,Yes,Yes
88777,12112,Groundnuts,20,22/12/2024,35,Yes,Yes
88778,12112,Soybean,50,30/01/2025,35,Yes,Yes
98702,17677,Groundnuts,20,27/11/2024,50,No,Yes
91670,17689,Soybean,25,04/01/2025,60,Yes,Yes
81753,17707,Soybean,15,14/12/2024,60,Yes,Yes
91115,17709,Soybean,25,04/01/2025,65,Yes,Yes
80749,17710,Soybean,25,16/12/2024,60,Yes,Yes
95499,17714,Soybean,25,08/12/2024,50,Yes,Yes
85677,17721,Groundnuts,20,15/12/2024,50,Yes,Yes
98867,17732,Beans,1,01/01/2025,10,No,Yes
93856,17742,Soybean,25,08/01/2025,50,Yes,Yes
99288,17744,Soybean,25,01/01/2025,50,Yes,Yes
97760,17748,Soybean,25,01/01/2025,50,Yes,Yes
93460,17757,Soybean,25,27/12/2024,60,Yes,Yes
88766,12113,Soybean,75,28/11/2024,45,Yes,Yes
90678,12120,Groundnuts,20,20/12/2024,50,No,No
80259,12126,Soybean,75,10/12/2024,50,Yes,Yes
84835,12131,Soybean,50,15/12/2024,50,Yes,Yes
79543,12164,Soybean,50,03/12/2024,45,Yes,Yes
79525,12172,Soybean,50,01/12/2024,45,Yes,Yes
79503,12176,Soybean,50,03/12/2024,45,Yes,Yes
82950,12197,Soybean,25,04/01/2025,50,Yes,Yes
85168,12206,Soybean,25,05/01/2025,50,Yes,Yes
79672,12221,Soybean,25,09/12/2024,50,Yes,Yes
87828,12243,Soybean,25,05/12/2024,45,Yes,Yes
80488,12262,Soybean,25,15/12/2024,70,Yes,Yes
83974,12268,Soybean,50,05/12/2024,48,Yes,Yes
81818,12269,Soybean,50,10/12/2024,45,Yes,Yes
78961,12274,Groundnuts,20,03/12/2024,20,Yes,Yes
80007,12278,Soybean,325,10/12/2024,60,Yes,Yes
79849,12288,Groundnuts,20,18/12/2024,30,No,Yes
91950,12299,Soybean,50,03/12/2024,45,Yes,Yes
79913,12303,Soybean,125,15/12/2024,93,Yes,Yes
88472,12304,Soybean,50,04/12/2024,47,Yes,Yes
99648,12307,Soybean,25,15/01/2025,90,Yes,Yes
85954,12313,Soybean,25,11/12/2024,50,Yes,Yes
86267,12320,Groundnuts,20,28/12/2024,50,No,Yes
112752,12322,Beans,20,07/02/2025,35,No,Yes
109433,12323,Beans,40,06/02/2025,75,No,Yes
109438,12331,Beans,40,07/02/2025,75,No,Yes
81693,12331,Groundnuts,20,26/12/2024,75,No,Yes
98703,17758,Groundnuts,20,23/11/2024,45,No,Yes
98704,17765,Groundnuts,20,19/11/2024,50,No,Yes
91352,17770,Soybean,25,29/11/2024,60,Yes,Yes
91351,17776,Soybean,50,27/12/2024,60,Yes,Yes
90827,17780,Soybean,25,25/12/2024,60,Yes,Yes
94300,17788,Groundnuts,20,29/11/2024,1,No,Yes
91063,17805,Soybean,25,31/01/2025,55,Yes,Yes
92002,17836,Soybean,25,13/12/2024,50,Yes,Yes
81585,17839,Soybean,25,12/12/2024,50,Yes,Yes
85822,17845,Soybean,25,13/12/2024,65,Yes,Yes
96627,17847,Soybean,25,14/01/2025,45,No,Yes
87806,17848,Soybean,25,16/12/2024,55,Yes,Yes
101963,12333,Beans,40,06/02/2025,75,No,Yes
89245,12336,Groundnuts,30,26/12/2024,75,No,Yes
100272,12361,Soybean,25,08/01/2025,60,Yes,Yes
101215,12375,Soybean,50,17/12/2024,60,Yes,Yes
96590,12420,Soybean,25,01/01/2025,5,Yes,Yes
92009,12422,Soybean,25,12/12/2024,60,Yes,Yes
99291,17860,Soybean,25,02/01/2025,50,Yes,Yes
80762,17868,Groundnuts,20,02/12/2024,35,No,Yes
80452,17873,Groundnuts,20,03/12/2024,15,No,Yes
92940,17882,Soybean,25,11/12/2024,60,Yes,Yes
81592,17895,Groundnuts,20,19/12/2024,45,No,Yes
81362,17900,Groundnuts,20,28/11/2024,45,No,Yes
87589,17905,Groundnuts,20,19/11/2024,45,No,Yes
90273,17914,Soybean,25,27/12/2024,60,Yes,Yes
90282,17915,Soybean,25,01/01/2025,60,Yes,Yes
89470,17919,Soybean,25,18/12/2024,50,No,No
91750,17923,Soybean,25,14/11/2024,45,Yes,Yes
100047,17924,Soybean,50,01/12/2024,45,Yes,Yes
96836,12425,Soybean,25,09/12/2024,70,Yes,Yes
91510,12455,Soybean,25,08/01/2025,45,Yes,Yes
104645,12471,Beans,20,05/02/2025,60,No,Yes
104647,12472,Beans,40,04/02/2025,60,No,Yes
102919,12474,Beans,20,01/02/2025,60,No,Yes
101293,12508,Soybean,25,08/12/2024,60,Yes,Yes
91529,12521,Soybean,50,04/01/2025,45,Yes,Yes
94299,17932,Groundnuts,20,28/11/2024,2,No,Yes
98395,17983,Soybean,25,09/01/2025,45,Yes,Yes
99619,17984,Soybean,25,19/12/2024,45,Yes,Yes
81675,17986,Soybean,25,14/12/2024,45,Yes,Yes
97451,17991,Soybean,25,08/01/2025,45,Yes,Yes
98393,17995,Soybean,25,25/12/2024,55,Yes,Yes
100235,17999,Soybean,25,06/01/2025,50,Yes,Yes
96706,18004,Soybean,25,08/01/2025,60,Yes,Yes
101154,18009,Soybean,25,28/12/2024,50,Yes,Yes
87585,18021,Groundnuts,20,23/12/2024,45,No,Yes
87587,18025,Groundnuts,20,26/12/2024,45,No,Yes
87590,18026,Groundnuts,20,20/11/2024,45,No,Yes
81034,18029,Soybean,2,19/12/2024,50,Yes,Yes
89116,18047,Soybean,25,13/12/2024,90,Yes,Yes
81698,18060,Soybean,25,15/12/2024,50,Yes,Yes
100414,18062,Soybean,25,07/01/2025,60,Yes,Yes
100419,18064,Soybean,25,08/01/2025,60,Yes,Yes
100545,18066,Soybean,25,07/12/2024,60,Yes,Yes
100265,18068,Soybean,25,11/12/2024,60,Yes,Yes
100426,18070,Soybean,25,10/01/2025,60,Yes,Yes
100624,18071,Soybean,25,13/12/2024,60,Yes,Yes
100413,18074,Soybean,25,10/01/2025,60,Yes,Yes
101182,12539,Soybean,25,12/01/2025,60,Yes,Yes
101340,12568,Soybean,25,12/12/2024,60,Yes,Yes
99610,12569,Soybean,25,10/12/2024,50,No,Yes
99290,12625,Soybean,50,02/01/2025,50,Yes,Yes
92860,12675,Soybean,3,22/11/2024,50,Yes,Yes
92870,12678,Soybean,3,20/11/2024,50,Yes,Yes
96869,12681,Soybean,100,17/11/2024,55,Yes,Yes
78664,12685,Soybean,50,09/12/2024,50,Yes,Yes
91473,12701,Soybean,50,05/01/2025,70,No,Yes
96049,12744,Soybean,25,17/11/2024,55,Yes,Yes
99038,17280,Groundnuts,20,25/11/2024,45,No,Yes
90616,20406,Soybean,25,31/01/2025,45,No,Yes
89780,20411,Soybean,50,07/01/2025,45,Yes,Yes
88852,20412,Soybean,25,08/01/2025,45,Yes,Yes
90623,20415,Soybean,25,08/01/2025,45,No,Yes
89777,20422,Soybean,25,01/01/2025,45,No,Yes
78497,20426,Groundnuts,20,28/12/2024,35,Yes,Yes
80555,20427,Groundnuts,20,01/12/2024,10,Yes,Yes
91609,20430,Soybean,25,03/01/2025,45,No,Yes
89599,20437,Soybean,25,31/12/2024,45,No,Yes
89600,20438,Soybean,25,02/01/2025,45,Yes,Yes
80888,20452,Soybean,25,15/12/2024,45,Yes,Yes
99214,17316,Soybean,25,11/12/2024,55,Yes,No
100014,17342,Soybean,50,09/12/2024,50,Yes,Yes
91295,17352,Soybean,50,01/01/2025,50,Yes,Yes
80704,17374,Groundnuts,20,19/11/2024,45,Yes,Yes
83415,17376,Groundnuts,20,22/12/2024,45,Yes,Yes
83416,17378,Groundnuts,20,22/12/2024,45,Yes,Yes
92247,17387,Soybean,25,01/01/2025,50,Yes,Yes
93463,17389,Soybean,25,13/01/2025,60,Yes,Yes
78449,17401,Groundnuts,40,01/12/2024,45,Yes,Yes
86090,17416,Groundnuts,20,28/12/2024,50,Yes,Yes
84090,17418,Groundnuts,20,18/12/2024,35,No,Yes
105475,20454,Beans,20,07/02/2025,8,No,Yes
85254,20455,Soybean,25,15/12/2024,45,Yes,Yes
83458,20462,Groundnuts,20,20/11/2024,45,No,Yes
79818,20463,Soybean,50,13/11/2024,45,Yes,Yes
79815,20475,Soybean,25,14/12/2024,45,Yes,Yes
84738,20476,Soybean,25,02/01/2025,45,Yes,Yes
80147,20477,Groundnuts,40,16/12/2024,45,No,Yes
88788,20480,Soybean,25,09/01/2025,45,Yes,Yes
88761,20485,Soybean,45,10/01/2025,45,Yes,Yes
87922,20489,Soybean,50,15/01/2025,45,Yes,Yes
85034,20493,Soybean,50,12/12/2024,50,No,Yes
86168,17447,Groundnuts,20,20/12/2024,50,Yes,Yes
82019,17459,Groundnuts,20,24/12/2024,50,Yes,Yes
85452,17460,Groundnuts,20,24/12/2024,50,Yes,Yes
86123,17466,Groundnuts,20,24/12/2024,45,Yes,Yes
86133,17468,Groundnuts,20,27/12/2024,45,Yes,Yes
86128,17475,Groundnuts,20,21/12/2024,50,Yes,Yes
99049,17483,Groundnuts,20,28/11/2024,45,No,Yes
99050,17484,Groundnuts,20,27/11/2024,50,No,Yes
95590,17502,Soybean,25,06/12/2024,45,Yes,Yes
81333,17506,Soybean,25,18/12/2024,50,Yes,Yes
99765,17518,Soybean,25,11/12/2024,22,No,Yes
98151,12763,Soybean,28,01/01/2025,60,Yes,Yes
96701,12769,Soybean,50,02/01/2025,60,Yes,Yes
93611,12793,Soybean,25,15/12/2024,15,Yes,Yes
90788,12811,Soybean,25,03/01/2025,50,Yes,Yes
104665,12815,Beans,20,12/03/2025,10,Yes,Yes
91481,12818,Soybean,25,01/01/2025,70,No,Yes
91484,12822,Soybean,25,01/01/2025,50,No,Yes
92837,12824,Soybean,25,29/12/2024,50,Yes,Yes
100546,18078,Soybean,25,08/01/2025,60,Yes,Yes
95002,18086,Soybean,25,10/01/2025,5,Yes,Yes
95304,18090,Soybean,25,06/01/2025,5,Yes,Yes
100425,18093,Soybean,25,12/12/2024,60,Yes,Yes
100421,18101,Soybean,50,11/01/2025,60,Yes,Yes
100625,18103,Soybean,25,10/01/2025,60,Yes,Yes
80461,18105,Groundnuts,20,30/11/2024,45,No,Yes
80463,18106,Groundnuts,20,29/11/2024,45,No,Yes
79653,18108,Groundnuts,20,28/11/2024,45,No,Yes
92286,18112,Soybean,25,14/12/2024,60,Yes,Yes
90569,18119,Soybean,25,09/01/2025,60,Yes,Yes
91706,18126,Soybean,25,27/10/2024,60,Yes,Yes
93637,18128,Soybean,25,15/11/2024,55,Yes,Yes
96863,18129,Soybean,25,15/01/2025,55,Yes,Yes
94325,18133,Soybean,25,07/01/2025,5,Yes,Yes
94335,18139,Soybean,25,05/01/2025,5,Yes,Yes
91086,18142,Soybean,25,27/12/2024,60,Yes,Yes
83833,18164,Soybean,2,10/12/2024,50,Yes,Yes
85627,18165,Soybean,2,20/12/2024,50,Yes,Yes
85633,18166,Soybean,1,23/12/2024,50,Yes,Yes
85628,18171,Soybean,1,13/12/2024,50,Yes,Yes
85625,18174,Beans,1,01/12/2024,50,Yes,Yes
79450,12859,Groundnuts,45,16/11/2024,45,No,Yes
100909,12865,Soybean,75,20/12/2024,80,Yes,Yes
81017,12872,Groundnuts,40,29/11/2024,25,Yes,Yes
91635,12891,Groundnuts,20,20/12/2024,30,No,Yes
95883,12895,Soybean,50,17/11/2024,55,Yes,Yes
98179,12909,Soybean,2,01/01/2025,10,No,Yes
86269,12934,Soybean,50,31/12/2024,50,Yes,Yes
82996,12963,Soybean,25,10/12/2024,50,Yes,Yes
81030,12977,Soybean,1,18/12/2024,50,Yes,Yes
89563,12978,Soybean,2,18/12/2024,50,Yes,Yes
90124,12981,Soybean,25,05/01/2025,70,Yes,Yes
99272,13020,Soybean,50,12/12/2024,50,Yes,No
106572,13038,Beans,20,04/02/2025,70,No,Yes
106551,13042,Beans,20,04/02/2025,70,No,Yes
89989,13062,Soybean,25,20/12/2024,50,Yes,Yes
79009,18178,Soybean,50,12/12/2024,50,Yes,Yes
83837,18183,Soybean,1,23/12/2024,50,Yes,Yes
91708,18185,Soybean,25,08/01/2025,60,Yes,Yes
80155,18187,Soybean,1,13/12/2024,50,Yes,Yes
79011,18188,Soybean,1,19/12/2024,50,Yes,Yes
80513,18189,Soybean,1,20/12/2024,50,Yes,Yes
79010,18190,Soybean,1,16/12/2024,50,Yes,Yes
84672,18193,Soybean,1,22/12/2024,50,Yes,Yes
84679,18199,Soybean,1,15/11/2024,50,Yes,Yes
85626,18200,Soybean,2,23/12/2024,50,Yes,Yes
79743,18203,Soybean,2,06/12/2024,50,Yes,Yes
91485,13063,Soybean,50,05/01/2025,70,No,Yes
118154,13071,Soybean,25,01/12/2024,45,Yes,Yes
95124,13076,Soybean,25,20/12/2024,50,Yes,Yes
104340,13136,Beans,20,07/02/2025,10,Yes,Yes
80997,13143,Groundnuts,40,18/11/2024,30,Yes,Yes
115508,13158,Beans,40,14/02/2025,50,No,Yes
109376,13160,Beans,80,02/03/2025,50,No,Yes
87442,13164,Soybean,25,28/12/2024,60,No,No
106325,13185,Beans,40,02/03/2025,50,No,Yes
92600,13217,Soybean,50,08/01/2025,60,Yes,Yes
101228,13219,Soybean,50,10/12/2024,50,Yes,Yes
101509,13220,Soybean,50,12/12/2024,50,Yes,Yes
107842,13233,Beans,20,05/02/2025,15,No,Yes
102960,13258,Beans,20,09/02/2025,60,No,Yes
101904,13301,Beans,40,04/02/2025,10,No,Yes
102640,13302,Beans,20,02/02/2025,60,No,Yes
91452,13341,Groundnuts,20,04/01/2025,45,No,Yes
104628,13351,Beans,60,04/02/2025,60,No,Yes
108399,13396,Beans,20,05/02/2025,30,No,Yes
96050,18230,Soybean,25,15/12/2024,55,Yes,Yes
95235,18270,Soybean,25,17/11/2024,55,Yes,Yes
94501,18293,Soybean,25,12/01/2025,65,Yes,Yes
94510,18303,Soybean,25,05/01/2025,70,Yes,Yes
92258,18308,Soybean,25,06/01/2025,45,Yes,Yes
97653,18309,Soybean,25,02/01/2025,50,Yes,Yes
89987,18443,Soybean,100,04/01/2025,30,No,Yes
97488,18445,Soybean,50,02/01/2025,55,Yes,Yes
84118,18447,Soybean,25,25/11/2024,60,Yes,Yes
97490,18448,Soybean,25,07/01/2025,65,Yes,Yes
102030,18460,Beans,20,03/02/2025,10,No,Yes
89401,18469,Soybean,2,12/12/2024,50,Yes,Yes
89403,18470,Soybean,1,03/12/2024,50,Yes,Yes
89411,18471,Soybean,1,27/12/2024,50,Yes,Yes
102141,18473,Beans,20,03/02/2025,10,No,Yes
94488,18476,Soybean,25,03/01/2025,15,Yes,Yes
83635,18482,Soybean,25,27/12/2024,58,Yes,Yes
89217,18484,Soybean,25,09/01/2025,60,Yes,Yes
89215,18485,Soybean,25,13/12/2024,60,Yes,Yes
93055,18506,Soybean,25,04/01/2025,50,Yes,Yes
78450,18509,Groundnuts,20,01/12/2024,35,Yes,Yes
78454,18511,Groundnuts,20,03/12/2024,35,Yes,Yes
104650,18523,Beans,20,06/02/2025,60,No,Yes
103022,18526,Beans,20,04/02/2025,60,No,Yes
103043,18530,Beans,20,08/02/2025,60,No,Yes
103036,18532,Beans,40,11/02/2025,60,No,Yes
95082,18538,Soybean,25,03/01/2025,50,Yes,Yes
91946,18542,Soybean,25,13/12/2024,50,Yes,Yes
97073,18544,Soybean,25,09/01/2025,50,Yes,Yes
91122,18546,Soybean,25,15/12/2024,45,Yes,Yes
97002,18554,Soybean,25,05/12/2024,50,Yes,Yes
96887,13406,Soybean,25,03/01/2025,50,Yes,Yes
100303,13420,Groundnuts,20,14/01/2025,70,No,Yes
100304,13422,Groundnuts,20,08/01/2025,70,No,Yes
100252,13425,Groundnuts,20,17/01/2025,70,No,Yes
101072,13427,Groundnuts,20,15/01/2025,70,No,Yes
100254,13429,Groundnuts,20,13/01/2025,80,No,Yes
101276,13457,Soybean,50,11/12/2024,50,Yes,Yes
96888,13459,Soybean,50,10/12/2024,50,Yes,Yes
105450,13495,Beans,40,03/02/2025,80,No,No
103487,13496,Beans,40,08/02/2025,75,No,Yes
109727,13498,Beans,20,20/02/2025,55,No,Yes
108709,13500,Beans,40,18/02/2025,60,No,Yes
108707,13501,Beans,40,15/02/2025,55,No,Yes
102437,13504,Beans,20,03/02/2025,90,No,No
117743,13539,Beans,40,24/02/2025,60,No,Yes
103610,13568,Beans,20,02/02/2025,60,No,Yes
103980,13569,Beans,20,02/02/2025,60,No,Yes
101382,13572,Groundnuts,20,17/01/2025,60,No,Yes
89256,13604,Soybean,50,29/12/2024,57,Yes,Yes
87599,13646,Soybean,50,18/12/2024,7,Yes,Yes
87040,13681,Groundnuts,40,01/01/2025,50,No,Yes
82363,13701,Soybean,25,13/12/2024,50,Yes,Yes
81241,18577,Soybean,25,06/12/2024,50,Yes,Yes
81718,18579,Soybean,50,23/12/2024,45,Yes,Yes
84322,18581,Soybean,25,26/12/2024,50,Yes,Yes
90173,18588,Soybean,25,19/12/2024,50,Yes,Yes
81603,18589,Soybean,75,10/11/2024,50,Yes,Yes
79957,18591,Soybean,25,17/11/2024,50,Yes,Yes
79629,18594,Soybean,25,26/11/2024,50,Yes,Yes
81596,18597,Soybean,25,10/11/2024,50,Yes,Yes
102496,18603,Beans,20,10/02/2025,45,No,Yes
97494,18608,Soybean,25,15/12/2024,50,Yes,Yes
89471,18617,Soybean,25,20/11/2024,50,Yes,Yes
90197,18619,Soybean,25,19/12/2024,50,Yes,Yes
91070,18625,Soybean,25,01/01/2025,65,Yes,Yes
116397,18635,Beans,20,05/03/2025,80,Yes,Yes
89663,18637,Soybean,50,12/12/2024,50,Yes,Yes
89696,18640,Soybean,25,14/12/2024,45,Yes,Yes
87241,18641,Soybean,3,15/01/2025,50,Yes,Yes
84675,18658,Soybean,1,13/12/2024,50,Yes,Yes
81591,18659,Groundnuts,20,27/11/2024,45,No,Yes
99412,18661,Soybean,25,01/01/2025,65,No,Yes
98487,18665,Soybean,25,05/01/2025,50,No,Yes
81559,18670,Soybean,50,03/12/2024,50,No,Yes
81898,18685,Soybean,50,29/11/2024,50,Yes,Yes
82495,18687,Soybean,1,22/12/2024,50,Yes,Yes
82512,18689,Soybean,1,25/12/2024,50,Yes,Yes
82491,18690,Soybean,1,26/12/2024,50,Yes,Yes
82482,18697,Soybean,1,26/12/2024,50,Yes,Yes
82516,18709,Soybean,1,29/12/2024,50,Yes,Yes
83254,13704,Soybean,25,07/12/2024,51,Yes,Yes
87542,13706,Soybean,25,21/12/2024,45,Yes,Yes
88312,13707,Soybean,25,19/12/2024,50,Yes,Yes
82318,13717,Soybean,25,20/12/2024,50,Yes,Yes
86070,13750,Soybean,25,24/12/2024,50,Yes,Yes
81926,13763,Soybean,25,13/12/2024,60,Yes,Yes
101888,13769,Beans,40,03/02/2025,8,No,Yes
82327,13779,Soybean,25,07/12/2024,48,Yes,Yes
87538,13780,Soybean,25,02/01/2025,50,Yes,Yes
85454,13805,Groundnuts,40,02/01/2025,50,No,Yes
81086,13807,Groundnuts,20,15/12/2024,50,No,Yes
108979,13822,Beans,40,14/02/2025,60,No,Yes
108991,13833,Beans,40,19/02/2025,60,No,Yes
110765,13877,Beans,20,10/02/2025,120,No,Yes
118965,13886,Beans,40,26/02/2025,60,No,Yes
118964,13887,Beans,20,23/02/2025,60,No,Yes
100729,13938,Soybean,25,06/01/2025,50,Yes,Yes
83297,13939,Soybean,25,13/12/2024,60,Yes,Yes
109683,14005,Beans,40,13/02/2025,55,No,Yes
105697,14009,Beans,40,05/02/2025,40,No,Yes
109643,14013,Beans,40,04/02/2025,35,No,Yes
109641,14020,Beans,40,04/02/2025,35,No,Yes
105271,14025,Beans,20,05/02/2025,40,No,Yes
105270,14035,Beans,20,05/02/2025,40,No,Yes
89590,14051,Groundnuts,30,23/12/2024,75,No,Yes
107325,14063,Beans,20,07/02/2025,75,No,Yes
102795,14078,Beans,20,06/02/2025,75,No,Yes
102796,14079,Beans,20,09/02/2025,75,No,Yes
102048,14107,Beans,40,05/02/2025,75,No,Yes
82489,18710,Soybean,1,26/12/2024,50,Yes,Yes
82506,18712,Soybean,1,29/12/2024,50,Yes,Yes
81537,18714,Soybean,2,20/12/2024,50,Yes,Yes
78606,18720,Soybean,2,28/11/2024,50,Yes,Yes
83680,18731,Groundnuts,20,26/11/2024,30,Yes,Yes
85910,18734,Groundnuts,20,02/12/2024,30,Yes,Yes
97837,18742,Soybean,1,30/12/2024,10,No,Yes
98183,18747,Soybean,1,01/01/2025,10,No,Yes
81038,18758,Soybean,1,21/12/2024,50,Yes,Yes
81263,18759,Soybean,1,19/12/2024,50,Yes,Yes
83802,18761,Soybean,1,19/12/2024,50,Yes,Yes
85044,18764,Soybean,1,18/12/2024,50,Yes,Yes
81258,18769,Soybean,2,18/12/2024,50,Yes,Yes
83808,18770,Soybean,2,21/12/2024,50,Yes,Yes
83814,18775,Soybean,2,19/12/2024,50,Yes,Yes
83816,18783,Soybean,3,19/12/2024,50,Yes,Yes
85132,18784,Soybean,1,26/12/2024,50,Yes,Yes
83810,18788,Soybean,3,19/12/2024,50,Yes,Yes
82816,18804,Soybean,25,09/12/2024,56,Yes,Yes
82330,18806,Soybean,50,29/11/2024,50,Yes,Yes
106268,14108,Beans,20,06/02/2025,75,No,Yes
106267,14109,Beans,40,05/02/2025,75,No,Yes
106181,14130,Beans,10,06/02/2025,75,No,Yes
106180,14131,Beans,20,07/02/2025,75,No,Yes
106176,14141,Beans,20,10/02/2025,75,No,Yes
112002,14146,Beans,10,09/02/2025,40,No,Yes
106175,14149,Beans,20,05/02/2025,75,No,Yes
105691,14162,Beans,20,05/02/2025,75,No,Yes
106197,14164,Beans,40,06/02/2025,75,No,Yes
106172,14168,Beans,20,05/02/2025,75,No,Yes
107823,14191,Beans,20,22/02/2025,60,No,Yes
107819,14195,Beans,20,20/02/2025,60,No,Yes
79859,14219,Groundnuts,20,20/12/2024,30,No,Yes
109983,14236,Beans,40,15/02/2025,60,No,Yes
79674,18815,Soybean,23,15/12/2024,50,Yes,Yes
114980,18821,Beans,20,03/03/2025,50,No,No
108204,18823,Beans,20,27/02/2025,50,No,Yes
88377,18829,Groundnuts,20,25/12/2024,45,No,Yes
78442,18833,Soybean,50,06/12/2024,45,Yes,Yes
85063,18834,Soybean,50,26/12/2024,45,Yes,Yes
86328,18846,Soybean,25,05/01/2025,50,No,Yes
89984,18859,Soybean,52,01/01/2025,23,No,Yes
94857,18861,Soybean,25,08/01/2025,5,Yes,Yes
80141,18877,Soybean,2,10/12/2024,50,Yes,Yes
85612,18878,Soybean,3,31/12/2024,50,Yes,Yes
109133,14269,Beans,80,18/02/2025,60,No,Yes
109134,14273,Beans,20,19/02/2025,60,No,Yes
109135,14282,Beans,20,24/02/2025,60,No,Yes
89731,14292,Groundnuts,80,01/01/2025,50,No,Yes
109403,14316,Beans,40,20/02/2025,60,Yes,Yes
109461,14318,Beans,40,20/02/2025,60,No,Yes
108850,14344,Beans,20,18/02/2025,50,Yes,Yes
108715,14348,Beans,40,02/02/2025,10,No,Yes
114197,14358,Beans,20,06/02/2025,14,No,No
109294,14367,Beans,20,02/02/2025,12,No,Yes
114222,14387,Beans,20,04/02/2025,14,No,Yes
109273,14389,Beans,20,04/02/2025,13,No,No
80113,18880,Soybean,1,20/12/2024,50,Yes,Yes
80143,18883,Soybean,2,27/12/2024,50,Yes,Yes
101457,18887,Soybean,25,10/01/2025,60,Yes,Yes
79326,18893,Soybean,40,24/11/2024,45,No,Yes
83953,18907,Soybean,50,30/11/2024,50,No,Yes
90186,18908,Soybean,25,17/12/2024,50,No,Yes
90210,18909,Soybean,50,23/12/2024,50,No,Yes
84243,18913,Soybean,25,28/12/2024,45,No,Yes
80119,18922,Soybean,2,20/12/2024,50,Yes,Yes
81533,18923,Soybean,6,22/12/2024,50,Yes,Yes
88004,18927,Soybean,50,27/12/2024,50,Yes,Yes
88009,18933,Soybean,25,02/01/2025,50,Yes,Yes
88018,18936,Soybean,25,25/12/2024,50,Yes,Yes
80139,18937,Soybean,2,27/11/2024,50,Yes,Yes
118511,18938,Beans,20,05/03/2025,50,No,Yes
105184,18955,Beans,40,20/02/2025,10,No,Yes
105185,18962,Beans,40,23/02/2025,10,No,Yes
110960,18970,Beans,20,12/02/2025,10,No,Yes
104893,18971,Beans,20,23/02/2025,10,No,Yes
109280,14407,Beans,20,02/02/2025,13,No,No
117735,14411,Beans,40,24/02/2025,60,No,Yes
115559,14422,Beans,80,06/02/2025,50,No,Yes
102167,14428,Beans,20,19/02/2025,30,No,Yes
114738,14452,Beans,20,02/02/2025,10,Yes,Yes
100584,14459,Groundnuts,20,17/01/2025,45,No,No
99845,14461,Groundnuts,20,06/01/2025,50,Yes,Yes
114231,14475,Beans,40,08/02/2025,14,No,No
108772,14480,Beans,20,03/02/2025,10,No,Yes
97871,14526,Soybean,25,01/01/2025,65,Yes,Yes
110206,14529,Beans,40,21/02/2025,60,No,Yes
102049,14558,Beans,20,10/02/2025,75,No,Yes
104842,14567,Beans,20,04/03/2025,20,No,Yes
113179,14579,Beans,40,10/02/2025,60,No,Yes
107821,14606,Beans,20,22/02/2025,60,No,Yes
114198,14618,Beans,20,04/02/2025,13,No,Yes
101324,14642,Soybean,25,14/12/2024,50,Yes,Yes
93829,14774,Soybean,25,30/12/2024,20,Yes,Yes
93513,14778,Soybean,25,02/01/2025,20,Yes,Yes
92199,14870,Soybean,25,06/01/2025,20,Yes,Yes
82815,14945,Groundnuts,20,29/11/2024,50,Yes,Yes
104178,14951,Beans,20,03/03/2025,60,No,Yes
100123,14961,Groundnuts,20,20/12/2024,50,No,Yes
102248,14968,Beans,40,03/02/2025,10,No,Yes
87496,14983,Groundnuts,40,15/11/2024,30,No,Yes
109986,15073,Beans,20,14/02/2025,60,No,Yes
94308,15183,Soybean,25,01/01/2025,6,Yes,Yes
80819,15214,Groundnuts,20,25/11/2024,45,No,Yes
77875,15263,Soybean,75,03/12/2024,5,Yes,Yes
87495,15279,Groundnuts,20,14/11/2024,30,No,Yes
77834,15286,Groundnuts,20,16/11/2024,45,No,Yes
99430,18981,Soybean,25,24/01/2025,20,Yes,Yes
108207,18984,Beans,40,18/02/2025,50,No,Yes
102187,18988,Groundnuts,20,12/12/2024,20,Yes,Yes
114826,18993,Beans,20,28/02/2025,50,No,Yes
114820,18994,Beans,40,26/02/2025,50,No,Yes
112161,18999,Beans,20,02/02/2025,50,No,No
85445,19012,Soybean,25,01/01/2025,45,No,Yes
84673,19070,Soybean,2,22/12/2024,50,Yes,Yes
90794,19078,Soybean,25,02/01/2025,45,No,Yes
82748,19079,Groundnuts,20,01/01/2025,50,No,Yes
99217,19092,Groundnuts,20,04/12/2024,20,Yes,Yes
78088,15327,Groundnuts,20,20/11/2024,45,No,Yes
85066,15348,Soybean,25,04/01/2025,45,No,Yes
93933,15356,Soybean,50,12/12/2024,45,No,Yes
91337,15367,Soybean,25,04/01/2025,45,Yes,Yes
93937,15406,Soybean,75,18/12/2024,45,No,Yes
114823,15434,Beans,20,27/02/2025,50,Yes,Yes
87500,15444,Groundnuts,20,20/12/2024,30,No,Yes
118169,15449,Beans,80,27/02/2025,50,No,Yes
119304,15451,Beans,120,06/03/2025,90,No,Yes
112522,15452,Beans,40,08/03/2025,50,Yes,Yes
114827,15454,Beans,40,27/02/2025,50,No,Yes
112163,15457,Beans,40,06/02/2025,50,No,Yes
87505,15467,Groundnuts,20,19/11/2024,30,No,Yes
106500,15473,Beans,20,23/02/2025,50,No,Yes
97690,15477,Maize,10,13/12/2024,65,No,Yes
117536,15480,Beans,40,28/02/2025,75,No,Yes
87508,15500,Groundnuts,20,23/12/2024,30,No,Yes
87510,15503,Groundnuts,20,14/12/2024,30,No,Yes
87516,15512,Groundnuts,20,17/11/2024,30,No,Yes
88715,15517,Groundnuts,20,07/12/2024,45,No,Yes
87775,15518,Groundnuts,20,29/11/2024,45,No,Yes
88721,15519,Groundnuts,20,04/12/2024,5,Yes,Yes
99266,19099,Groundnuts,40,24/01/2025,20,No,Yes
93337,19108,Groundnuts,20,11/11/2024,35,Yes,Yes
91622,19112,Beans,100,26/12/2024,50,Yes,Yes
87398,19118,Soybean,25,05/01/2025,45,No,Yes
89685,19119,Soybean,50,05/01/2025,45,No,Yes
89676,19120,Soybean,25,15/12/2024,45,No,Yes
84759,19124,Soybean,25,31/12/2024,60,Yes,Yes
91877,19131,Soybean,2,28/12/2024,30,Yes,Yes
91883,19132,Soybean,1,04/01/2025,30,Yes,Yes
89240,19141,Soybean,50,02/01/2025,50,Yes,Yes
99582,19144,Soybean,25,16/01/2025,20,Yes,Yes
98835,19146,Soybean,25,19/01/2025,10,Yes,Yes
98836,19148,Groundnuts,40,03/01/2025,20,No,Yes
99597,19152,Soybean,25,06/01/2025,20,Yes,Yes
98840,19153,Soybean,25,02/01/2025,20,Yes,Yes
99596,19156,Soybean,25,09/12/2024,20,Yes,Yes
84444,19164,Soybean,50,03/01/2025,50,No,Yes
84449,19166,Soybean,25,17/12/2024,50,No,Yes
84451,19168,Soybean,25,02/01/2025,50,No,Yes
78645,19172,Soybean,25,12/12/2024,50,Yes,Yes
84455,19173,Soybean,25,02/01/2025,50,No,Yes
84445,19174,Soybean,25,30/01/2025,50,No,Yes
84447,19175,Soybean,25,27/12/2024,50,No,Yes
87805,19177,Soybean,25,02/01/2025,50,No,Yes
85616,19181,Soybean,2,01/01/2025,50,Yes,Yes
85839,19182,Soybean,4,27/12/2024,50,Yes,Yes
82847,19187,Soybean,5,27/12/2024,50,Yes,Yes
84168,19188,Soybean,1,07/11/2024,50,Yes,Yes
109748,19197,Beans,20,18/02/2025,100,Yes,Yes
91544,19198,Soybean,25,27/11/2024,45,Yes,Yes
94485,19202,Soybean,25,03/01/2025,15,Yes,Yes
94443,19205,Soybean,50,02/01/2025,15,Yes,Yes
88719,15534,Groundnuts,20,13/12/2024,5,Yes,Yes
79094,15541,Groundnuts,20,11/12/2024,45,No,Yes
83178,15547,Soybean,25,03/01/2025,60,Yes,Yes
78556,15551,Groundnuts,20,30/12/2024,45,Yes,Yes
91181,15556,Groundnuts,40,15/12/2024,40,No,Yes
87523,15561,Groundnuts,20,18/11/2024,30,No,Yes
87525,15563,Groundnuts,20,17/11/2024,30,No,Yes
87526,15564,Groundnuts,20,16/11/2024,30,No,Yes
87527,15565,Groundnuts,20,18/11/2024,30,No,Yes
82426,19216,Soybean,50,11/11/2024,50,Yes,Yes
93341,19258,Groundnuts,20,18/12/2024,35,Yes,Yes
94491,19266,Soybean,25,01/01/2025,15,Yes,Yes
94484,19270,Soybean,25,04/01/2025,15,Yes,Yes
94478,19271,Soybean,25,30/12/2024,15,Yes,Yes
95781,19274,Groundnuts,20,01/01/2025,40,Yes,Yes
82863,19285,Soybean,25,18/11/2024,50,Yes,Yes
82862,19286,Soybean,50,28/11/2024,45,Yes,Yes
111961,15571,Beans,20,20/02/2025,10,No,Yes
80666,15581,Groundnuts,20,22/12/2024,45,Yes,Yes
80792,15596,Groundnuts,20,18/12/2024,45,Yes,Yes
80909,15597,Groundnuts,20,11/12/2024,45,Yes,Yes
80906,15608,Groundnuts,20,17/12/2024,30,Yes,Yes
80908,15610,Groundnuts,20,20/12/2024,30,Yes,Yes
80791,15613,Groundnuts,20,11/12/2024,30,Yes,Yes
119295,15616,Beans,20,06/03/2025,50,No,Yes
79043,15617,Groundnuts,10,01/12/2024,35,Yes,Yes
78555,15618,Groundnuts,20,29/12/2024,45,Yes,Yes
79045,15626,Groundnuts,20,03/12/2024,45,Yes,Yes
79431,15636,Groundnuts,20,29/11/2024,35,No,Yes
83407,15653,Groundnuts,20,12/11/2024,45,Yes,Yes
78162,15701,Maize,10,13/12/2024,75,No,Yes
82767,19300,Soybean,50,26/12/2024,45,No,Yes
114978,19302,Beans,20,07/03/2025,50,Yes,No
108203,19306,Beans,20,22/02/2025,50,No,No
89585,19310,Soybean,25,04/01/2025,20,Yes,Yes
93332,19316,Groundnuts,20,20/11/2024,30,No,Yes
83676,19341,Soybean,20,02/12/2024,45,No,Yes
80962,19342,Groundnuts,20,02/12/2024,15,No,Yes
80760,19344,Groundnuts,20,25/11/2024,45,No,Yes
80770,19345,Groundnuts,20,03/12/2024,45,No,Yes
92581,19349,Soybean,25,06/01/2025,20,Yes,Yes
92198,19352,Soybean,25,02/01/2025,20,Yes,Yes
77961,19354,Groundnuts,20,08/12/2024,65,Yes,Yes
84758,19359,Soybean,25,04/01/2025,50,Yes,Yes
86835,19362,Soybean,50,24/12/2024,60,Yes,Yes
82686,19365,Soybean,25,28/12/2024,60,Yes,Yes
78813,19369,Soybean,20,12/12/2024,50,No,Yes
78810,19370,Soybean,20,02/12/2024,50,Yes,Yes
83778,19372,Soybean,25,22/12/2024,50,Yes,Yes
83362,15741,Groundnuts,20,16/11/2024,45,No,Yes
83363,15742,Groundnuts,20,17/11/2024,45,No,Yes
94511,19375,Soybean,25,02/01/2025,75,Yes,Yes
85581,19388,Soybean,75,24/12/2024,54,Yes,Yes
88940,19390,Soybean,25,04/01/2025,50,Yes,Yes
82972,19409,Soybean,50,18/12/2024,50,Yes,Yes
82655,19411,Soybean,25,29/12/2024,50,Yes,Yes
82974,19414,Soybean,25,20/12/2024,50,Yes,Yes
91489,19420,Soybean,25,27/12/2024,50,Yes,Yes
91461,19421,Soybean,25,25/12/2024,50,Yes,Yes
83105,19422,Soybean,50,23/12/2024,50,Yes,Yes
82615,19423,Soybean,50,28/12/2024,50,Yes,Yes
82618,19426,Soybean,75,20/12/2024,50,Yes,Yes
91131,15775,Soybean,50,20/12/2024,50,No,Yes
79042,15778,Groundnuts,20,01/12/2024,45,Yes,Yes
93143,15785,Groundnuts,20,26/11/2024,45,No,Yes
78761,15786,Groundnuts,20,28/11/2024,45,No,Yes
84745,15788,Soybean,125,03/01/2025,35,Yes,Yes
90340,15800,Groundnuts,20,13/11/2024,45,No,Yes
82024,15809,Groundnuts,20,18/12/2024,30,No,Yes
82554,15810,Groundnuts,20,19/11/2024,30,No,Yes
79805,15811,Groundnuts,20,19/11/2024,30,No,Yes
79806,15812,Groundnuts,20,20/11/2024,30,No,Yes
82553,15813,Groundnuts,20,29/12/2024,30,No,Yes
79997,15819,Groundnuts,20,28/11/2024,35,No,Yes
81857,15824,Groundnuts,20,19/12/2024,35,No,Yes
78677,15832,Groundnuts,20,28/11/2024,35,No,Yes
81863,15833,Groundnuts,40,27/12/2024,35,No,Yes
80003,15841,Groundnuts,20,28/11/2024,35,No,Yes
94309,15851,Soybean,25,07/01/2025,6,Yes,Yes
94310,15852,Soybean,25,08/01/2025,6,Yes,Yes
78451,15860,Groundnuts,20,02/12/2024,45,Yes,Yes
78521,15865,Groundnuts,20,25/11/2024,45,No,Yes
82608,19427,Soybean,25,20/12/2024,50,Yes,Yes
81896,19431,Soybean,25,18/12/2024,50,Yes,Yes
81902,19433,Soybean,50,18/12/2024,50,Yes,Yes
81892,19434,Soybean,50,19/12/2024,50,Yes,Yes
84702,19449,Soybean,4,24/12/2024,50,Yes,Yes
84686,19468,Soybean,1,01/01/2025,50,Yes,Yes
84688,19470,Soybean,1,27/12/2024,50,Yes,Yes
103130,19476,Beans,20,08/02/2025,60,No,Yes
79977,19483,Soybean,25,10/12/2024,10,Yes,Yes
92828,19485,Soybean,25,30/12/2024,15,Yes,Yes
91995,19486,Soybean,25,28/12/2024,15,Yes,Yes
93155,19494,Soybean,25,10/01/2025,15,Yes,Yes
93172,19496,Soybean,50,20/12/2024,15,Yes,Yes
94859,19498,Soybean,25,05/01/2025,50,Yes,Yes
80568,19501,Soybean,45,12/12/2024,45,Yes,Yes
78443,19506,Soybean,75,08/12/2024,5,Yes,Yes
93156,19508,Soybean,25,10/12/2024,15,Yes,Yes
92127,19509,Soybean,25,09/01/2025,15,Yes,Yes
93159,19511,Soybean,25,11/12/2024,15,Yes,Yes
78215,15884,Soybean,25,12/12/2024,60,Yes,Yes
109746,15889,Beans,20,15/02/2025,50,No,Yes
116403,15891,Beans,20,10/03/2025,50,No,Yes
115489,15894,Beans,20,28/02/2025,60,Yes,Yes
115233,15895,Beans,40,24/02/2025,40,No,Yes
113277,15900,Beans,20,27/02/2025,60,No,Yes
118350,15902,Beans,160,24/02/2025,60,No,Yes
115640,15903,Beans,80,15/02/2025,60,No,Yes
115625,15908,Beans,20,24/02/2025,60,No,No
116637,15910,Beans,40,15/02/2025,60,No,Yes
118912,15913,Beans,20,24/02/2025,60,No,Yes
115871,15938,Beans,20,20/02/2025,60,No,Yes
85433,15939,Groundnuts,20,01/01/2025,6,No,Yes
78705,15946,Soybean,25,12/12/2024,50,Yes,Yes
114129,15967,Beans,20,08/03/2025,75,No,Yes
112524,15971,Beans,100,01/03/2025,90,No,Yes
90258,15974,Groundnuts,20,24/11/2024,45,No,Yes
78221,15975,Soybean,25,17/12/2024,60,Yes,Yes
81860,15985,Groundnuts,20,27/12/2024,35,No,Yes
81001,15997,Groundnuts,40,17/11/2024,25,Yes,Yes
78640,19518,Soybean,125,02/12/2024,50,Yes,Yes
78106,19519,Soybean,50,01/12/2024,5,Yes,Yes
85002,19527,Soybean,20,26/12/2024,50,No,Yes
81825,19529,Soybean,25,29/12/2024,50,No,Yes
82011,19531,Soybean,25,27/12/2024,50,Yes,Yes
82633,19539,Soybean,40,02/01/2025,50,No,Yes
100926,19541,Soybean,25,19/12/2024,20,Yes,Yes
100930,19542,Groundnuts,40,11/12/2024,20,No,Yes
100931,19549,Groundnuts,80,07/12/2024,20,Yes,Yes
99585,19555,Soybean,25,08/01/2025,20,Yes,Yes
98837,19556,Groundnuts,40,03/01/2025,20,No,Yes
79882,19558,Soybean,25,10/12/2024,15,Yes,Yes
90112,19565,Soybean,25,20/12/2024,50,Yes,Yes
89650,19578,Soybean,25,02/01/2025,20,Yes,Yes
92830,19581,Soybean,100,16/12/2024,15,Yes,Yes
92281,19582,Soybean,25,01/01/2025,20,Yes,Yes
92216,19586,Soybean,25,03/01/2025,20,Yes,Yes
94608,19589,Beans,100,06/01/2025,15,No,Yes
92280,19603,Soybean,50,20/12/2024,20,Yes,Yes
83307,19609,Soybean,100,14/12/2024,45,No,Yes
94331,16022,Soybean,25,18/12/2024,45,No,Yes
81683,16027,Soybean,25,12/12/2024,12,Yes,Yes
94157,16031,Soybean,25,29/12/2024,50,Yes,Yes
81384,16052,Groundnuts,20,02/12/2024,30,No,Yes
79186,16081,Groundnuts,20,03/12/2024,35,No,Yes
79183,16082,Groundnuts,20,02/12/2024,42,No,Yes
79733,16089,Groundnuts,20,19/12/2024,35,No,Yes
81358,16129,Groundnuts,20,27/11/2024,45,No,Yes
81360,16130,Groundnuts,20,30/11/2024,45,No,Yes
81361,16132,Groundnuts,20,29/11/2024,45,No,Yes
81356,16134,Groundnuts,20,27/11/2024,45,No,Yes
86388,16147,Groundnuts,20,02/01/2025,3,No,Yes
86423,16149,Groundnuts,20,03/01/2025,3,No,Yes
86963,16151,Groundnuts,20,29/11/2024,3,No,Yes
84234,16155,Soybean,25,01/01/2025,45,Yes,Yes
95296,16164,Soybean,25,14/12/2024,75,Yes,Yes
93700,16167,Groundnuts,20,04/12/2024,30,Yes,Yes
84794,16175,Groundnuts,20,18/12/2024,30,No,Yes
105171,16181,Beans,80,18/02/2025,10,No,Yes
110958,16182,Beans,20,15/02/2025,10,No,Yes
100620,19637,Groundnuts,20,12/01/2025,20,Yes,Yes
100590,19641,Soybean,125,02/01/2025,20,Yes,Yes
90782,19661,Soybean,25,03/01/2025,45,Yes,Yes
93404,19667,Soybean,25,14/01/2025,20,Yes,Yes
91183,19671,Soybean,25,10/01/2025,20,Yes,Yes
91224,19677,Soybean,25,08/01/2025,20,Yes,Yes
91218,19678,Soybean,25,03/01/2025,20,Yes,Yes
86393,19683,Soybean,50,06/01/2025,50,Yes,Yes
89112,19685,Soybean,25,03/01/2025,50,Yes,Yes
84342,19688,Soybean,50,04/01/2025,45,Yes,Yes
84240,19689,Soybean,25,05/01/2025,50,Yes,Yes
94899,19692,Soybean,50,09/01/2025,50,Yes,Yes
85662,19703,Soybean,25,30/12/2024,50,Yes,Yes
78929,19706,Soybean,50,13/12/2024,50,Yes,Yes
88070,19707,Soybean,25,08/01/2025,50,Yes,Yes
81468,19717,Soybean,100,22/12/2024,50,Yes,Yes
88069,19719,Soybean,50,06/01/2025,55,Yes,Yes
104892,16183,Beans,20,20/02/2025,10,No,Yes
87073,16198,Groundnuts,20,28/11/2024,45,Yes,Yes
108419,16202,Beans,20,15/01/2025,20,No,Yes
92212,16204,Soybean,50,26/12/2024,45,Yes,Yes
92669,17523,Soybean,25,01/01/2025,60,Yes,Yes
90856,17534,Groundnuts,20,29/11/2024,30,Yes,Yes
90863,17541,Groundnuts,20,20/12/2024,30,No,Yes
93273,17543,Groundnuts,20,19/12/2024,35,No,Yes
93061,17555,Groundnuts,20,19/12/2024,30,No,Yes
93064,17556,Groundnuts,20,20/12/2024,30,No,Yes
91857,17580,Soybean,3,28/12/2024,30,Yes,Yes
91879,17582,Soybean,1,01/01/2025,30,Yes,Yes
92655,17587,Soybean,25,29/12/2024,50,Yes,Yes
80949,17605,Soybean,25,09/12/2024,50,No,Yes
84518,17606,Soybean,25,10/12/2024,50,No,Yes
100411,17618,Soybean,50,10/01/2025,50,Yes,Yes
100015,17619,Soybean,25,09/12/2024,50,Yes,Yes
101736,17621,Soybean,50,01/12/2024,45,Yes,Yes
91241,17643,Soybean,25,07/01/2025,60,Yes,Yes
90159,17647,Soybean,25,11/12/2024,60,Yes,Yes
85062,20499,Soybean,25,20/12/2024,50,No,Yes
85102,20501,Soybean,25,07/12/2024,50,No,Yes
85905,20505,Soybean,25,15/12/2024,45,No,Yes
85961,20507,Soybean,25,15/12/2024,45,No,Yes
79811,20511,Soybean,75,17/12/2024,30,Yes,Yes
85781,20513,Soybean,25,08/12/2024,45,Yes,Yes
87053,20537,Soybean,25,07/12/2024,40,Yes,Yes
87049,20539,Soybean,25,20/12/2024,45,No,Yes
79896,20540,Soybean,25,14/12/2024,45,No,Yes
85194,20543,Soybean,25,17/12/2024,50,Yes,Yes
79959,20545,Soybean,25,15/12/2024,50,No,Yes
84985,20548,Soybean,25,16/12/2024,50,No,Yes
90895,20563,Groundnuts,20,12/11/2024,50,Yes,Yes
92050,20568,Groundnuts,20,12/11/2024,50,Yes,Yes
90933,20569,Soybean,25,09/12/2024,45,Yes,Yes
90916,20571,Groundnuts,20,13/11/2024,50,Yes,Yes
108537,20588,Beans,20,15/02/2025,20,No,Yes
89185,20591,Soybean,25,12/12/2024,45,Yes,Yes
100915,20607,Soybean,25,20/12/2024,85,Yes,Yes
94739,20609,Soybean,50,14/12/2024,85,Yes,Yes
100918,20614,Soybean,50,08/01/2025,75,Yes,Yes
90150,17649,Soybean,25,18/11/2024,50,Yes,Yes
80599,17650,Soybean,25,21/11/2024,55,Yes,Yes
86732,17652,Soybean,25,28/12/2024,55,Yes,Yes
98662,17676,Groundnuts,20,27/11/2024,45,No,Yes
91671,17682,Soybean,25,02/01/2025,65,Yes,Yes
93548,17683,Soybean,25,03/01/2025,55,Yes,Yes
91837,17684,Soybean,25,07/01/2025,50,Yes,Yes
91693,17686,Soybean,25,14/12/2024,60,Yes,Yes
93429,17687,Soybean,25,04/01/2025,55,Yes,Yes
91840,17688,Soybean,25,21/12/2024,55,Yes,Yes
80596,17690,Soybean,25,14/12/2024,50,Yes,Yes
90452,17692,Soybean,25,29/12/2024,60,Yes,Yes
90176,20615,Soybean,25,28/11/2024,50,No,Yes
89419,20616,Soybean,25,23/12/2024,50,No,Yes
90360,20620,Soybean,25,05/12/2024,50,No,Yes
85119,20621,Soybean,100,01/01/2025,50,No,Yes
85341,20631,Soybean,75,02/01/2025,50,Yes,Yes
84798,20650,Soybean,25,01/01/2025,50,Yes,Yes
95588,20658,Soybean,50,25/12/2024,50,Yes,Yes
91111,17700,Soybean,25,29/12/2024,60,Yes,Yes
81807,17701,Soybean,25,30/11/2024,60,Yes,Yes
91156,17706,Soybean,25,04/01/2025,60,Yes,Yes
97661,17731,Beans,1,20/12/2024,10,No,Yes
98780,17737,Soybean,25,18/01/2025,50,Yes,Yes
97759,17747,Soybean,25,08/01/2025,50,Yes,Yes
90234,17754,Soybean,25,05/01/2025,50,Yes,Yes
88860,17771,Soybean,25,04/12/2024,60,Yes,Yes
86398,17772,Soybean,25,27/11/2024,60,Yes,Yes
93435,17785,Soybean,25,01/01/2025,60,Yes,Yes
95172,17786,Soybean,25,10/12/2024,50,Yes,Yes
92616,17787,Soybean,25,08/12/2024,50,Yes,Yes
94854,17789,Soybean,25,07/01/2025,50,Yes,Yes
98882,17797,Groundnuts,20,21/11/2024,50,No,Yes
93052,17803,Soybean,25,06/01/2025,59,Yes,Yes
92260,17804,Soybean,25,09/01/2025,65,Yes,Yes
91035,17806,Soybean,25,06/01/2025,50,Yes,Yes
90257,17807,Soybean,25,03/01/2025,58,Yes,Yes
92218,17809,Soybean,25,06/01/2025,45,Yes,Yes
93069,17812,Soybean,25,01/01/2025,56,Yes,Yes
81590,17817,Groundnuts,20,30/11/2024,45,No,Yes
81367,17818,Groundnuts,20,26/11/2024,45,No,Yes
81967,17822,Groundnuts,20,21/12/2024,45,No,Yes
95589,20659,Soybean,50,08/12/2024,50,Yes,Yes
78777,20661,Groundnuts,20,30/11/2024,1,No,Yes
78770,20665,Groundnuts,20,10/12/2024,2,No,Yes
79324,20672,Soybean,125,20/11/2024,45,Yes,Yes
88757,20674,Soybean,25,07/01/2025,45,Yes,Yes
88762,20679,Soybean,25,08/01/2025,45,Yes,Yes
88776,20680,Soybean,25,08/01/2025,45,Yes,Yes
84199,20685,Soybean,25,07/01/2025,50,No,Yes
79244,20691,Soybean,50,15/12/2024,50,No,Yes
80465,20702,Groundnuts,20,04/12/2024,45,No,Yes
91089,20725,Soybean,25,06/12/2024,45,Yes,No
83854,20728,Soybean,25,27/12/2024,45,Yes,Yes
83856,20730,Soybean,25,15/12/2024,50,Yes,Yes
85749,20731,Soybean,25,24/12/2024,45,Yes,Yes
83861,20739,Soybean,50,19/12/2024,45,Yes,Yes
83862,20740,Soybean,50,28/12/2024,50,Yes,Yes
82695,20741,Soybean,50,26/12/2024,45,Yes,Yes
83313,20743,Soybean,50,28/12/2024,45,No,Yes
82258,20750,Soybean,50,26/12/2024,50,Yes,Yes
82257,20752,Soybean,25,22/12/2024,50,Yes,Yes
82431,20754,Soybean,25,28/12/2024,50,Yes,Yes
91776,17826,Soybean,50,11/01/2025,50,Yes,Yes
92377,17829,Soybean,25,05/01/2025,60,Yes,Yes
93591,17831,Soybean,25,09/01/2025,55,Yes,Yes
92000,17843,Soybean,25,14/12/2024,55,Yes,Yes
86569,17871,Groundnuts,20,02/01/2025,15,No,Yes
93305,17879,Soybean,25,25/12/2024,55,Yes,Yes
93004,17888,Soybean,25,05/01/2025,55,Yes,Yes
81966,17892,Groundnuts,20,21/12/2024,45,Yes,Yes
80518,17893,Groundnuts,20,29/11/2024,45,No,Yes
80514,17899,Groundnuts,20,28/11/2024,45,No,Yes
80516,17901,Groundnuts,20,27/11/2024,45,No,Yes
83844,17903,Groundnuts,20,26/11/2024,45,No,Yes
90479,17916,Soybean,25,01/01/2025,60,Yes,Yes
90281,17917,Soybean,25,25/12/2024,60,Yes,Yes
100591,17925,Soybean,25,26/12/2024,45,Yes,Yes
90198,17933,Groundnuts,40,16/11/2024,50,No,Yes
99356,17978,Soybean,25,09/12/2024,60,Yes,Yes
98623,17990,Soybean,25,03/01/2025,45,Yes,Yes
97445,17996,Soybean,25,08/01/2025,45,Yes,Yes
93842,18015,Soybean,25,27/12/2024,70,Yes,Yes
93597,18016,Soybean,25,26/12/2024,65,Yes,Yes
87704,18020,Groundnuts,20,01/12/2024,30,Yes,Yes
85487,18023,Groundnuts,20,21/12/2024,45,No,Yes
87588,18024,Groundnuts,20,28/11/2024,45,No,Yes
83385,20761,Soybean,150,24/12/2024,45,No,Yes
89965,20767,Soybean,50,01/01/2025,50,Yes,Yes
83109,20770,Soybean,100,26/12/2024,45,No,Yes
88208,20785,Groundnuts,20,18/12/2024,50,Yes,Yes
88897,20787,Soybean,25,16/12/2024,45,Yes,Yes
86523,20788,Soybean,50,11/12/2024,45,Yes,Yes
85405,20799,Soybean,25,29/12/2024,45,Yes,Yes
86539,20814,Soybean,25,16/12/2024,45,Yes,Yes
87084,20816,Soybean,25,16/12/2024,45,Yes,Yes
86518,20825,Soybean,25,15/12/2024,45,Yes,Yes
97061,20829,Soybean,25,16/12/2024,45,Yes,Yes
86524,20830,Soybean,25,15/12/2024,45,Yes,Yes
88254,20836,Soybean,100,04/01/2025,45,Yes,Yes
79567,20840,Soybean,15,16/12/2024,50,Yes,Yes
79570,20842,Soybean,25,09/12/2024,50,Yes,Yes
87171,20850,Soybean,50,09/01/2025,50,Yes,Yes
98883,20853,Soybean,25,02/01/2025,50,Yes,Yes
91340,20857,Soybean,25,10/01/2025,50,Yes,Yes
83898,18028,Soybean,1,21/12/2024,50,Yes,Yes
80767,18034,Groundnuts,20,02/12/2024,45,No,Yes
103456,18052,Beans,40,03/03/2025,60,No,Yes
103442,18053,Beans,20,05/02/2025,60,No,Yes
78407,18056,Soybean,25,19/12/2024,65,Yes,Yes
78455,18059,Soybean,25,10/12/2024,60,Yes,Yes
100627,18065,Soybean,25,09/01/2025,60,Yes,Yes
100417,18079,Soybean,25,13/12/2024,60,Yes,Yes
90725,20861,Soybean,50,08/01/2025,50,Yes,Yes
89775,20867,Soybean,15,09/01/2025,50,Yes,Yes
80079,20873,Soybean,25,11/12/2024,45,Yes,Yes
85040,20883,Soybean,50,20/12/2024,50,Yes,Yes
78924,20887,Soybean,25,16/12/2024,50,Yes,Yes
80081,20890,Soybean,25,11/12/2024,50,Yes,Yes
86184,20902,Soybean,25,02/01/2025,45,Yes,Yes
84379,20904,Soybean,25,01/01/2025,75,Yes,Yes
87302,20905,Soybean,25,28/12/2024,50,Yes,Yes
84378,20906,Soybean,25,05/01/2025,50,Yes,Yes
91107,20907,Soybean,25,01/01/2025,50,Yes,Yes
79573,20911,Soybean,35,15/12/2024,45,Yes,Yes
80242,20913,Soybean,50,13/12/2024,45,Yes,Yes
84028,20923,Groundnuts,20,22/12/2024,50,No,Yes
79962,20926,Soybean,25,11/12/2024,50,No,Yes
86519,20927,Soybean,25,15/12/2024,45,Yes,Yes
85975,20929,Groundnuts,20,01/01/2025,50,No,Yes
88194,20934,Groundnuts,40,19/12/2024,50,Yes,Yes
100415,18080,Soybean,25,09/01/2025,59,Yes,Yes
92107,18084,Soybean,25,18/01/2025,5,Yes,Yes
93956,18085,Soybean,25,12/12/2024,5,Yes,Yes
95400,18091,Soybean,25,06/01/2025,5,Yes,Yes
100420,18102,Soybean,25,10/01/2025,60,Yes,Yes
80459,18107,Groundnuts,20,03/12/2024,45,No,Yes
91769,18118,Soybean,25,08/01/2025,50,Yes,Yes
98862,18123,Soybean,1,05/01/2025,10,No,Yes
98178,18124,Soybean,1,02/01/2025,10,No,Yes
92004,18125,Soybean,75,28/12/2024,60,Yes,Yes
93400,18141,Soybean,50,27/12/2024,50,Yes,Yes
93593,18143,Soybean,25,20/01/2025,55,Yes,Yes
93709,18146,Soybean,25,20/12/2024,55,Yes,Yes
82200,18161,Soybean,25,24/12/2024,60,Yes,Yes
97487,18162,Soybean,50,02/01/2025,50,Yes,Yes
90225,18163,Soybean,25,06/01/2025,60,Yes,Yes
84674,18167,Soybean,1,08/12/2024,50,Yes,Yes
84670,18168,Soybean,2,19/12/2024,50,Yes,Yes
85630,18173,Soybean,3,13/11/2024,50,Yes,Yes
78927,18176,Soybean,2,16/12/2024,50,Yes,Yes
85629,18177,Soybean,2,13/12/2024,50,Yes,Yes
83835,18182,Soybean,2,18/12/2024,50,Yes,Yes
90721,20936,Groundnuts,20,01/01/2025,50,Yes,Yes
88642,20948,Soybean,25,27/12/2024,30,Yes,Yes
88639,20955,Soybean,25,01/12/2024,50,Yes,Yes
88631,20956,Soybean,25,25/11/2024,55,Yes,Yes
88634,20961,Soybean,25,20/12/2024,40,Yes,Yes
88896,20968,Soybean,50,16/12/2024,45,Yes,Yes
88643,20969,Soybean,25,15/12/2024,45,Yes,Yes
88625,20973,Soybean,25,19/12/2024,50,Yes,Yes
88633,20975,Soybean,25,29/11/2024,45,Yes,Yes
88659,20980,Soybean,50,25/12/2024,50,Yes,Yes
88640,20981,Soybean,25,31/12/2024,50,Yes,Yes
90298,21005,Soybean,25,23/12/2024,50,Yes,Yes
80156,18192,Soybean,1,22/12/2024,50,Yes,Yes
80505,18198,Soybean,2,15/12/2024,50,Yes,Yes
85637,18202,Soybean,6,15/11/2024,50,Yes,Yes
79052,18205,Soybean,75,28/11/2024,50,Yes,Yes
79051,18206,Soybean,1,08/12/2024,50,Yes,Yes
83838,18213,Soybean,1,29/11/2024,50,Yes,Yes
83836,18217,Soybean,1,16/12/2024,50,Yes,Yes
96051,18231,Soybean,25,18/11/2024,55,Yes,Yes
95302,18271,Soybean,25,17/11/2024,55,Yes,Yes
94497,18289,Soybean,25,20/12/2024,75,Yes,Yes
94506,18299,Soybean,25,03/01/2025,60,Yes,Yes
85614,21011,Soybean,3,25/12/2024,50,Yes,Yes
85604,21013,Soybean,1,28/12/2024,50,Yes,Yes
85600,21014,Soybean,25,25/12/2024,50,Yes,Yes
79599,21025,Soybean,50,10/12/2024,48,Yes,Yes
103028,21034,Beans,20,05/02/2025,60,No,Yes
78539,21035,Soybean,25,09/12/2024,50,Yes,Yes
87559,21041,Soybean,100,17/12/2024,20,Yes,Yes
78462,21044,Soybean,25,10/12/2024,50,Yes,Yes
83995,21055,Soybean,50,08/12/2024,15,Yes,Yes
87549,21056,Soybean,50,01/01/2025,12,Yes,Yes
94507,18300,Soybean,25,03/01/2025,65,Yes,Yes
92380,18306,Soybean,25,10/12/2024,60,Yes,Yes
80932,18307,Soybean,25,13/12/2024,10,Yes,Yes
88937,18442,Soybean,25,29/11/2024,30,Yes,Yes
102029,18459,Beans,40,07/02/2025,10,No,Yes
101994,18461,Beans,20,05/02/2025,8,No,Yes
93727,18465,Soybean,25,17/11/2024,55,Yes,Yes
89413,18466,Soybean,2,16/11/2024,50,Yes,Yes
89382,18472,Soybean,2,10/12/2024,50,Yes,Yes
88969,18483,Soybean,25,06/01/2025,60,Yes,Yes
90489,18486,Soybean,25,07/01/2025,45,Yes,Yes
93628,18488,Soybean,25,08/01/2025,60,Yes,Yes
89219,18490,Soybean,25,06/01/2025,60,Yes,Yes
101455,18497,Soybean,25,09/01/2025,60,Yes,Yes
99813,18500,Soybean,25,10/12/2024,50,No,Yes
100953,18505,Soybean,25,12/12/2024,55,Yes,Yes
90269,18507,Soybean,25,05/01/2025,55,Yes,Yes
83684,18513,Groundnuts,20,29/11/2024,30,Yes,Yes
104638,18519,Beans,20,04/02/2025,60,No,Yes
104639,18521,Beans,20,05/02/2025,60,No,Yes
104532,18522,Beans,20,05/03/2025,60,No,Yes
90147,21060,Soybean,25,01/01/2025,50,Yes,Yes
89327,21063,Soybean,25,01/01/2025,50,Yes,Yes
90294,21064,Soybean,50,01/01/2025,50,Yes,Yes
90146,21066,Soybean,25,01/01/2025,50,Yes,Yes
91941,21073,Soybean,50,14/12/2024,50,Yes,Yes
91491,21081,Soybean,100,02/01/2025,50,Yes,Yes
105299,21089,Beans,20,17/02/2025,50,No,Yes
112169,21091,Beans,20,03/03/2025,50,No,Yes
114976,21096,Beans,20,23/02/2025,50,No,No
103749,21100,Beans,20,18/02/2025,65,No,Yes
91945,21102,Soybean,50,15/01/2025,50,Yes,Yes
103911,21104,Beans,60,05/02/2025,50,No,Yes
88567,21111,Soybean,25,08/01/2025,50,Yes,Yes
91942,21113,Soybean,25,12/12/2024,50,Yes,Yes
88722,21114,Soybean,50,18/12/2024,60,Yes,Yes
94735,21119,Soybean,25,15/12/2024,75,Yes,Yes
96239,21121,Soybean,25,31/12/2024,80,Yes,Yes
100927,21122,Soybean,25,09/01/2025,20,Yes,Yes
103033,18527,Beans,40,05/02/2025,60,No,Yes
103020,18528,Beans,20,04/02/2025,60,No,Yes
103038,18533,Beans,40,10/02/2025,60,No,Yes
103044,18537,Beans,20,07/02/2025,60,No,Yes
100795,18540,Soybean,25,17/01/2025,50,Yes,Yes
99269,18547,Soybean,25,10/12/2024,45,Yes,Yes
101292,18549,Soybean,25,18/01/2025,50,Yes,Yes
100371,18553,Soybean,25,15/12/2024,50,Yes,Yes
100367,18556,Soybean,25,26/12/2024,45,Yes,Yes
91196,18557,Soybean,25,15/12/2024,45,Yes,Yes
97679,18559,Soybean,25,04/01/2025,50,Yes,Yes
98043,18567,Soybean,25,09/12/2024,65,Yes,Yes
98045,18569,Soybean,25,09/12/2024,60,Yes,Yes
80710,18576,Soybean,25,02/12/2024,45,Yes,Yes
82279,18596,Soybean,50,31/12/2024,50,Yes,Yes
83209,18607,Soybean,25,27/11/2024,50,Yes,Yes
97496,18610,Soybean,25,12/11/2024,50,Yes,Yes
97495,18611,Soybean,25,20/11/2024,50,Yes,Yes
90174,18612,Soybean,25,17/12/2024,50,Yes,Yes
86522,21133,Soybean,25,13/12/2024,45,Yes,Yes
84316,21134,Soybean,50,04/01/2025,90,Yes,Yes
82325,21141,Soybean,50,22/11/2024,90,Yes,Yes
97501,21143,Soybean,25,19/12/2024,90,Yes,Yes
91248,21146,Soybean,25,03/01/2025,90,Yes,Yes
97468,21148,Soybean,25,28/11/2024,90,Yes,No
103747,21152,Beans,20,20/02/2025,60,No,Yes
82229,21155,Soybean,25,02/12/2024,80,Yes,Yes
92047,21156,Groundnuts,20,12/11/2024,50,Yes,Yes
92056,21159,Soybean,25,04/01/2025,45,Yes,Yes
84804,21161,Soybean,50,02/01/2025,45,Yes,Yes
90923,21165,Groundnuts,20,15/01/2025,50,Yes,Yes
97469,21171,Soybean,50,13/11/2024,90,Yes,Yes
91245,21173,Soybean,25,26/12/2024,70,Yes,Yes
90914,21191,Soybean,20,06/12/2024,45,Yes,Yes
84823,21198,Groundnuts,40,10/12/2024,50,Yes,Yes
90897,21201,Soybean,25,31/12/2024,45,Yes,Yes
90903,21203,Groundnuts,20,13/11/2024,50,Yes,Yes
90881,21204,Soybean,50,27/12/2024,45,Yes,Yes
93730,21208,Soybean,75,01/01/2025,75,Yes,Yes
90228,18613,Soybean,25,27/12/2024,50,No,Yes
78825,18618,Soybean,25,06/12/2024,50,Yes,Yes
82423,18622,Groundnuts,20,24/12/2024,50,No,Yes
80620,18624,Soybean,50,13/12/2024,45,Yes,Yes
93059,18626,Soybean,25,03/01/2025,55,Yes,Yes
100263,18629,Soybean,25,09/01/2025,60,Yes,Yes
99820,18633,Soybean,25,07/01/2025,50,Yes,Yes
83840,18636,Groundnuts,20,22/12/2024,45,No,Yes
93482,18638,Soybean,25,10/01/2025,5,Yes,Yes
89397,18650,Soybean,2,12/12/2024,50,Yes,Yes
101045,21209,Soybean,25,06/01/2025,85,Yes,Yes
83394,21222,Soybean,25,10/12/2024,90,Yes,Yes
80451,21225,Groundnuts,20,01/12/2024,15,No,Yes
101049,21237,Soybean,50,01/01/2025,85,Yes,Yes
88609,21242,Soybean,50,13/12/2024,45,Yes,Yes
88606,21244,Soybean,40,01/01/2025,45,Yes,Yes
88600,21245,Soybean,200,13/12/2024,45,Yes,Yes
88605,21251,Soybean,25,14/12/2024,45,Yes,Yes
91273,21265,Soybean,25,03/01/2025,45,No,Yes
90797,21272,Soybean,50,03/01/2025,45,No,Yes
91371,21273,Soybean,25,06/01/2025,45,No,Yes
89864,21279,Soybean,50,05/01/2025,45,No,Yes
91385,21281,Soybean,50,02/01/2025,45,No,Yes
90639,21285,Soybean,50,09/01/2025,45,No,Yes
91288,21287,Soybean,50,02/01/2025,45,No,Yes
89763,21295,Soybean,12,01/01/2025,50,Yes,Yes
85527,21300,Soybean,25,29/12/2024,50,Yes,Yes
84426,21312,Soybean,25,01/01/2025,15,Yes,Yes
84438,21314,Soybean,25,01/01/2025,15,Yes,Yes
79110,21319,Soybean,10,09/12/2024,45,Yes,Yes
84432,21324,Soybean,50,01/01/2025,15,Yes,Yes
89390,18651,Soybean,1,23/12/2024,50,Yes,Yes
89409,18653,Soybean,2,11/12/2024,50,Yes,Yes
99419,18660,Soybean,25,05/01/2025,55,No,Yes
99410,18662,Soybean,25,01/01/2025,55,No,Yes
98441,18668,Soybean,50,07/01/2025,60,No,Yes
99809,18669,Soybean,25,04/01/2025,65,No,Yes
80788,18672,Soybean,25,21/12/2024,50,No,Yes
80707,18673,Soybean,25,03/12/2024,50,No,Yes
78608,18681,Soybean,2,30/11/2024,50,Yes,Yes
78607,18683,Soybean,2,15/12/2024,50,Yes,Yes
83142,18699,Soybean,1,01/01/2025,50,Yes,Yes
83146,18705,Soybean,1,25/12/2024,50,Yes,Yes
82510,18706,Soybean,1,31/12/2024,50,Yes,Yes
82518,18715,Soybean,1,29/12/2024,50,Yes,Yes
81538,18719,Soybean,2,21/12/2024,50,Yes,Yes
101237,18739,Soybean,1,02/01/2025,10,No,Yes
97782,18740,Beans,1,26/12/2024,10,No,Yes
98182,18743,Soybean,1,23/12/2024,10,No,Yes
98181,18746,Soybean,1,30/12/2024,10,No,Yes
98175,18748,Soybean,1,01/01/2025,10,No,Yes
83820,18755,Soybean,7,18/12/2024,50,Yes,Yes
81032,18756,Soybean,1,21/01/2025,50,Yes,Yes
81265,18763,Soybean,1,20/12/2024,50,Yes,Yes
80071,18767,Soybean,25,07/12/2024,50,No,Yes
81488,18774,Soybean,3,18/12/2024,50,Yes,Yes
81486,18776,Soybean,1,19/12/2024,50,Yes,Yes
81046,18778,Soybean,2,19/12/2024,50,Yes,Yes
81044,18785,Soybean,1,19/12/2024,50,Yes,Yes
81050,18786,Soybean,1,19/12/2024,50,Yes,Yes
115234,18790,Beans,20,26/02/2025,60,Yes,Yes
115236,18793,Beans,20,20/02/2025,60,Yes,Yes
116398,18794,Beans,80,28/02/2025,50,No,Yes
118512,18795,Beans,20,05/03/2025,60,No,Yes
89205,18798,Soybean,75,14/12/2024,45,No,No
89863,18799,Soybean,125,01/01/2025,23,Yes,Yes
89725,18800,Soybean,15,01/01/2025,25,No,Yes
89986,18801,Soybean,125,14/11/2024,30,No,Yes
82532,18805,Soybean,100,25/11/2024,45,Yes,Yes
89988,18807,Soybean,300,27/12/2024,50,Yes,Yes
83225,18808,Soybean,50,12/12/2024,48,Yes,Yes
79117,21325,Soybean,25,08/12/2024,45,Yes,Yes
79120,21330,Soybean,75,08/12/2024,45,Yes,Yes
79121,21333,Soybean,25,08/12/2024,15,Yes,Yes
84431,21334,Soybean,25,05/01/2025,15,Yes,Yes
79189,21337,Soybean,25,08/12/2024,15,Yes,Yes
93416,21344,Soybean,25,08/01/2025,5,Yes,Yes
102516,21351,Beans,20,01/02/2025,25,No,Yes
104840,21363,Beans,20,03/03/2025,15,No,Yes
102332,21364,Beans,20,10/02/2025,10,No,Yes
86080,21373,Soybean,1,30/12/2024,50,Yes,Yes
82694,21382,Soybean,25,12/11/2024,50,No,Yes
81352,18810,Soybean,50,30/11/2024,45,Yes,Yes
78931,18816,Soybean,20,13/12/2024,50,Yes,Yes
117401,18818,Beans,20,06/03/2025,50,No,Yes
108206,18826,Beans,20,27/02/2025,50,No,No
80659,18830,Soybean,25,07/12/2024,45,Yes,Yes
77926,18831,Soybean,25,02/12/2024,45,Yes,Yes
78160,18835,Soybean,25,26/11/2024,50,Yes,Yes
78726,18837,Soybean,2,26/11/2024,45,Yes,Yes
89862,18857,Soybean,50,01/01/2025,20,Yes,No
101797,18873,Beans,40,06/02/2025,15,No,Yes
80121,18874,Soybean,2,13/11/2024,50,Yes,Yes
92083,21384,Soybean,50,03/01/2025,45,Yes,Yes
83645,21385,Soybean,100,31/12/2024,50,Yes,Yes
85524,21393,Soybean,12,01/01/2025,50,Yes,Yes
81701,21401,Soybean,25,29/11/2024,50,Yes,Yes
90009,21415,Soybean,25,14/12/2024,50,Yes,Yes
83380,21420,Soybean,25,17/12/2024,48,Yes,Yes
89503,21428,Soybean,25,17/12/2024,45,Yes,Yes
84286,21429,Soybean,125,14/12/2024,45,Yes,Yes
89541,21433,Soybean,75,02/12/2024,45,Yes,Yes
88967,21444,Soybean,25,17/12/2024,70,Yes,Yes
91027,21452,Soybean,25,09/01/2025,45,Yes,Yes
94572,21455,Soybean,50,10/01/2025,45,Yes,Yes
101140,21460,Soybean,25,16/12/2024,60,No,Yes
92723,21461,Soybean,25,17/12/2024,50,No,Yes
97506,21470,Soybean,25,03/01/2025,2,Yes,Yes
87452,21482,Soybean,25,02/01/2025,2,Yes,Yes
86785,21483,Soybean,25,02/01/2025,2,Yes,Yes
99404,21486,Soybean,25,03/01/2025,2,Yes,Yes
80123,18875,Soybean,2,23/12/2024,50,Yes,Yes
80115,18876,Soybean,1,18/12/2024,50,Yes,Yes
80117,18881,Soybean,1,20/12/2024,50,Yes,Yes
80129,18882,Soybean,2,23/12/2024,50,Yes,Yes
94338,18886,Soybean,25,06/01/2025,5,Yes,Yes
83208,18890,Soybean,25,23/12/2024,45,No,Yes
79025,18892,Soybean,70,29/11/2024,45,No,Yes
90187,18914,Soybean,25,10/12/2024,45,No,Yes
80131,18920,Soybean,2,03/12/2024,50,Yes,Yes
103459,21491,Beans,40,12/03/2025,60,No,Yes
103464,21495,Beans,60,07/03/2025,60,No,Yes
103330,21497,Beans,40,15/02/2025,90,No,Yes
103340,21506,Beans,20,12/02/2025,60,No,Yes
103336,21508,Beans,20,09/02/2025,70,No,Yes
103345,21510,Beans,40,07/02/2025,60,No,Yes
103342,21511,Beans,20,08/02/2025,60,No,Yes
103327,21512,Beans,20,09/02/2025,90,No,Yes
103348,21513,Beans,40,11/02/2025,60,No,Yes
103333,21517,Beans,40,08/02/2025,80,No,Yes
88691,21519,Soybean,25,19/12/2024,41,No,Yes
89246,21523,Soybean,25,23/12/2024,2,Yes,Yes
88015,18934,Soybean,50,28/12/2024,50,Yes,Yes
95831,18941,Soybean,25,08/12/2024,100,Yes,Yes
91154,18943,Groundnuts,20,18/12/2024,50,No,Yes
91136,18944,Soybean,50,15/12/2024,50,No,Yes
91139,18945,Soybean,50,15/12/2024,30,No,Yes
104895,18947,Beans,20,23/02/2025,10,No,Yes
118801,18950,Beans,20,15/02/2025,10,No,Yes
105186,18953,Beans,20,28/02/2025,10,No,Yes
105181,18956,Beans,20,28/02/2025,10,No,Yes
105180,18957,Beans,20,26/02/2025,10,No,Yes
105179,18961,Beans,20,20/02/2025,10,No,Yes
97666,21525,Soybean,25,18/12/2024,2,Yes,Yes
86681,21526,Soybean,25,28/12/2024,2,Yes,Yes
88892,21528,Soybean,25,01/01/2025,50,No,Yes
87001,21532,Soybean,25,01/01/2025,2,Yes,Yes
88399,21533,Soybean,50,07/01/2025,2,Yes,Yes
90097,21542,Soybean,25,01/01/2025,45,No,Yes
93713,21546,Soybean,25,02/01/2025,50,No,Yes
93716,21551,Soybean,25,02/01/2025,50,No,Yes
95431,21552,Soybean,25,02/01/2025,50,No,Yes
97454,21556,Soybean,25,05/01/2025,2,Yes,Yes
90535,21559,Soybean,25,01/01/2025,40,No,Yes
104885,18969,Beans,20,15/02/2025,10,No,Yes
98505,18974,Soybean,25,08/01/2025,20,Yes,Yes
100725,18989,Soybean,300,01/01/2025,20,Yes,Yes
112159,18996,Beans,20,27/02/2025,50,No,Yes
89868,19002,Soybean,50,02/01/2025,45,No,Yes
87284,19014,Soybean,50,02/01/2025,45,No,Yes
88276,19072,Soybean,50,05/01/2025,45,No,Yes
94339,19081,Soybean,25,06/01/2025,25,Yes,Yes
99251,19086,Groundnuts,80,09/12/2024,20,No,Yes
99218,19092,Soybean,25,26/01/2025,20,Yes,Yes
91550,19114,Soybean,25,27/12/2024,45,Yes,Yes
91046,19115,Groundnuts,20,26/11/2024,50,Yes,Yes
86339,21573,Soybean,25,01/01/2025,45,No,Yes
89992,21574,Soybean,25,19/12/2024,50,Yes,Yes
82670,21580,Soybean,25,15/12/2024,50,Yes,Yes
85009,21591,Soybean,75,15/12/2024,50,Yes,Yes
102243,21600,Beans,40,05/02/2025,45,No,Yes
103172,21601,Beans,40,04/02/2025,45,No,Yes
79686,21604,Soybean,25,15/12/2024,50,Yes,Yes
103222,21609,Beans,10,03/02/2025,10,No,Yes
82760,21612,Soybean,25,28/12/2024,50,Yes,Yes
79289,21614,Soybean,12,14/12/2024,50,Yes,Yes
79435,21619,Soybean,25,11/12/2024,50,No,Yes
86283,21621,Soybean,100,10/12/2024,50,No,Yes
80698,21625,Soybean,25,13/12/2024,50,No,Yes
86325,21638,Soybean,25,20/12/2024,50,No,Yes
86329,21639,Soybean,32,19/12/2024,50,No,Yes
80654,21640,Soybean,25,09/12/2024,50,No,Yes
94575,21646,Soybean,25,10/01/2025,45,Yes,Yes
97240,21652,Soybean,40,01/01/2025,90,Yes,Yes
113396,21657,Soybean,5,12/12/2024,75,Yes,Yes
85902,21671,Groundnuts,20,05/01/2025,30,Yes,Yes
79585,21673,Soybean,25,15/12/2024,45,Yes,Yes
86657,21674,Soybean,50,03/01/2025,45,Yes,Yes
80302,21684,Soybean,15,16/12/2024,45,Yes,Yes
91281,19117,Soybean,25,10/12/2024,45,No,Yes
93342,19121,Groundnuts,20,18/12/2024,35,Yes,Yes
92027,19123,Groundnuts,20,17/12/2024,35,Yes,Yes
93778,19135,Soybean,3,02/01/2025,50,Yes,Yes
99595,19149,Soybean,25,14/12/2024,20,Yes,Yes
98842,19155,Groundnuts,40,01/01/2025,20,Yes,Yes
98874,19158,Soybean,25,29/12/2024,20,Yes,Yes
84441,19159,Soybean,25,22/12/2024,50,No,Yes
93757,19178,Groundnuts,20,27/12/2024,40,Yes,Yes
85843,19186,Soybean,4,31/12/2024,50,Yes,Yes
81193,19192,Soybean,2,28/11/2024,50,Yes,Yes
84178,19196,Soybean,1,18/11/2024,50,Yes,Yes
94482,19200,Soybean,25,02/01/2025,15,Yes,Yes
94440,19204,Soybean,25,27/12/2024,15,Yes,Yes
94439,19206,Soybean,25,28/12/2024,15,Yes,Yes
78530,19210,Soybean,50,20/11/2024,30,Yes,Yes
82860,19211,Soybean,50,18/12/2024,50,Yes,Yes
82428,19214,Soybean,25,13/11/2024,50,Yes,Yes
96093,21691,Soybean,175,07/01/2025,45,Yes,Yes
84525,21693,Soybean,25,11/01/2025,45,Yes,Yes
96099,21696,Soybean,25,04/01/2025,45,Yes,Yes
90103,21699,Soybean,25,04/12/2024,45,No,Yes
86336,21702,Soybean,25,29/12/2024,45,No,Yes
90527,21711,Soybean,50,03/12/2024,45,No,Yes
90087,21716,Soybean,25,02/01/2025,45,No,Yes
88693,21725,Soybean,25,29/12/2024,41,No,Yes
79288,21730,Soybean,50,15/12/2024,50,Yes,Yes
80754,21736,Soybean,10,15/12/2024,50,Yes,Yes
95744,19239,Soybean,25,11/11/2024,50,Yes,Yes
95777,19245,Soybean,25,17/12/2024,50,Yes,Yes
80239,19247,Soybean,25,11/12/2024,50,Yes,Yes
80538,19250,Soybean,25,18/12/2024,50,Yes,Yes
80241,19251,Soybean,25,13/12/2024,50,Yes,Yes
95591,19254,Soybean,125,25/11/2024,50,Yes,Yes
101559,19260,Soybean,25,09/01/2025,62,Yes,Yes
94445,19268,Soybean,25,02/01/2025,15,Yes,Yes
93780,19277,Soybean,25,11/12/2024,60,Yes,Yes
93782,19278,Soybean,25,07/01/2025,45,Yes,Yes
80699,21738,Soybean,25,11/12/2024,50,No,Yes
87562,21741,Soybean,25,06/01/2025,50,No,Yes
82369,21742,Soybean,25,10/12/2024,50,No,Yes
97090,21746,Soybean,50,03/01/2025,55,Yes,Yes
89073,21748,Soybean,25,27/01/2025,45,Yes,Yes
89110,21753,Soybean,25,05/01/2025,45,No,Yes
86364,21756,Soybean,25,06/01/2025,50,No,Yes
97144,21758,Soybean,50,02/12/2024,1,Yes,Yes
80652,21760,Soybean,25,10/12/2024,50,No,Yes
82367,21765,Soybean,25,17/12/2024,50,No,Yes
82786,21776,Soybean,25,16/12/2024,45,Yes,Yes
82780,21778,Soybean,25,16/12/2024,45,No,Yes
87451,21780,Soybean,25,10/12/2024,45,Yes,Yes
96079,21794,Soybean,25,10/01/2025,45,Yes,Yes
108690,21796,Beans,20,07/02/2025,16,No,Yes
101996,21799,Beans,40,05/02/2025,10,No,Yes
108687,21808,Beans,20,05/02/2025,15,No,Yes
94152,19279,Soybean,25,08/01/2025,45,Yes,Yes
88971,19280,Soybean,25,14/12/2024,60,Yes,Yes
93634,19281,Soybean,25,10/01/2025,45,Yes,Yes
82429,19287,Soybean,50,18/12/2024,50,Yes,Yes
82865,19290,Beans,50,16/12/2024,50,Yes,Yes
116374,19304,Beans,20,27/02/2025,50,No,No
110484,19308,Beans,20,19/02/2025,50,No,Yes
93309,19314,Groundnuts,20,20/11/2024,30,No,Yes
93313,19317,Groundnuts,20,20/12/2024,30,No,Yes
89372,19332,Soybean,50,02/01/2025,20,Yes,Yes
103379,21811,Beans,40,30/01/2025,72,No,Yes
103730,21815,Beans,20,09/02/2025,75,No,Yes
109217,21819,Beans,20,04/02/2025,50,No,Yes
104161,21824,Beans,80,08/02/2025,60,No,Yes
104985,21828,Beans,20,03/02/2025,30,No,Yes
108683,21830,Beans,20,05/02/2025,15,No,Yes
87969,21832,Soybean,25,23/12/2024,45,No,Yes
97135,21834,Soybean,25,10/01/2025,50,Yes,Yes
108676,21854,Beans,20,09/02/2025,15,No,Yes
103748,21861,Beans,20,20/02/2025,65,No,Yes
109874,21863,Beans,40,04/02/2025,50,Yes,Yes
82585,21871,Soybean,25,15/12/2024,50,No,Yes
84521,21880,Soybean,50,05/01/2025,45,No,Yes
92403,21886,Soybean,25,03/01/2025,50,Yes,Yes
91533,21892,Soybean,50,03/01/2025,45,Yes,Yes
79405,21893,Soybean,12,16/12/2024,45,Yes,Yes
89120,21909,Soybean,25,02/01/2025,50,No,Yes
89330,19336,Groundnuts,80,20/12/2024,20,No,Yes
89331,19337,Soybean,25,20/12/2024,15,Yes,Yes
89649,19340,Soybean,25,03/01/2025,20,Yes,Yes
80964,19343,Groundnuts,20,02/12/2024,45,No,Yes
92223,19353,Soybean,25,11/01/2025,20,Yes,Yes
87672,19374,Soybean,25,28/12/2024,60,Yes,Yes
78448,19376,Soybean,12,13/12/2024,50,Yes,Yes
82812,19381,Soybean,150,25/12/2024,45,No,Yes
80581,19383,Soybean,15,13/12/2024,67,Yes,Yes
88942,19386,Soybean,25,13/12/2024,52,Yes,Yes
88941,19389,Soybean,25,04/01/2025,5,Yes,Yes
90701,19393,Soybean,25,05/01/2025,50,Yes,Yes
88204,19395,Soybean,25,02/01/2025,50,Yes,Yes
85462,19396,Soybean,50,04/01/2025,50,Yes,Yes
82976,19397,Soybean,25,21/12/2024,50,Yes,Yes
82415,19405,Soybean,25,18/12/2024,50,Yes,Yes
90845,19406,Soybean,25,19/12/2024,50,Yes,Yes
88206,19410,Soybean,50,08/01/2025,50,Yes,Yes
82052,19413,Soybean,25,25/12/2024,50,Yes,Yes
82668,19417,Soybean,125,26/12/2024,50,Yes,Yes
82626,19424,Soybean,25,28/12/2024,50,Yes,Yes
78808,19437,Soybean,1,12/12/2024,50,Yes,Yes
90836,19441,Soybean,50,01/01/2025,50,Yes,Yes
90699,19442,Soybean,25,19/12/2024,20,Yes,Yes
90698,19444,Soybean,25,07/12/2024,50,Yes,Yes
84718,19451,Soybean,3,31/12/2024,50,Yes,Yes
84704,19457,Soybean,1,01/01/2025,50,Yes,Yes
84720,19458,Soybean,1,30/12/2024,50,Yes,Yes
84710,19466,Soybean,1,01/01/2025,50,Yes,Yes
84730,19467,Soybean,1,01/01/2025,50,Yes,Yes
84714,19471,Soybean,1,21/12/2024,50,Yes,Yes
103732,19477,Beans,20,15/02/2025,75,No,Yes
91993,19482,Soybean,50,30/12/2024,15,Yes,Yes
92832,19487,Soybean,25,07/01/2025,15,Yes,Yes
92170,19492,Soybean,25,21/12/2024,15,Yes,Yes
93224,19497,Soybean,25,25/12/2024,15,Yes,Yes
91669,19504,Soybean,50,03/01/2025,45,Yes,Yes
82208,19505,Soybean,25,04/01/2025,50,Yes,Yes
93225,19512,Soybean,25,07/12/2024,15,Yes,Yes
93154,19513,Soybean,25,12/12/2024,15,Yes,Yes
77876,19515,Soybean,25,15/12/2024,5,Yes,Yes
78444,19516,Soybean,25,10/12/2024,5,Yes,Yes
82584,21910,Soybean,50,15/12/2024,50,No,Yes
82122,21917,Soybean,50,14/12/2024,60,Yes,Yes
95721,21920,Soybean,25,06/01/2025,45,No,Yes
84684,21922,Soybean,1,27/12/2024,50,Yes,Yes
82784,21952,Soybean,25,10/12/2024,45,Yes,Yes
82782,21953,Soybean,25,10/12/2024,45,Yes,Yes
86096,21965,Soybean,25,20/12/2024,45,Yes,Yes
92446,21971,Soybean,25,20/12/2024,60,Yes,Yes
78445,19517,Soybean,100,06/12/2024,5,Yes,Yes
94558,19521,Soybean,25,10/12/2024,50,Yes,Yes
85003,19526,Soybean,15,06/01/2025,50,No,Yes
85530,19528,Soybean,18,02/01/2025,50,No,Yes
80689,19530,Soybean,15,18/12/2024,50,Yes,Yes
81826,19533,Soybean,25,29/12/2024,50,Yes,Yes
85000,19537,Soybean,25,07/01/2025,50,Yes,Yes
100929,19542,Soybean,25,04/12/2024,20,Yes,Yes
86326,21972,Soybean,25,02/01/2025,50,No,Yes
92515,21995,Soybean,25,02/01/2025,55,Yes,Yes
86947,21996,Soybean,25,06/01/2025,45,No,Yes
85754,22001,Soybean,25,14/12/2024,40,Yes,Yes
81294,22005,Groundnuts,20,15/12/2024,50,No,Yes
87267,22010,Groundnuts,20,04/01/2025,50,No,Yes
85483,22022,Groundnuts,40,02/01/2025,50,No,Yes
94169,22022,Soybean,50,07/01/2025,50,Yes,Yes
81599,22026,Groundnuts,20,25/12/2024,50,No,Yes
82583,22037,Soybean,50,10/12/2024,50,No,Yes
115227,22056,Beans,20,03/03/2025,50,No,Yes
80778,22059,Groundnuts,20,28/11/2024,45,No,Yes
86444,22063,Groundnuts,20,23/11/2024,30,Yes,Yes
95314,22064,Groundnuts,20,14/11/2024,30,Yes,Yes
86604,22065,Soybean,25,14/12/2024,45,Yes,Yes
94266,22068,Groundnuts,20,12/12/2024,30,Yes,Yes
92449,22073,Soybean,25,03/01/2025,55,Yes,Yes
92469,22074,Soybean,25,03/01/2025,55,Yes,Yes
89638,22079,Soybean,50,20/12/2024,45,Yes,Yes
99381,19544,Soybean,50,14/01/2025,20,Yes,Yes
99380,19545,Soybean,50,08/01/2025,20,Yes,Yes
101257,19548,Groundnuts,40,02/01/2025,20,Yes,Yes
98848,19554,Soybean,25,16/01/2025,20,Yes,Yes
80014,19560,Soybean,25,14/12/2024,10,Yes,Yes
92559,19561,Soybean,25,07/01/2025,15,Yes,Yes
86060,19570,Soybean,25,20/11/2024,50,Yes,Yes
87403,19571,Soybean,25,03/01/2025,50,Yes,Yes
94607,19590,Beans,100,07/01/2025,15,No,Yes
92278,19601,Soybean,25,30/12/2024,20,Yes,Yes
93726,19602,Soybean,25,06/01/2025,20,Yes,Yes
92368,19606,Soybean,25,24/12/2024,20,Yes,Yes
92580,19608,Soybean,25,12/01/2025,20,Yes,Yes
95782,19611,Soybean,50,02/01/2025,45,Yes,Yes
95783,19612,Groundnuts,20,31/12/2024,40,Yes,Yes
95794,19616,Soybean,25,27/12/2024,40,Yes,Yes
95795,19617,Soybean,50,26/12/2024,45,Yes,Yes
86987,19619,Soybean,25,24/12/2024,30,Yes,Yes
85220,19622,Soybean,50,04/01/2025,40,Yes,Yes
91969,19625,Soybean,50,07/01/2025,45,Yes,Yes
84013,19627,Soybean,50,30/12/2024,45,Yes,Yes
98062,19628,Soybean,25,29/01/2025,50,Yes,Yes
87735,22080,Soybean,25,14/12/2024,45,Yes,Yes
86471,22083,Soybean,25,02/01/2025,50,Yes,Yes
80776,22084,Soybean,25,16/12/2024,50,Yes,Yes
81637,22086,Soybean,25,30/12/2024,50,Yes,Yes
82978,22088,Soybean,25,17/12/2024,50,Yes,Yes
81313,22090,Soybean,50,16/12/2024,25,Yes,Yes
81636,22091,Soybean,25,16/12/2024,50,Yes,Yes
80775,22092,Soybean,25,17/12/2024,50,Yes,Yes
80060,22100,Soybean,25,19/12/2024,87,Yes,Yes
80271,22101,Soybean,25,05/12/2024,90,Yes,Yes
88804,22103,Soybean,75,05/01/2025,80,Yes,Yes
95383,22104,Soybean,25,29/12/2024,80,Yes,Yes
84276,22107,Soybean,25,20/12/2024,68,Yes,Yes
81318,22110,Soybean,25,17/12/2024,50,Yes,Yes
78823,22111,Soybean,25,15/12/2024,50,Yes,Yes
82029,22114,Soybean,25,15/12/2024,50,Yes,Yes
81212,22117,Soybean,100,15/12/2024,50,Yes,Yes
84413,22121,Soybean,25,03/01/2025,50,Yes,Yes
82335,22122,Soybean,25,26/12/2024,50,Yes,Yes
82628,22124,Soybean,25,16/12/2024,50,Yes,Yes
79535,22128,Soybean,50,10/12/2024,45,No,Yes
100611,19631,Soybean,25,10/01/2025,20,Yes,Yes
100580,19647,Soybean,75,08/01/2025,20,Yes,Yes
91965,19648,Soybean,25,08/01/2025,45,Yes,Yes
98412,19649,Soybean,75,02/01/2025,50,Yes,Yes
97947,19654,Soybean,25,04/01/2025,50,Yes,Yes
96871,19655,Beans,25,14/12/2024,25,Yes,Yes
98489,19656,Soybean,25,03/01/2025,50,Yes,Yes
92138,19657,Soybean,25,04/01/2025,45,Yes,Yes
92098,19660,Soybean,75,27/12/2024,50,Yes,Yes
91253,19668,Soybean,25,17/12/2024,20,Yes,Yes
93499,19672,Soybean,25,08/01/2025,20,Yes,Yes
86603,22132,Soybean,25,08/01/2025,35,Yes,Yes
85928,22137,Soybean,25,15/12/2024,45,Yes,Yes
97395,22138,Soybean,50,21/12/2024,90,Yes,Yes
80062,22140,Soybean,25,18/12/2024,82,Yes,Yes
79531,22144,Soybean,50,09/12/2024,49,No,Yes
85981,22146,Soybean,25,14/12/2024,45,Yes,Yes
90508,22151,Soybean,25,09/01/2025,10,Yes,Yes
89510,22152,Soybean,50,03/01/2025,10,Yes,Yes
82540,22153,Soybean,75,13/12/2024,45,Yes,Yes
79640,22156,Soybean,25,09/12/2024,48,No,Yes
90507,22161,Soybean,25,01/01/2025,10,Yes,Yes
87560,22162,Soybean,50,15/12/2024,20,Yes,Yes
85984,19696,Soybean,25,06/01/2025,50,Yes,Yes
85663,19702,Soybean,25,30/12/2024,50,Yes,Yes
88071,19705,Soybean,25,31/12/2024,55,Yes,Yes
85988,19709,Soybean,25,06/01/2025,50,Yes,Yes
83701,19716,Soybean,25,03/01/2025,50,Yes,Yes
85801,19726,Soybean,25,08/01/2025,50,Yes,Yes
84950,19741,Soybean,25,05/01/2025,50,Yes,Yes
80677,19748,Soybean,25,16/12/2024,50,Yes,Yes
80475,19750,Soybean,25,15/12/2024,50,Yes,Yes
80683,19752,Soybean,25,30/12/2024,50,Yes,Yes
82643,22165,Soybean,5,08/12/2024,45,Yes,Yes
91405,22171,Soybean,50,18/12/2024,45,Yes,Yes
80011,22172,Soybean,50,01/12/2024,81,Yes,Yes
82654,22183,Soybean,25,11/12/2024,40,Yes,Yes
88765,22193,Soybean,20,11/12/2024,35,Yes,Yes
90784,22199,Soybean,25,29/12/2024,50,Yes,Yes
89291,22204,Soybean,100,08/12/2024,50,Yes,Yes
118584,22206,Beans,60,15/02/2025,50,No,Yes
83029,22210,Soybean,25,29/12/2024,45,No,Yes
103929,22220,Beans,20,01/02/2025,50,No,Yes
84400,22227,Groundnuts,20,03/01/2025,50,No,Yes
88484,22230,Groundnuts,20,30/11/2024,50,No,Yes
79844,22240,Groundnuts,40,19/11/2024,50,Yes,Yes
82203,22241,Groundnuts,20,06/12/2024,50,No,Yes
85685,22245,Groundnuts,20,20/12/2024,50,No,Yes
107628,22249,Beans,20,10/02/2025,15,No,Yes
87911,22254,Groundnuts,20,05/01/2025,50,No,Yes
86883,22259,Soybean,25,15/12/2024,43,No,Yes
83033,22261,Soybean,25,29/12/2024,47,No,Yes
83881,22262,Soybean,25,29/12/2024,40,No,Yes
86425,22263,Soybean,25,29/12/2024,45,No,Yes
83891,22265,Soybean,25,15/12/2024,41,No,Yes
80680,19754,Soybean,25,30/12/2024,50,Yes,Yes
88020,19757,Soybean,125,16/11/2024,50,Yes,Yes
79122,19761,Soybean,3,03/12/2024,50,Yes,Yes
81900,19764,Soybean,25,13/12/2024,50,Yes,Yes
86390,19768,Soybean,25,31/12/2024,60,Yes,Yes
79750,19774,Groundnuts,20,10/11/2024,50,Yes,Yes
79746,19776,Groundnuts,20,30/11/2024,50,Yes,Yes
81173,19783,Soybean,25,19/12/2024,45,Yes,Yes
81567,19786,Soybean,25,29/12/2024,45,Yes,Yes
82985,19787,Soybean,50,23/12/2024,45,Yes,Yes
77955,19804,Groundnuts,20,14/11/2024,50,Yes,Yes
82075,22269,Groundnuts,20,14/12/2024,50,No,Yes
81377,22272,Soybean,50,16/12/2024,45,Yes,Yes
85658,22276,Soybean,75,26/12/2024,45,Yes,Yes
84540,22277,Soybean,25,11/12/2024,50,Yes,Yes
90050,22281,Soybean,25,15/12/2024,75,Yes,Yes
85861,22282,Soybean,50,01/01/2025,45,Yes,Yes
85717,22285,Soybean,25,13/12/2024,45,Yes,Yes
84542,22288,Soybean,50,12/11/2024,50,Yes,Yes
80912,19805,Soybean,50,28/12/2024,45,Yes,Yes
79314,19806,Groundnuts,40,19/11/2024,50,Yes,Yes
81568,19806,Soybean,50,30/12/2024,45,Yes,Yes
84529,19811,Soybean,25,06/01/2025,45,Yes,Yes
86025,19838,Soybean,1,28/12/2024,50,Yes,Yes
83350,19842,Soybean,1,27/12/2024,50,Yes,Yes
85325,19847,Soybean,25,04/01/2025,50,No,Yes
81280,19848,Soybean,20,12/12/2024,50,Yes,Yes
81279,19849,Soybean,25,16/01/2025,50,Yes,Yes
85334,19850,Groundnuts,20,01/01/2025,50,No,Yes
81787,19850,Soybean,25,29/12/2024,50,Yes,Yes
87946,22299,Groundnuts,20,05/12/2024,50,No,Yes
89759,22303,Groundnuts,20,26/12/2024,50,No,Yes
103601,22313,Beans,20,10/03/2025,50,No,Yes
86215,22315,Soybean,50,31/12/2024,50,Yes,Yes
83944,22318,Soybean,50,15/12/2024,45,Yes,Yes
107596,22327,Beans,20,10/02/2025,15,No,Yes
80755,22330,Soybean,25,16/12/2024,50,Yes,Yes
86645,22337,Soybean,13,29/12/2024,50,Yes,Yes
86932,22341,Soybean,25,04/01/2025,45,No,Yes
85465,19853,Soybean,50,10/12/2024,50,Yes,Yes
87205,19858,Groundnuts,20,23/12/2024,50,Yes,Yes
80622,19861,Soybean,40,07/12/2024,50,Yes,Yes
82819,19862,Soybean,25,27/12/2024,45,No,Yes
82698,19870,Soybean,2,24/12/2024,45,Yes,Yes
80438,19875,Soybean,35,15/12/2024,50,Yes,Yes
79246,19877,Soybean,25,15/12/2024,50,Yes,Yes
80085,19886,Soybean,25,16/12/2024,4,Yes,Yes
83725,19889,Soybean,25,02/01/2025,50,Yes,Yes
85654,19900,Soybean,25,01/01/2025,45,Yes,Yes
84115,19902,Soybean,25,01/01/2025,30,Yes,Yes
79698,19907,Soybean,25,18/12/2024,35,Yes,Yes
84196,19912,Soybean,50,01/12/2024,45,Yes,Yes
82939,19925,Soybean,25,01/12/2024,45,Yes,Yes
83589,19929,Soybean,50,12/12/2024,48,Yes,Yes
81099,19932,Soybean,50,02/01/2025,45,Yes,Yes
84086,19939,Soybean,25,05/12/2024,45,Yes,Yes
87176,19960,Soybean,25,03/01/2025,35,Yes,Yes
87621,19961,Soybean,25,08/01/2025,50,Yes,Yes
83003,22350,Soybean,25,20/12/2024,45,Yes,Yes
94964,22354,Soybean,25,29/12/2024,90,Yes,Yes
82590,22355,Soybean,25,20/12/2024,35,Yes,Yes
107603,22359,Beans,20,11/02/2025,15,No,Yes
103756,22360,Beans,20,10/02/2025,60,No,Yes
105366,22365,Beans,20,05/02/2025,60,No,Yes
94140,22371,Soybean,50,04/01/2025,45,No,No
82761,22372,Soybean,5,31/12/2024,50,Yes,Yes
85694,22374,Soybean,25,15/12/2024,45,Yes,Yes
85725,22377,Soybean,50,01/01/2025,45,Yes,Yes
91228,22387,Soybean,50,01/01/2025,45,Yes,Yes
103808,22399,Beans,20,06/02/2025,60,No,Yes
103869,22401,Beans,20,03/02/2025,65,No,Yes
91675,22403,Soybean,25,01/01/2025,45,Yes,Yes
88131,22405,Soybean,25,01/01/2025,45,Yes,Yes
95006,22410,Soybean,25,30/12/2024,72,Yes,Yes
92274,22411,Soybean,5,07/01/2025,40,Yes,Yes
82693,22413,Soybean,25,06/12/2024,45,No,Yes
102354,22424,Beans,20,08/02/2025,10,No,Yes
103944,22426,Beans,20,03/02/2025,50,No,Yes
103129,22427,Beans,20,12/02/2025,50,No,Yes
103943,22440,Beans,20,01/02/2025,50,No,Yes
88129,22443,Soybean,25,01/01/2025,45,Yes,Yes
82636,22444,Soybean,50,12/12/2024,45,Yes,Yes
87179,19963,Soybean,25,03/01/2025,45,Yes,Yes
87622,19967,Soybean,25,03/01/2025,45,Yes,Yes
84108,19968,Soybean,25,18/12/2024,45,Yes,Yes
79497,19974,Soybean,25,01/12/2024,45,Yes,Yes
84030,19977,Soybean,50,01/12/2024,45,Yes,Yes
84057,19980,Soybean,25,03/01/2025,50,Yes,Yes
89363,19981,Soybean,25,03/01/2025,50,Yes,Yes
84054,19987,Soybean,25,02/01/2025,50,Yes,Yes
89364,19989,Soybean,100,02/01/2025,50,Yes,Yes
84067,19990,Soybean,25,01/01/2025,50,Yes,Yes
86324,19996,Soybean,25,27/12/2024,50,No,Yes
79574,22449,Soybean,50,15/12/2024,50,No,Yes
91803,22471,Groundnuts,20,22/11/2024,50,Yes,Yes
103698,22483,Beans,20,05/02/2025,50,No,Yes
99975,22494,Soybean,25,20/12/2024,45,Yes,Yes
83916,22497,Soybean,25,18/12/2024,50,Yes,Yes
99945,22501,Soybean,25,20/11/2024,45,Yes,Yes
100068,22517,Groundnuts,20,21/12/2024,20,Yes,Yes
100331,22525,Groundnuts,20,08/11/2024,20,Yes,Yes
100324,22525,Soybean,25,20/11/2024,45,Yes,Yes
96878,22546,Soybean,25,22/11/2024,45,Yes,Yes
83534,22550,Soybean,25,24/12/2024,50,Yes,Yes
99319,22557,Groundnuts,20,15/11/2024,20,Yes,Yes
90231,19998,Soybean,25,19/12/2024,50,No,Yes
87855,20002,Soybean,50,03/12/2024,49,Yes,Yes
84156,20009,Soybean,2,10/12/2024,50,Yes,Yes
95748,20015,Soybean,25,12/11/2024,50,Yes,Yes
95749,20016,Soybean,25,13/11/2024,50,Yes,Yes
86513,20021,Soybean,1,01/01/2025,50,Yes,Yes
93478,20032,Soybean,25,06/01/2025,50,Yes,Yes
86082,20034,Soybean,2,27/12/2024,50,Yes,Yes
86084,20037,Soybean,1,28/12/2024,50,Yes,Yes
86194,20038,Soybean,1,27/12/2024,50,Yes,Yes
90839,20056,Soybean,25,01/01/2025,50,Yes,Yes
90844,20058,Groundnuts,20,01/01/2025,50,Yes,Yes
91279,20064,Soybean,50,03/01/2025,45,No,Yes
85276,20066,Soybean,25,01/01/2025,45,No,Yes
88059,20069,Soybean,25,05/01/2025,45,No,Yes
84042,20071,Soybean,50,01/01/2025,50,Yes,Yes
84049,20072,Soybean,50,01/01/2025,50,Yes,Yes
89357,20081,Soybean,50,03/01/2025,50,Yes,Yes
84050,20084,Soybean,200,01/01/2025,50,Yes,Yes
96879,22559,Soybean,25,14/11/2024,45,Yes,Yes
99960,22560,Soybean,25,20/12/2024,45,Yes,Yes
98635,22565,Soybean,20,22/11/2024,20,Yes,Yes
98078,22566,Soybean,25,19/12/2024,45,Yes,Yes
95313,22567,Groundnuts,20,20/11/2024,20,Yes,Yes
98190,22567,Soybean,20,21/11/2024,20,Yes,Yes
98194,22569,Soybean,25,22/11/2024,45,Yes,Yes
79484,22572,Soybean,25,13/12/2024,50,Yes,Yes
88132,22573,Soybean,25,31/12/2024,45,Yes,Yes
86438,22586,Soybean,25,20/12/2024,45,Yes,Yes
98079,22587,Soybean,25,20/12/2024,45,Yes,Yes
84053,20085,Soybean,25,03/01/2025,50,Yes,Yes
80608,20095,Soybean,25,23/12/2024,50,Yes,Yes
79835,20104,Soybean,50,28/11/2024,50,Yes,Yes
85257,20105,Soybean,125,01/01/2025,45,Yes,Yes
85255,20106,Soybean,25,05/12/2024,50,Yes,Yes
81911,20107,Soybean,25,02/12/2024,50,Yes,Yes
81899,20109,Soybean,25,13/12/2024,50,Yes,Yes
95763,20116,Soybean,25,18/12/2024,50,Yes,Yes
87188,20119,Soybean,50,20/12/2024,50,Yes,Yes
89324,20122,Soybean,50,20/12/2024,50,Yes,Yes
78815,20134,Soybean,25,13/12/2024,50,No,Yes
88268,20137,Soybean,50,04/01/2025,45,No,Yes
78157,20141,Soybean,25,15/12/2024,50,Yes,Yes
79247,20143,Soybean,15,15/12/2024,55,Yes,Yes
78155,20146,Soybean,15,10/12/2024,45,Yes,Yes
89678,20150,Soybean,25,09/12/2024,45,No,Yes
91044,20152,Soybean,100,14/11/2024,45,Yes,Yes
92778,20153,Groundnuts,20,17/11/2024,35,Yes,Yes
92029,20154,Soybean,20,26/12/2024,45,Yes,Yes
100074,22591,Groundnuts,20,13/12/2024,20,Yes,Yes
99323,22601,Soybean,50,22/11/2024,45,Yes,Yes
103713,22606,Beans,20,06/02/2025,60,No,Yes
103663,22607,Beans,40,10/02/2025,10,No,Yes
85946,22610,Soybean,100,27/12/2024,45,Yes,Yes
89931,22624,Groundnuts,40,03/01/2025,50,No,Yes
78696,22625,Soybean,25,13/12/2024,50,Yes,Yes
82580,22634,Groundnuts,20,18/12/2024,45,No,Yes
86757,22643,Groundnuts,60,27/12/2024,45,No,Yes
87482,22644,Soybean,100,28/12/2024,45,Yes,Yes
87483,22645,Groundnuts,40,28/12/2024,45,No,Yes
86758,22646,Groundnuts,20,31/12/2024,45,No,Yes
80442,22646,Soybean,25,16/12/2024,45,Yes,Yes
87481,22647,Soybean,100,26/12/2024,45,Yes,Yes
87486,22649,Groundnuts,40,26/12/2024,45,No,Yes
86751,22650,Soybean,50,26/12/2024,45,Yes,Yes
103836,22651,Beans,20,02/02/2025,50,No,Yes
103941,22652,Beans,20,13/02/2025,50,No,Yes
79151,20158,Soybean,15,15/12/2024,50,Yes,Yes
78103,20159,Soybean,25,08/12/2024,50,Yes,Yes
78802,20168,Soybean,25,10/12/2024,50,Yes,Yes
78543,20171,Soybean,50,18/12/2024,5,Yes,Yes
90230,20179,Soybean,25,19/12/2024,50,No,Yes
90647,20185,Soybean,50,09/12/2024,45,No,Yes
91373,20187,Soybean,25,09/12/2024,45,No,Yes
95765,20191,Soybean,25,18/11/2024,50,Yes,Yes
80859,20196,Soybean,2,18/12/2024,50,Yes,Yes
89048,20198,Soybean,25,01/01/2025,50,Yes,Yes
100700,20216,Groundnuts,40,15/12/2024,20,No,Yes
96255,22653,Soybean,25,15/12/2024,85,Yes,Yes
113405,22656,Soybean,5,12/12/2024,45,Yes,Yes
84601,22660,Soybean,2,19/12/2024,50,Yes,Yes
86755,22664,Groundnuts,40,30/12/2024,45,Yes,Yes
86759,22667,Groundnuts,20,28/12/2024,45,Yes,Yes
80229,22676,Soybean,37,02/11/2024,75,Yes,Yes
87918,22677,Soybean,25,02/01/2025,50,Yes,Yes
79577,22685,Soybean,25,14/12/2024,55,Yes,Yes
91674,22691,Soybean,25,01/01/2025,45,Yes,Yes
100925,20220,Groundnuts,40,03/01/2025,20,No,Yes
84338,20223,Soybean,25,15/12/2024,50,Yes,Yes
94906,20228,Soybean,25,04/01/2025,5,Yes,Yes
78748,20231,Soybean,50,18/12/2024,5,Yes,Yes
89175,20232,Soybean,75,30/12/2024,45,Yes,Yes
77846,20245,Soybean,50,08/12/2024,5,Yes,Yes
91163,20246,Soybean,50,01/01/2025,50,Yes,Yes
91031,20253,Soybean,75,01/01/2025,50,Yes,Yes
89854,20257,Soybean,50,01/01/2025,50,Yes,Yes
89849,20259,Soybean,25,01/01/2025,50,Yes,Yes
93353,22699,Soybean,25,09/01/2025,50,Yes,Yes
91975,22703,Soybean,50,18/12/2024,50,Yes,Yes
86376,22712,Soybean,25,09/12/2024,50,Yes,Yes
97417,22716,Soybean,25,05/01/2025,50,Yes,Yes
83887,22736,Soybean,25,18/12/2024,43,No,Yes
86433,22742,Soybean,25,02/01/2025,51,No,Yes
83877,22746,Soybean,25,14/12/2024,41,No,Yes
86879,22749,Soybean,25,19/12/2024,40,No,Yes
86893,22757,Soybean,25,29/12/2024,45,No,Yes
83879,22759,Soybean,25,19/12/2024,43,No,Yes
86891,22760,Soybean,50,18/12/2024,40,No,Yes
86429,22761,Soybean,50,19/12/2024,44,No,Yes
95141,22762,Soybean,50,19/12/2024,60,Yes,Yes
95139,22763,Soybean,50,18/12/2024,60,Yes,Yes
97463,22769,Soybean,25,18/12/2024,50,Yes,Yes
91979,22777,Soybean,25,09/01/2025,45,Yes,Yes
86373,22778,Soybean,25,19/11/2024,50,Yes,Yes
93357,22782,Soybean,50,06/01/2025,45,Yes,Yes
99174,22786,Groundnuts,20,15/12/2024,20,Yes,Yes
87677,22789,Groundnuts,20,13/12/2024,20,Yes,Yes
91889,22790,Groundnuts,20,20/12/2024,2,Yes,Yes
89170,20260,Soybean,25,04/01/2025,50,Yes,Yes
91012,20261,Soybean,25,01/01/2025,50,Yes,Yes
91160,20263,Soybean,50,03/01/2025,50,Yes,Yes
88963,20270,Soybean,50,01/01/2025,50,Yes,Yes
78549,20272,Soybean,50,18/12/2024,5,Yes,Yes
80275,20284,Soybean,25,05/12/2024,80,Yes,Yes
77841,20298,Soybean,50,13/12/2024,5,Yes,Yes
86680,20302,Soybean,25,21/12/2024,50,No,Yes
82832,20305,Soybean,50,02/01/2025,50,Yes,Yes
78822,20306,Soybean,25,02/12/2024,50,Yes,Yes
78817,20307,Soybean,25,09/12/2024,50,Yes,Yes
81778,20309,Groundnuts,10,10/12/2024,50,No,Yes
86211,20310,Soybean,50,23/12/2024,50,Yes,Yes
77954,20318,Groundnuts,40,08/11/2024,50,Yes,Yes
81891,20328,Soybean,25,10/12/2024,45,Yes,Yes
81870,20329,Soybean,5,12/12/2024,35,Yes,Yes
79222,20332,Soybean,25,08/12/2024,45,Yes,Yes
79265,20333,Soybean,75,09/12/2024,45,Yes,Yes
92271,20336,Soybean,250,01/01/2025,40,Yes,Yes
93795,20339,Soybean,50,22/12/2024,45,Yes,Yes
87840,20344,Groundnuts,20,22/12/2024,65,Yes,Yes
87844,20344,Soybean,25,26/12/2024,45,Yes,Yes
87842,20350,Groundnuts,80,22/12/2024,65,Yes,Yes
87843,20350,Soybean,100,28/12/2024,45,Yes,Yes
93804,20351,Soybean,50,28/12/2024,45,Yes,Yes
93805,20352,Soybean,50,24/12/2024,45,Yes,Yes
80787,20356,Soybean,50,15/12/2024,50,No,Yes
79980,20367,Soybean,50,16/12/2024,50,No,Yes
80075,20370,Soybean,50,19/12/2024,50,No,Yes
81780,20371,Soybean,50,15/12/2024,50,No,Yes
81719,20381,Groundnuts,20,02/01/2025,50,No,Yes
87678,22797,Groundnuts,20,15/12/2024,20,Yes,Yes
99173,22800,Groundnuts,20,18/12/2024,20,Yes,Yes
99180,22803,Groundnuts,20,14/12/2024,20,Yes,Yes
99186,22804,Soybean,25,12/12/2024,50,Yes,Yes
87676,22805,Soybean,25,10/12/2024,50,Yes,Yes
84499,22807,Soybean,25,23/12/2024,50,Yes,Yes
100106,16208,Soybean,25,15/12/2024,70,Yes,Yes
88717,16214,Groundnuts,20,04/12/2024,45,No,Yes
97493,16218,Soybean,25,21/11/2024,45,Yes,Yes
92037,16226,Soybean,25,29/12/2024,50,No,Yes
89922,16228,Groundnuts,20,18/11/2024,50,No,Yes
98479,16234,Soybean,50,05/01/2025,60,Yes,Yes
93877,16253,Soybean,25,15/01/2025,50,No,Yes
80558,16262,Groundnuts,20,22/12/2024,5,Yes,Yes
88829,16266,Soybean,25,09/12/2024,65,Yes,Yes
99058,16267,Soybean,25,03/01/2025,45,Yes,Yes
81852,16270,Groundnuts,20,19/12/2024,45,Yes,Yes
78767,16287,Groundnuts,20,03/12/2024,5,Yes,Yes
87778,16367,Groundnuts,20,27/12/2024,45,No,Yes
80600,16405,Soybean,25,20/11/2024,55,Yes,Yes
86730,16406,Soybean,25,21/11/2024,55,Yes,Yes
98051,19721,Soybean,25,08/12/2024,65,Yes,Yes
78109,19723,Soybean,150,04/12/2024,5,Yes,Yes
85022,19738,Soybean,25,06/01/2025,50,Yes,Yes
85021,19742,Soybean,25,07/01/2025,50,Yes,Yes
80476,19744,Soybean,25,16/12/2024,50,Yes,Yes
80678,19747,Soybean,25,16/12/2024,50,Yes,Yes
80684,19753,Soybean,25,30/12/2024,50,Yes,Yes
83702,19765,Soybean,50,29/12/2024,50,Yes,Yes
84594,19769,Soybean,100,26/12/2024,50,Yes,Yes
86136,19771,Soybean,1,31/12/2024,50,Yes,Yes
86021,19772,Soybean,3,27/12/2024,50,Yes,Yes
82984,19773,Soybean,75,26/12/2024,45,Yes,Yes
84532,19780,Soybean,20,26/12/2024,45,Yes,Yes
91231,19781,Soybean,125,22/12/2024,45,Yes,Yes
91233,19782,Soybean,50,05/01/2025,45,Yes,Yes
79310,19784,Groundnuts,20,12/11/2024,50,Yes,Yes
79000,19785,Groundnuts,20,06/12/2024,50,Yes,Yes
81023,19789,Soybean,50,28/12/2024,45,Yes,Yes
77957,19791,Groundnuts,40,12/11/2024,50,Yes,Yes
79751,19793,Groundnuts,20,18/11/2024,50,Yes,Yes
81175,19795,Soybean,25,21/12/2024,45,Yes,Yes
82068,19799,Soybean,50,20/12/2024,45,Yes,Yes
79304,19802,Groundnuts,20,15/11/2024,50,Yes,Yes
82983,19802,Soybean,50,26/12/2024,45,Yes,Yes
77956,19808,Groundnuts,40,08/11/2024,50,Yes,Yes
79311,19809,Groundnuts,20,10/11/2024,50,Yes,Yes
80528,19820,Soybean,50,19/12/2024,50,Yes,Yes
89333,19823,Soybean,25,01/01/2025,50,Yes,Yes
80530,19825,Soybean,40,20/12/2024,50,Yes,Yes
85323,19829,Soybean,10,02/01/2025,50,No,Yes
86067,16417,Soybean,25,04/01/2025,50,Yes,Yes
101186,16418,Soybean,25,03/01/2025,50,Yes,Yes
90110,16419,Soybean,25,04/01/2025,50,Yes,Yes
106088,16427,Beans,20,08/02/2025,10,No,Yes
94330,16457,Groundnuts,20,18/12/2024,40,No,Yes
96580,16463,Soybean,25,15/12/2024,50,No,Yes
96585,16464,Soybean,25,17/12/2024,50,No,Yes
91308,16465,Soybean,25,15/12/2024,50,No,Yes
91312,16470,Soybean,25,17/12/2024,50,No,Yes
91315,16475,Soybean,25,17/12/2024,50,No,Yes
79618,16481,Groundnuts,20,02/12/2024,45,No,Yes
79625,16482,Groundnuts,20,02/12/2024,30,No,Yes
79620,16483,Groundnuts,20,18/12/2024,30,No,Yes
96687,16488,Soybean,25,16/01/2025,60,Yes,Yes
83356,19831,Soybean,1,31/12/2024,50,Yes,Yes
83352,19835,Soybean,1,27/12/2024,50,Yes,Yes
83796,19843,Soybean,1,27/12/2024,50,Yes,Yes
81786,19851,Soybean,75,13/12/2024,50,No,Yes
87211,19854,Soybean,25,20/12/2024,50,Yes,Yes
82742,19860,Soybean,25,08/12/2024,50,Yes,Yes
87208,19863,Soybean,25,26/12/2024,50,Yes,Yes
82744,19864,Soybean,25,01/01/2025,50,Yes,Yes
82866,19879,Soybean,50,27/12/2024,45,No,Yes
83456,19880,Soybean,25,23/12/2024,45,No,Yes
83494,19881,Soybean,50,23/12/2024,45,No,Yes
80086,19884,Soybean,25,16/12/2024,50,Yes,Yes
83723,19890,Soybean,25,02/01/2025,50,Yes,Yes
85023,19891,Soybean,25,06/01/2025,50,Yes,Yes
84116,19894,Soybean,25,03/01/2025,35,Yes,Yes
85701,19897,Soybean,25,01/01/2025,45,Yes,Yes
85703,19903,Soybean,25,02/01/2025,25,Yes,Yes
84205,19920,Soybean,25,01/12/2024,45,Yes,Yes
84084,19921,Soybean,50,10/12/2024,45,Yes,Yes
82945,19926,Soybean,50,02/12/2024,45,Yes,Yes
84132,19935,Soybean,25,01/12/2024,45,Yes,Yes
91698,16510,Soybean,25,01/01/2025,50,No,Yes
93083,16515,Soybean,25,06/01/2025,45,Yes,Yes
80521,16542,Groundnuts,40,20/11/2024,45,No,Yes
96024,16544,Groundnuts,20,16/11/2024,50,No,Yes
84737,16548,Soybean,25,03/01/2025,45,Yes,Yes
85039,16562,Soybean,25,29/12/2024,45,Yes,Yes
87402,16570,Soybean,25,20/12/2024,50,Yes,Yes
105930,16586,Beans,20,15/02/2025,50,Yes,Yes
98729,16591,Maize,10,09/12/2024,75,No,Yes
98730,16591,Soybean,50,12/12/2024,70,Yes,Yes
89485,16602,Groundnuts,20,24/12/2024,30,No,Yes
89487,16604,Groundnuts,20,23/12/2024,30,No,Yes
84238,19937,Soybean,25,01/12/2024,45,Yes,Yes
86382,19942,Soybean,25,03/01/2025,45,Yes,Yes
85653,19946,Soybean,25,09/02/2025,35,Yes,Yes
79699,19948,Soybean,50,10/12/2024,50,Yes,Yes
86386,19949,Soybean,25,08/01/2025,40,Yes,Yes
79701,19952,Soybean,25,09/12/2024,30,Yes,Yes
80051,19955,Soybean,25,10/12/2024,30,Yes,Yes
85800,19956,Soybean,50,01/01/2025,50,Yes,Yes
87180,19959,Soybean,25,03/01/2025,45,Yes,Yes
87178,19964,Soybean,25,03/01/2025,35,Yes,Yes
82940,19969,Soybean,50,04/12/2024,45,Yes,Yes
89490,16610,Groundnuts,20,12/12/2024,30,No,Yes
89479,16615,Groundnuts,20,22/12/2024,30,No,Yes
117549,16618,Beans,20,15/03/2025,50,No,Yes
82074,16628,Groundnuts,20,19/12/2024,45,Yes,Yes
108558,16638,Beans,80,15/02/2025,50,No,Yes
118795,16648,Maize,20,13/02/2025,70,Yes,No
90214,16660,Soybean,25,09/12/2024,50,Yes,Yes
89607,16661,Soybean,25,11/12/2024,50,Yes,Yes
94838,16664,Groundnuts,20,22/12/2024,30,No,Yes
99612,16671,Soybean,25,13/12/2024,75,Yes,Yes
97781,16701,Soybean,25,11/01/2025,50,No,Yes
99646,16704,Soybean,25,11/01/2025,50,No,Yes
80617,16707,Soybean,25,09/12/2024,50,Yes,Yes
79647,16708,Soybean,25,08/12/2024,45,Yes,Yes
99518,16709,Soybean,50,08/01/2025,50,No,Yes
99515,16710,Soybean,25,22/01/2025,50,No,Yes
98165,16713,Soybean,25,20/01/2025,60,No,Yes
96218,16715,Groundnuts,20,14/11/2024,50,No,Yes
96236,16720,Groundnuts,20,13/11/2024,45,No,Yes
98583,16727,Groundnuts,20,17/11/2024,45,No,Yes
83410,16730,Groundnuts,40,29/11/2024,45,No,Yes
90392,16736,Groundnuts,20,01/01/2025,3,Yes,Yes
80533,19978,Soybean,25,10/12/2024,50,Yes,Yes
89366,19979,Soybean,25,04/01/2025,50,Yes,Yes
89360,19988,Soybean,100,03/01/2025,50,Yes,Yes
84056,19992,Groundnuts,20,02/01/2025,50,No,Yes
86330,19997,Soybean,50,20/12/2024,50,No,Yes
83392,20006,Soybean,25,01/01/2025,48,Yes,Yes
83136,20012,Soybean,1,12/11/2024,50,Yes,Yes
84164,20014,Soybean,1,18/11/2024,50,Yes,Yes
95750,20017,Soybean,25,18/12/2024,50,Yes,Yes
84698,20022,Soybean,1,01/01/2025,50,Yes,Yes
95754,20025,Soybean,50,11/12/2024,50,Yes,Yes
90393,16738,Groundnuts,20,28/11/2024,3,No,Yes
93211,16743,Soybean,25,11/12/2024,50,Yes,Yes
83462,16746,Groundnuts,20,24/11/2024,45,No,Yes
96905,16747,Groundnuts,20,19/11/2024,50,No,Yes
83419,16750,Groundnuts,20,23/11/2024,50,No,Yes
92668,16766,Soybean,25,07/01/2025,60,Yes,Yes
91220,16769,Soybean,25,06/01/2025,60,Yes,Yes
89193,16776,Soybean,25,29/12/2024,65,Yes,Yes
99402,16781,Beans,25,01/12/2024,45,Yes,Yes
93034,16790,Soybean,25,20/12/2024,45,Yes,Yes
93033,16792,Soybean,25,02/12/2024,45,Yes,Yes
101684,16793,Soybean,25,13/12/2024,45,Yes,Yes
99796,16796,Soybean,25,06/01/2025,52,Yes,Yes
92560,16803,Soybean,25,08/01/2025,65,Yes,Yes
81094,16807,Groundnuts,20,26/11/2024,45,No,Yes
81144,16808,Groundnuts,20,14/11/2024,45,No,Yes
99002,16810,Groundnuts,20,27/11/2024,50,No,Yes
95483,16815,Soybean,25,05/01/2025,50,Yes,Yes
93040,16821,Soybean,2,01/01/2025,59,Yes,Yes
90760,16822,Soybean,25,06/01/2025,65,Yes,Yes
98737,16832,Soybean,25,12/01/2025,65,Yes,Yes
95757,20027,Soybean,50,14/11/2024,50,Yes,Yes
84722,20040,Soybean,1,22/12/2024,50,Yes,Yes
90201,20057,Soybean,75,08/01/2025,50,Yes,Yes
85364,20060,Soybean,50,12/09/2024,45,No,Yes
87292,20067,Soybean,50,02/01/2025,45,No,Yes
88063,20077,Soybean,50,05/01/2025,45,No,Yes
89368,20088,Soybean,50,03/01/2025,50,Yes,Yes
89288,20098,Soybean,25,22/12/2024,50,Yes,Yes
86637,20114,Soybean,25,24/11/2024,45,No,Yes
82677,20118,Groundnuts,20,02/12/2024,45,No,Yes
82667,20124,Groundnuts,20,20/11/2024,45,No,Yes
84382,20128,Soybean,25,09/12/2024,45,Yes,Yes
92028,20131,Soybean,50,27/11/2024,45,Yes,Yes
97509,20132,Soybean,2,03/01/2025,50,Yes,Yes
78447,20133,Soybean,25,07/12/2024,50,Yes,Yes
83007,20135,Soybean,25,18/12/2024,60,Yes,Yes
88065,20139,Soybean,25,09/12/2024,45,No,Yes
85698,20144,Soybean,15,12/12/2024,50,Yes,Yes
78522,20145,Beans,50,02/12/2024,50,Yes,Yes
79245,20147,Soybean,20,20/12/2024,50,Yes,Yes
89950,20151,Soybean,50,03/01/2025,45,No,Yes
78489,20162,Soybean,20,10/12/2024,55,Yes,Yes
78156,20165,Soybean,15,12/12/2024,50,Yes,Yes
77840,20172,Soybean,25,13/12/2024,5,Yes,Yes
79601,20174,Soybean,25,19/11/2024,50,Yes,Yes
79881,20176,Soybean,25,15/12/2024,45,No,Yes
85134,20181,Soybean,25,04/01/2025,50,No,Yes
88067,20183,Soybean,50,27/11/2024,45,No,Yes
85443,20188,Soybean,50,01/01/2025,50,No,Yes
96291,16837,Groundnuts,20,14/11/2024,50,No,Yes
82449,16845,Groundnuts,20,15/11/2024,50,No,Yes
81205,16847,Groundnuts,20,26/11/2024,45,No,Yes
96890,16851,Groundnuts,20,15/12/2024,45,No,Yes
99036,16852,Groundnuts,20,23/11/2024,50,No,Yes
90394,16853,Groundnuts,20,03/01/2025,3,No,Yes
87732,16854,Groundnuts,20,28/11/2024,3,No,Yes
90289,16864,Soybean,25,11/12/2024,25,Yes,Yes
98831,16872,Soybean,60,04/12/2024,60,Yes,Yes
97388,16878,Soybean,25,03/01/2025,45,No,Yes
96275,16879,Soybean,25,08/01/2025,45,No,Yes
91210,16891,Soybean,25,11/12/2024,65,Yes,Yes
93760,16902,Soybean,25,05/01/2025,60,Yes,Yes
92598,16907,Soybean,25,02/01/2025,50,Yes,Yes
93820,16910,Soybean,25,09/01/2025,65,Yes,Yes
96139,16915,Groundnuts,40,15/11/2024,50,No,Yes
92372,16919,Soybean,25,13/12/2024,60,No,Yes
92270,16922,Soybean,25,03/01/2025,50,No,Yes
101567,16942,Soybean,50,19/12/2024,50,Yes,Yes
87975,16947,Soybean,25,19/12/2024,50,Yes,Yes
97510,16949,Soybean,25,11/12/2024,45,Yes,Yes
90815,16959,Soybean,25,02/12/2024,75,Yes,Yes
90829,16962,Soybean,25,08/12/2024,60,Yes,Yes
93175,16965,Soybean,25,11/12/2024,45,Yes,Yes
90715,16970,Soybean,25,13/12/2024,90,Yes,Yes
90730,16973,Soybean,25,09/01/2025,60,Yes,Yes
89982,16979,Soybean,25,09/12/2024,65,Yes,Yes
89776,16983,Soybean,25,14/12/2024,70,Yes,Yes
96619,16984,Soybean,25,09/12/2024,45,Yes,Yes
83412,16987,Soybean,25,09/12/2024,90,Yes,Yes
93163,16989,Soybean,50,08/12/2024,50,Yes,Yes
100141,16990,Soybean,25,11/12/2024,75,Yes,Yes
95766,20192,Soybean,100,27/11/2024,50,Yes,Yes
81048,20195,Soybean,2,19/12/2024,50,Yes,Yes
78542,20203,Soybean,50,16/12/2024,5,Yes,Yes
91328,20207,Soybean,25,08/01/2025,20,Yes,Yes
93393,20209,Soybean,50,15/01/2025,20,Yes,Yes
82635,20215,Soybean,50,10/12/2024,50,Yes,Yes
89171,20229,Soybean,50,01/01/2025,50,Yes,Yes
88960,20235,Soybean,25,01/01/2025,50,Yes,Yes
90346,20237,Soybean,25,01/01/2025,50,Yes,Yes
90376,20250,Soybean,75,01/01/2025,50,Yes,Yes
89913,20251,Soybean,25,01/01/2025,50,Yes,Yes
97680,16994,Soybean,25,09/12/2024,85,Yes,Yes
92849,16995,Soybean,25,30/12/2024,65,Yes,Yes
93164,16996,Soybean,25,13/12/2024,55,Yes,Yes
92937,16999,Soybean,25,25/12/2024,70,Yes,Yes
89077,17005,Soybean,50,10/12/2024,60,Yes,Yes
87318,17013,Soybean,25,08/12/2024,70,Yes,Yes
93085,17015,Soybean,25,11/12/2024,75,Yes,Yes
89117,17017,Soybean,25,11/12/2024,65,Yes,Yes
92073,17019,Soybean,25,16/12/2024,65,Yes,Yes
83437,17038,Soybean,25,11/12/2024,50,Yes,Yes
81671,17040,Soybean,25,25/12/2024,45,Yes,Yes
99562,17060,Soybean,25,11/01/2025,50,No,Yes
90835,17105,Groundnuts,20,22/12/2024,30,No,Yes
81201,17108,Groundnuts,60,27/11/2024,30,No,Yes
80904,17114,Groundnuts,20,30/11/2024,30,No,Yes
89711,17119,Groundnuts,20,03/12/2024,30,No,Yes
90711,17121,Groundnuts,20,29/11/2024,30,No,Yes
79884,17125,Groundnuts,20,20/12/2024,30,No,Yes
99851,17128,Soybean,75,30/12/2024,51,Yes,Yes
99824,17129,Soybean,50,01/01/2025,45,Yes,Yes
97515,17134,Soybean,50,19/01/2025,45,Yes,Yes
89848,20252,Soybean,25,04/01/2025,50,Yes,Yes
78754,20254,Soybean,50,22/11/2024,5,Yes,Yes
78548,20262,Soybean,25,18/12/2024,5,Yes,Yes
91171,20264,Soybean,50,06/01/2025,50,Yes,Yes
77842,20266,Soybean,25,10/12/2024,5,No,Yes
84339,20268,Soybean,25,15/12/2024,45,Yes,Yes
88964,20269,Soybean,50,02/01/2025,50,Yes,Yes
78550,20273,Soybean,50,18/12/2024,5,Yes,Yes
83639,20278,Soybean,25,02/01/2025,50,Yes,Yes
90241,20287,Soybean,50,01/01/2025,50,Yes,Yes
83638,20292,Soybean,25,03/01/2025,50,Yes,Yes
77837,20293,Soybean,50,08/12/2024,5,Yes,Yes
89502,20313,Soybean,25,10/12/2024,70,Yes,Yes
80740,20323,Soybean,40,01/12/2024,50,Yes,Yes
77948,20325,Soybean,50,08/12/2024,50,Yes,Yes
90054,20326,Soybean,25,15/12/2024,75,Yes,Yes
79320,20334,Soybean,50,05/12/2024,45,Yes,Yes
85858,20335,Soybean,50,11/01/2025,45,Yes,Yes
84244,20337,Soybean,100,27/11/2024,45,Yes,Yes
93801,20341,Soybean,25,18/12/2024,45,Yes,Yes
79621,17135,Groundnuts,20,18/12/2024,30,No,Yes
82168,17138,Groundnuts,20,26/12/2024,30,No,Yes
92015,17139,Soybean,100,10/12/2024,50,Yes,Yes
97460,17142,Soybean,25,19/01/2025,45,Yes,Yes
94322,17143,Soybean,25,10/01/2025,5,Yes,Yes
100790,17154,Soybean,50,17/01/2025,45,Yes,Yes
98630,17160,Groundnuts,20,25/11/2024,50,No,Yes
97482,17168,Soybean,25,06/12/2024,45,Yes,Yes
96373,17177,Soybean,25,02/01/2025,50,Yes,Yes
99037,17179,Groundnuts,40,21/11/2024,45,No,Yes
93793,20346,Soybean,50,28/12/2024,45,Yes,Yes
93790,20347,Soybean,25,29/12/2024,45,Yes,Yes
93807,20349,Soybean,50,22/12/2024,45,Yes,Yes
93808,20351,Groundnuts,40,18/11/2024,65,Yes,Yes
80072,20357,Soybean,50,09/12/2024,50,No,Yes
79983,20359,Soybean,50,26/12/2024,50,No,Yes
80074,20363,Soybean,50,24/12/2024,50,No,Yes
79982,20372,Soybean,50,18/12/2024,50,No,Yes
78628,20377,Soybean,25,02/12/2024,50,Yes,Yes
77944,20384,Soybean,25,05/12/2024,50,Yes,Yes
79888,17183,Groundnuts,20,24/12/2024,30,No,Yes
79889,17184,Groundnuts,20,20/12/2024,30,No,Yes
79894,17189,Groundnuts,20,21/12/2024,30,No,Yes
79895,17190,Groundnuts,20,20/12/2024,30,No,Yes
91695,17197,Soybean,50,07/01/2025,60,Yes,Yes
79904,17200,Groundnuts,20,15/12/2024,30,No,Yes
92183,17247,Soybean,25,03/01/2025,65,No,Yes
100791,17266,Soybean,25,03/01/2025,55,Yes,No
100794,17268,Soybean,25,02/01/2025,50,Yes,No
99257,17269,Soybean,50,11/12/2024,50,Yes,No
99039,17282,Groundnuts,40,27/11/2024,45,No,Yes
89597,20385,Soybean,50,01/01/2025,45,No,Yes
88851,20389,Soybean,50,04/01/2025,45,Yes,Yes
88853,20390,Soybean,50,03/01/2025,45,Yes,Yes
77940,20395,Soybean,50,05/12/2024,50,Yes,Yes
90617,20407,Soybean,25,05/01/2025,45,No,Yes
90615,20408,Soybean,25,01/01/2025,13,No,Yes
88857,20414,Soybean,25,02/01/2025,45,Yes,Yes
91605,20417,Soybean,25,04/01/2025,45,No,Yes
91608,20420,Soybean,50,01/01/2025,45,No,Yes
90614,20435,Soybean,25,01/01/2025,45,Yes,Yes
90613,20436,Soybean,25,07/01/2025,45,No,Yes
95770,20444,Soybean,25,11/12/2024,50,Yes,Yes
95771,20445,Soybean,25,17/12/2024,50,Yes,Yes
84456,20448,Soybean,50,14/12/2024,45,No,Yes
87249,20449,Soybean,25,22/12/2024,45,No,Yes
95753,20453,Soybean,25,11/01/2025,50,Yes,Yes
80821,20456,Soybean,25,07/12/2024,45,No,Yes
85862,20458,Soybean,25,15/12/2024,45,No,Yes
85041,20459,Soybean,50,18/12/2024,40,Yes,Yes
85823,20465,Soybean,25,25/12/2024,45,No,Yes
83481,20468,Soybean,50,18/12/2024,45,No,Yes
99040,17284,Groundnuts,20,29/11/2024,50,No,Yes
99041,17288,Groundnuts,20,21/11/2024,45,No,Yes
81208,17290,Groundnuts,20,17/11/2024,45,No,Yes
77854,17319,Soybean,25,01/12/2024,50,Yes,Yes
98783,17343,Soybean,25,17/01/2025,50,Yes,Yes
91294,17351,Soybean,25,05/01/2025,60,Yes,Yes
89352,17353,Soybean,25,01/01/2025,50,Yes,Yes
78778,17371,Groundnuts,20,30/11/2024,45,No,Yes
80885,17379,Groundnuts,20,10/12/2024,45,Yes,Yes
90651,17383,Soybean,25,29/12/2024,55,Yes,Yes
97525,17390,Soybean,25,02/01/2025,50,Yes,Yes
93446,17391,Soybean,50,07/01/2025,50,Yes,Yes
82228,17392,Soybean,25,26/12/2024,50,Yes,Yes
83309,17394,Groundnuts,20,17/12/2024,45,Yes,Yes
85139,17405,Groundnuts,20,26/12/2024,45,Yes,Yes
85400,17406,Groundnuts,20,24/12/2024,45,Yes,Yes
86089,17411,Groundnuts,20,25/12/2024,45,Yes,Yes
83054,17415,Groundnuts,20,24/12/2024,50,No,Yes
86158,17421,Groundnuts,20,30/12/2024,45,Yes,Yes
86159,17422,Groundnuts,20,29/12/2024,50,Yes,Yes
81767,17423,Groundnuts,20,20/12/2024,38,Yes,Yes
86160,17424,Groundnuts,20,31/12/2024,45,Yes,Yes
89500,20478,Soybean,100,07/01/2025,45,Yes,Yes
89243,20488,Soybean,25,04/12/2024,45,Yes,Yes
88787,20490,Soybean,25,07/01/2025,45,Yes,Yes
90512,20495,Soybean,25,18/12/2024,50,No,Yes
85013,20497,Soybean,25,20/12/2024,50,No,Yes
85035,20500,Soybean,25,20/12/2024,50,No,Yes
89332,20504,Soybean,25,07/01/2025,20,Yes,Yes
80843,20506,Soybean,25,15/12/2024,45,Yes,Yes
84736,20509,Soybean,50,11/12/2024,45,Yes,Yes
82046,17426,Groundnuts,20,28/12/2024,45,Yes,Yes
86162,17431,Groundnuts,20,26/12/2024,50,Yes,Yes
85537,17438,Groundnuts,20,29/12/2024,45,Yes,Yes
86165,17441,Groundnuts,20,27/12/2024,50,Yes,Yes
85538,17442,Groundnuts,20,27/12/2024,50,Yes,Yes
86166,17444,Groundnuts,20,18/12/2024,50,Yes,Yes
86167,17445,Groundnuts,20,28/12/2024,50,Yes,Yes
85559,17455,Groundnuts,20,26/12/2024,45,Yes,Yes
85539,17456,Groundnuts,20,24/12/2024,45,Yes,Yes
86130,17472,Groundnuts,20,27/12/2024,45,Yes,Yes
85089,17476,Groundnuts,20,20/12/2024,45,Yes,Yes
86127,17477,Groundnuts,20,28/12/2024,50,Yes,Yes
81145,17481,Groundnuts,40,28/11/2024,45,No,Yes
99051,17485,Groundnuts,20,25/11/2024,50,No,Yes
80823,17495,Groundnuts,20,29/11/2024,50,No,Yes
93263,17530,Groundnuts,30,30/11/2024,30,No,Yes
94839,17533,Groundnuts,20,20/12/2024,30,No,Yes
86902,17536,Groundnuts,20,22/12/2024,30,No,Yes
86898,17558,Groundnuts,20,20/12/2024,30,No,Yes
82991,17560,Groundnuts,20,20/12/2024,30,No,Yes
93769,17573,Soybean,2,03/12/2024,50,Yes,Yes
91875,17576,Soybean,1,09/01/2025,30,Yes,Yes
92251,17583,Soybean,25,06/01/2025,50,No,Yes
90694,17585,Soybean,25,11/12/2024,45,No,Yes
78616,20536,Soybean,25,10/12/2024,50,Yes,Yes
79973,20541,Soybean,25,16/12/2024,50,No,Yes
80066,20544,Soybean,25,16/12/2024,50,No,Yes
87870,20552,Soybean,75,02/12/2024,48,Yes,Yes
79990,20556,Soybean,50,08/12/2024,45,No,Yes
97523,20567,Groundnuts,20,15/11/2024,50,Yes,Yes
90927,20567,Soybean,50,20/12/2024,45,Yes,Yes
93791,20572,Soybean,50,24/12/2024,45,Yes,Yes
90297,20575,Soybean,50,02/01/2025,50,Yes,Yes
108533,20576,Beans,20,07/02/2025,20,No,Yes
89498,20579,Soybean,25,09/01/2025,45,Yes,Yes
80522,20584,Soybean,50,15/12/2024,45,Yes,Yes
80151,20585,Soybean,50,15/12/2024,45,Yes,Yes
89496,20586,Soybean,50,08/01/2025,45,Yes,Yes
88758,20587,Soybean,25,05/01/2025,45,Yes,Yes
82088,20595,Soybean,50,29/11/2024,50,Yes,Yes
100910,20596,Soybean,50,01/01/2025,75,Yes,Yes
99580,20599,Soybean,25,29/12/2024,65,Yes,Yes
100913,20605,Soybean,50,06/01/2025,75,Yes,Yes
100914,20606,Soybean,50,02/01/2025,80,Yes,Yes
100916,20608,Soybean,25,02/01/2025,75,Yes,Yes
96229,20610,Soybean,50,29/12/2024,60,Yes,Yes
87199,20611,Soybean,50,06/01/2025,50,Yes,Yes
84799,20612,Soybean,85,03/01/2025,50,Yes,Yes
87200,20617,Soybean,25,07/01/2025,50,Yes,Yes
85016,20622,Soybean,25,28/11/2024,50,No,Yes
85087,20623,Soybean,25,22/12/2024,50,No,Yes
90206,20626,Soybean,25,23/12/2024,50,No,Yes
85295,20629,Soybean,25,26/12/2024,50,No,Yes
78528,20636,Soybean,75,02/11/2024,45,Yes,Yes
84800,20640,Soybean,85,25/12/2024,50,Yes,Yes
85850,20641,Soybean,25,03/01/2025,45,Yes,Yes
80946,17590,Soybean,125,11/11/2024,50,No,Yes
99359,17598,Soybean,25,17/01/2025,50,Yes,Yes
81026,17603,Soybean,25,18/12/2024,60,Yes,Yes
100663,17604,Soybean,25,19/01/2025,50,Yes,Yes
98832,17622,Soybean,25,21/01/2025,45,Yes,Yes
100696,17638,Soybean,25,22/01/2025,50,Yes,Yes
100227,17642,Soybean,25,20/11/2024,50,Yes,Yes
90833,17645,Soybean,25,08/01/2025,60,Yes,Yes
94408,17646,Soybean,25,08/01/2025,60,Yes,Yes
90806,17648,Soybean,25,10/12/2024,60,Yes,Yes
80873,17653,Soybean,50,10/12/2024,50,No,Yes
100699,17660,Soybean,37,14/11/2024,50,Yes,Yes
78534,20644,Soybean,37,22/11/2024,50,Yes,Yes
79822,20648,Soybean,25,15/11/2024,45,Yes,Yes
84796,20649,Soybean,75,10/12/2024,50,Yes,Yes
86362,20653,Soybean,75,03/01/2025,45,Yes,Yes
96067,20654,Soybean,50,07/01/2025,45,Yes,Yes
90388,20655,Soybean,50,13/01/2025,45,Yes,Yes
93817,20657,Soybean,50,30/11/2024,50,Yes,Yes
78870,20663,Groundnuts,20,26/11/2024,45,No,Yes
78776,20666,Groundnuts,20,30/11/2024,2,No,Yes
79406,20668,Soybean,175,26/11/2024,50,Yes,Yes
84198,20669,Soybean,25,05/01/2025,50,No,Yes
80706,20670,Soybean,25,27/12/2024,50,No,Yes
88768,20677,Soybean,25,05/01/2025,45,Yes,Yes
89501,20682,Soybean,25,08/01/2025,45,Yes,Yes
84519,20688,Soybean,25,21/12/2024,50,No,Yes
83846,20692,Soybean,75,15/12/2024,45,Yes,Yes
91620,20694,Soybean,25,27/12/2024,50,Yes,Yes
82374,20696,Soybean,75,08/12/2024,50,Yes,Yes
103913,20698,Beans,20,03/02/2025,50,No,Yes
91672,17681,Soybean,25,14/12/2024,65,Yes,Yes
80598,17691,Soybean,25,13/12/2024,60,Yes,Yes
90371,17694,Soybean,25,14/12/2024,65,Yes,Yes
81226,17708,Soybean,25,11/12/2024,60,Yes,Yes
91114,17723,Soybean,25,03/01/2025,60,Yes,Yes
91113,17724,Soybean,25,03/01/2025,60,Yes,Yes
92781,17740,Soybean,25,06/01/2025,50,Yes,Yes
93130,17749,Soybean,25,06/01/2025,50,Yes,Yes
91296,17750,Soybean,25,02/01/2025,60,Yes,Yes
93434,17755,Soybean,50,03/01/2025,60,Yes,Yes
83848,20701,Soybean,75,15/12/2024,45,Yes,Yes
80464,20709,Groundnuts,20,18/11/2024,35,No,Yes
91619,20715,Soybean,25,24/12/2024,50,Yes,Yes
89687,20717,Soybean,50,04/01/2025,45,No,Yes
78557,20720,Soybean,25,10/12/2024,60,Yes,Yes
83855,20729,Soybean,25,29/12/2024,45,Yes,Yes
83468,20742,Groundnuts,20,15/11/2024,45,No,Yes
83780,20746,Groundnuts,20,20/11/2024,45,No,Yes
82377,20747,Soybean,75,23/12/2024,50,Yes,Yes
81583,20751,Soybean,25,15/11/2024,50,Yes,Yes
82432,20753,Soybean,25,21/12/2024,50,Yes,Yes
82376,20759,Soybean,25,23/12/2024,50,Yes,Yes
89578,20774,Soybean,25,10/12/2024,50,No,Yes
89579,20779,Soybean,25,09/12/2024,50,No,Yes
89721,20781,Soybean,25,10/12/2024,50,No,Yes
87082,20782,Soybean,50,16/11/2024,45,Yes,Yes
86517,20783,Soybean,25,16/12/2024,45,Yes,Yes
84476,20784,Soybean,25,17/12/2024,45,Yes,Yes
91330,20786,Soybean,50,10/01/2025,50,Yes,Yes
101317,17769,Sunflower,5,13/01/2025,60,Yes,Yes
88863,17782,Soybean,25,14/12/2024,60,Yes,Yes
90211,17791,Soybean,25,04/01/2025,60,Yes,Yes
91049,17799,Soybean,25,01/01/2025,60,Yes,Yes
83843,17824,Groundnuts,20,26/11/2024,45,No,Yes
87793,17828,Soybean,25,10/12/2024,55,Yes,Yes
92378,17830,Soybean,25,12/12/2024,55,Yes,Yes
93365,17833,Soybean,50,13/12/2024,55,Yes,Yes
92001,17849,Soybean,25,12/12/2024,55,Yes,Yes
80960,17865,Groundnuts,20,03/12/2024,35,No,Yes
80951,17867,Groundnuts,20,02/12/2024,45,No,Yes
79660,17870,Groundnuts,20,28/11/2024,15,No,Yes
79659,17874,Groundnuts,20,29/11/2024,35,No,Yes
93385,17875,Soybean,25,11/01/2025,47,Yes,Yes
92713,17876,Soybean,50,28/12/2024,55,Yes,Yes
90435,17877,Soybean,25,25/12/2024,58,Yes,Yes
93369,17880,Soybean,25,14/12/2024,61,Yes,Yes
88820,17898,Groundnuts,20,25/12/2024,45,No,Yes
80515,17902,Groundnuts,20,26/11/2024,45,Yes,Yes
81211,17907,Groundnuts,20,29/11/2024,30,No,Yes
88666,17913,Soybean,25,11/12/2024,60,Yes,Yes
88670,20794,Soybean,25,17/12/2024,60,Yes,Yes
85403,20797,Soybean,25,05/01/2025,45,Yes,Yes
79839,20800,Groundnuts,20,15/11/2024,50,Yes,Yes
81372,20801,Groundnuts,80,12/11/2024,50,Yes,Yes
88556,20806,Soybean,25,27/12/2024,60,Yes,Yes
99003,20808,Soybean,25,01/01/2025,65,No,Yes
86526,20811,Soybean,25,11/12/2024,45,Yes,Yes
79062,20817,Soybean,25,09/12/2024,50,Yes,Yes
84479,20818,Soybean,25,18/12/2024,45,Yes,Yes
88898,20821,Soybean,25,18/12/2024,45,Yes,Yes
80077,20837,Soybean,25,16/12/2024,50,Yes,Yes
79572,20838,Soybean,25,15/12/2024,55,Yes,Yes
80076,20841,Soybean,25,13/12/2024,45,Yes,Yes
87531,20843,Soybean,25,13/12/2024,50,Yes,Yes
88256,20845,Soybean,25,09/01/2025,50,Yes,Yes
79986,20846,Soybean,30,15/12/2024,45,Yes,Yes
87172,20847,Soybean,50,01/01/2025,50,Yes,Yes
91331,20854,Soybean,25,10/01/2025,50,Yes,Yes
89127,20855,Soybean,50,02/01/2025,50,Yes,Yes
90169,20856,Soybean,50,20/12/2024,50,Yes,Yes
91499,17934,Groundnuts,2,19/11/2024,2,No,Yes
79656,17935,Groundnuts,20,03/12/2024,15,Yes,Yes
79661,17936,Groundnuts,20,28/11/2024,35,Yes,Yes
80460,17937,Groundnuts,20,26/11/2024,45,No,Yes
98618,17987,Soybean,25,08/01/2025,60,Yes,Yes
84882,18005,Soybean,25,29/11/2024,70,Yes,Yes
85486,18027,Groundnuts,20,23/12/2024,45,No,Yes
85742,18032,Soybean,50,14/12/2024,55,Yes,Yes
85737,18033,Soybean,25,28/12/2024,55,Yes,Yes
79663,18035,Groundnuts,20,26/11/2024,13,No,Yes
103450,18036,Beans,20,10/03/2025,60,No,Yes
103452,18041,Beans,40,12/03/2025,60,No,Yes
103352,18051,Beans,40,09/02/2025,70,No,Yes
81910,18054,Soybean,25,10/11/2024,50,Yes,Yes
103206,18055,Beans,40,04/02/2025,10,No,Yes
100623,18061,Soybean,25,09/01/2025,60,Yes,Yes
100264,18069,Soybean,25,05/01/2025,60,Yes,Yes
100424,18072,Soybean,25,11/12/2024,60,Yes,Yes
100629,18073,Soybean,25,09/01/2025,60,Yes,Yes
100632,18075,Soybean,25,09/01/2025,60,Yes,Yes
93207,18081,Soybean,75,07/01/2025,60,Yes,Yes
88197,20859,Soybean,25,05/01/2025,50,Yes,Yes
91110,20863,Soybean,25,10/01/2025,50,Yes,Yes
79571,20879,Soybean,25,14/12/2024,45,Yes,Yes
84232,20889,Soybean,25,29/12/2024,45,Yes,Yes
87365,20914,Soybean,50,07/01/2025,45,Yes,Yes
87364,20915,Soybean,25,07/01/2025,50,Yes,Yes
84480,20921,Soybean,25,16/12/2024,45,Yes,Yes
81157,20924,Groundnuts,20,25/12/2024,50,No,Yes
90550,20930,Soybean,25,19/11/2024,55,Yes,Yes
84484,20933,Soybean,50,18/12/2024,45,Yes,Yes
88195,20934,Soybean,25,08/01/2025,50,Yes,Yes
90724,20938,Soybean,50,06/01/2025,50,Yes,Yes
78540,20942,Soybean,25,15/12/2024,50,Yes,Yes
88648,20957,Soybean,25,04/12/2024,50,Yes,Yes
87091,20967,Soybean,25,16/12/2024,45,Yes,Yes
88649,20974,Soybean,50,15/12/2024,50,Yes,Yes
88644,20976,Soybean,25,31/12/2024,50,Yes,Yes
88627,20978,Soybean,50,15/12/2024,45,Yes,Yes
81472,20984,Soybean,25,01/12/2024,45,Yes,Yes
90498,18082,Soybean,50,07/01/2025,50,Yes,Yes
95034,18083,Soybean,25,01/01/2025,5,Yes,Yes
93414,18088,Soybean,25,09/12/2024,5,Yes,Yes
95402,18089,Soybean,25,07/01/2025,25,Yes,Yes
100270,18092,Soybean,25,05/01/2025,60,Yes,Yes
100631,18098,Soybean,25,13/12/2024,60,Yes,Yes
100553,18099,Soybean,25,09/01/2025,60,Yes,Yes
92102,18109,Soybean,25,14/12/2024,60,Yes,Yes
91712,18113,Soybean,25,28/12/2024,60,Yes,Yes
90314,18115,Soybean,25,06/01/2025,50,Yes,Yes
90459,18120,Soybean,50,08/01/2025,50,Yes,Yes
94323,18131,Soybean,25,06/01/2025,5,Yes,Yes
94327,18135,Soybean,25,04/01/2025,5,Yes,Yes
95899,18144,Soybean,25,15/12/2024,55,Yes,Yes
93811,18145,Soybean,25,20/12/2024,55,Yes,Yes
95877,18147,Soybean,25,28/12/2024,55,Yes,Yes
100274,18149,Soybean,25,06/02/2025,55,No,Yes
85631,18169,Soybean,2,05/11/2024,50,Yes,Yes
85632,18170,Soybean,1,12/12/2024,50,Yes,Yes
78925,18179,Soybean,5,27/11/2024,50,Yes,Yes
83834,18180,Soybean,2,17/12/2024,50,Yes,Yes
84678,18181,Soybean,25,10/11/2024,50,Yes,Yes
91332,20996,Groundnuts,20,01/01/2025,50,Yes,Yes
90304,20997,Soybean,25,01/01/2025,50,Yes,Yes
88622,21000,Soybean,25,17/12/2024,40,Yes,Yes
88623,21001,Soybean,25,15/12/2024,35,Yes,Yes
85602,21016,Soybean,3,26/12/2024,50,Yes,Yes
104646,21026,Beans,40,04/02/2025,60,No,Yes
88655,21029,Soybean,25,24/12/2024,45,Yes,Yes
89389,21031,Soybean,5,28/12/2024,50,Yes,Yes
78194,21032,Soybean,25,09/12/2024,50,Yes,Yes
88591,21036,Groundnuts,40,01/01/2025,10,Yes,Yes
90629,21038,Soybean,50,01/01/2025,10,Yes,Yes
87547,21039,Soybean,50,18/12/2024,20,Yes,Yes
79744,18196,Soybean,8,08/11/2024,50,Yes,Yes
84671,18197,Soybean,1,21/11/2024,50,Yes,Yes
80472,18201,Soybean,3,03/11/2024,50,Yes,Yes
85634,18208,Beans,1,20/12/2024,50,Yes,Yes
79014,18209,Soybean,1,12/12/2024,50,Yes,Yes
80473,18211,Soybean,2,20/12/2024,50,Yes,Yes
80504,18214,Soybean,1,17/11/2024,50,Yes,Yes
85635,18216,Soybean,1,11/12/2024,50,Yes,Yes
85636,18218,Soybean,2,18/12/2024,50,Yes,Yes
96605,18224,Soybean,25,17/11/2024,55,Yes,Yes
89513,21043,Soybean,50,01/01/2025,15,Yes,Yes
87854,21048,Soybean,25,15/12/2024,48,No,Yes
87556,21050,Soybean,50,17/12/2024,15,Yes,Yes
87548,21054,Soybean,50,09/12/2024,15,Yes,Yes
78006,21062,Soybean,25,28/11/2024,50,Yes,Yes
87299,21065,Soybean,75,27/12/2024,50,Yes,Yes
84744,21070,Soybean,75,03/01/2025,40,Yes,Yes
78135,21071,Soybean,75,17/11/2024,35,Yes,Yes
84385,21072,Soybean,200,19/12/2024,50,Yes,Yes
99238,18225,Soybean,25,17/11/2024,55,Yes,Yes
96037,18226,Soybean,25,15/12/2024,55,Yes,Yes
93079,18227,Soybean,25,09/01/2025,55,Yes,Yes
81588,18233,Soybean,25,16/12/2024,60,Yes,Yes
95325,18272,Soybean,25,15/01/2025,50,Yes,Yes
94495,18287,Soybean,25,07/01/2025,70,Yes,Yes
94498,18290,Soybean,25,30/12/2024,65,Yes,Yes
94499,18291,Soybean,25,08/01/2025,60,Yes,Yes
94503,18296,Soybean,25,03/01/2025,75,Yes,Yes
94505,18298,Soybean,25,02/01/2025,55,Yes,Yes
94509,18302,Soybean,25,03/01/2025,60,Yes,Yes
97656,18310,Soybean,25,03/01/2025,56,Yes,Yes
89345,18311,Soybean,25,18/12/2024,60,Yes,Yes
90292,18437,Soybean,25,05/01/2025,59,Yes,Yes
88935,18439,Soybean,25,13/12/2024,30,No,Yes
89206,18440,Soybean,150,14/11/2024,30,Yes,Yes
85346,18451,Soybean,25,01/01/2025,45,Yes,Yes
96591,18453,Soybean,25,10/01/2025,50,Yes,Yes
93380,18454,Soybean,25,05/12/2024,45,Yes,Yes
102031,18463,Beans,20,02/02/2025,10,No,Yes
87239,18467,Soybean,2,24/01/2025,50,Yes,Yes
89395,18468,Soybean,3,07/11/2024,50,Yes,Yes
94477,18475,Soybean,50,01/01/2025,15,Yes,Yes
91555,21078,Soybean,25,23/12/2024,50,Yes,Yes
88558,21083,Soybean,50,09/01/2025,50,Yes,Yes
91558,21086,Soybean,25,21/12/2024,50,Yes,Yes
110486,21090,Beans,20,17/02/2025,50,No,No
112165,21093,Beans,20,07/03/2025,50,No,No
91561,21098,Soybean,25,02/01/2025,50,Yes,Yes
91938,21110,Soybean,25,14/01/2025,50,Yes,Yes
100919,21120,Soybean,50,19/12/2024,75,Yes,Yes
99243,21124,Groundnuts,20,05/12/2024,20,No,Yes
100920,21128,Soybean,50,27/12/2024,75,Yes,Yes
94738,21129,Soybean,50,01/01/2025,70,Yes,Yes
100906,21136,Soybean,50,03/01/2025,80,Yes,Yes
84314,21137,Soybean,25,28/11/2024,80,Yes,Yes
82280,21142,Soybean,50,15/11/2024,90,Yes,Yes
81351,21144,Soybean,25,10/01/2025,90,Yes,Yes
94490,18480,Soybean,25,01/01/2025,15,Yes,Yes
94480,18481,Soybean,25,03/01/2025,15,Yes,Yes
94206,18489,Soybean,25,10/01/2025,60,Yes,Yes
94154,18491,Soybean,25,25/12/2024,60,Yes,Yes
101165,18503,Soybean,25,12/12/2024,60,Yes,Yes
80457,18508,Groundnuts,20,01/12/2024,35,No,Yes
103030,18525,Beans,20,05/02/2025,60,No,Yes
103041,18536,Beans,40,06/02/2025,60,No,Yes
91886,18541,Soybean,25,23/12/2024,50,Yes,Yes
91252,18545,Soybean,25,06/01/2025,50,Yes,Yes
99270,18548,Soybean,25,08/01/2025,45,Yes,Yes
99267,18550,Soybean,25,04/01/2025,50,Yes,Yes
100299,18551,Soybean,25,03/01/2025,45,Yes,Yes
93139,18558,Soybean,25,28/12/2024,45,Yes,Yes
95191,18561,Soybean,25,03/01/2025,70,Yes,Yes
99355,18563,Soybean,50,07/01/2025,50,Yes,Yes
80952,18566,Groundnuts,20,02/12/2024,15,No,Yes
95201,18568,Soybean,25,02/01/2025,70,Yes,Yes
92230,18570,Soybean,25,07/12/2024,75,Yes,Yes
91247,21147,Soybean,75,03/12/2024,60,Yes,Yes
103909,21149,Beans,20,19/02/2025,50,No,Yes
97467,21151,Soybean,25,28/12/2024,90,Yes,No
82231,21153,Soybean,25,26/12/2024,90,Yes,Yes
84809,21157,Groundnuts,20,14/11/2024,50,Yes,Yes
84806,21158,Groundnuts,20,15/11/2024,50,Yes,Yes
92062,21167,Groundnuts,20,13/11/2024,50,Yes,Yes
90939,21168,Groundnuts,20,13/11/2024,50,Yes,Yes
90935,21169,Soybean,25,10/12/2024,45,Yes,Yes
92066,21170,Groundnuts,20,12/11/2024,50,Yes,Yes
98853,21174,Soybean,25,02/01/2025,20,Yes,Yes
89323,21181,Soybean,25,23/12/2024,80,Yes,Yes
103883,21184,Beans,40,07/02/2025,50,No,Yes
79693,21185,Soybean,25,15/12/2024,90,Yes,Yes
103745,21186,Beans,60,08/02/2025,60,No,Yes
83396,21189,Soybean,75,18/12/2024,32,Yes,Yes
84834,21192,Groundnuts,20,14/11/2024,50,Yes,Yes
90905,21200,Groundnuts,20,16/12/2024,50,Yes,Yes
97524,21202,Groundnuts,20,15/11/2024,50,Yes,Yes
101055,21210,Soybean,50,01/01/2025,85,Yes,Yes
91249,21213,Soybean,25,10/12/2024,90,Yes,Yes
91250,21215,Soybean,25,25/12/2024,90,Yes,Yes
80468,21221,Groundnuts,20,29/11/2024,35,No,Yes
101042,21228,Soybean,37,01/01/2025,85,Yes,Yes
87593,21235,Soybean,25,01/01/2025,50,Yes,Yes
101048,21236,Soybean,50,28/12/2024,85,Yes,Yes
101051,21254,Soybean,25,07/01/2025,85,Yes,Yes
101052,21255,Soybean,50,28/12/2024,80,Yes,Yes
96228,21256,Soybean,25,18/12/2024,75,Yes,Yes
93729,21257,Soybean,50,03/01/2025,60,Yes,Yes
91377,21260,Soybean,25,02/01/2025,45,No,Yes
86959,21266,Soybean,50,02/01/2025,45,No,Yes
85347,18573,Soybean,50,01/01/2025,45,Yes,Yes
90182,18586,Soybean,25,05/01/2025,50,Yes,Yes
103249,18600,Beans,20,08/02/2025,45,No,Yes
103251,18601,Beans,20,07/02/2025,45,No,Yes
104292,18602,Beans,20,05/02/2025,45,No,Yes
89472,18616,Soybean,50,15/12/2024,50,Yes,Yes
91383,21268,Soybean,25,05/01/2025,45,No,Yes
91290,21289,Soybean,25,03/01/2025,45,No,Yes
87597,21291,Soybean,25,31/12/2024,50,Yes,Yes
88793,21293,Soybean,25,31/12/2024,50,Yes,Yes
81277,21296,Soybean,50,18/12/2024,50,Yes,Yes
82213,21301,Soybean,25,31/12/2024,50,Yes,Yes
93398,21306,Soybean,25,08/01/2025,20,Yes,Yes
83697,21309,Soybean,50,01/01/2025,15,Yes,Yes
84430,21310,Soybean,25,05/01/2025,15,Yes,Yes
84428,21311,Soybean,25,31/12/2024,16,Yes,Yes
79116,21316,Soybean,25,08/12/2024,25,Yes,Yes
84434,21317,Soybean,25,01/01/2025,15,Yes,Yes
79108,21323,Soybean,20,09/12/2024,25,Yes,Yes
79191,21335,Soybean,50,08/12/2024,15,Yes,Yes
84433,21338,Soybean,75,01/01/2025,15,Yes,Yes
102511,21346,Beans,20,06/02/2025,10,No,Yes
86511,21347,Soybean,1,31/12/2024,50,Yes,Yes
82841,21359,Soybean,25,17/11/2024,50,Yes,Yes
83792,21365,Soybean,1,24/12/2024,50,Yes,Yes
83788,21366,Soybean,1,28/12/2024,50,Yes,Yes
86327,21374,Soybean,50,05/01/2025,50,No,Yes
85638,18642,Soybean,2,11/12/2024,50,Yes,Yes
79353,18646,Soybean,2,22/12/2024,50,Yes,Yes
81531,18647,Soybean,1,21/12/2024,50,Yes,Yes
79845,18654,Soybean,1,23/12/2024,50,Yes,Yes
89380,18656,Soybean,2,12/12/2024,50,Yes,Yes
87243,18657,Soybean,1,05/01/2025,50,Yes,Yes
99816,18667,Soybean,25,01/01/2025,65,No,Yes
83148,18676,Soybean,1,31/12/2024,50,Yes,Yes
82493,18678,Soybean,1,27/12/2024,50,Yes,Yes
82465,18679,Soybean,2,27/12/2024,50,Yes,Yes
78605,18680,Soybean,1,16/12/2024,50,Yes,Yes
82486,18686,Soybean,1,28/12/2024,50,Yes,Yes
78604,18694,Soybean,2,15/12/2024,50,Yes,Yes
82498,18695,Soybean,2,28/12/2024,50,Yes,Yes
82473,18704,Soybean,1,25/12/2024,50,Yes,Yes
82504,18707,Soybean,1,29/12/2024,50,Yes,Yes
82478,18708,Soybean,1,20/12/2024,50,Yes,Yes
87700,18724,Groundnuts,20,29/11/2024,30,Yes,Yes
87705,18726,Groundnuts,20,27/11/2024,30,Yes,Yes
87703,18727,Groundnuts,20,13/11/2024,30,Yes,Yes
83678,18737,Groundnuts,20,30/11/2024,30,Yes,Yes
98864,18741,Soybean,1,29/12/2024,10,No,Yes
98176,18745,Soybean,1,28/12/2024,10,No,Yes
98173,18750,Soybean,1,27/12/2024,10,No,Yes
97662,18751,Soybean,1,30/12/2024,10,Yes,Yes
98865,18753,Soybean,1,28/12/2024,10,No,Yes
81040,18757,Soybean,2,19/12/2024,50,Yes,Yes
81036,18760,Soybean,2,19/12/2024,50,Yes,Yes
85116,18762,Soybean,2,19/12/2024,50,Yes,Yes
81496,18765,Soybean,2,20/12/2024,50,Yes,Yes
81256,18766,Soybean,1,20/12/2024,50,Yes,Yes
81254,18771,Soybean,1,15/12/2024,50,Yes,Yes
85127,18773,Soybean,2,19/12/2024,50,Yes,Yes
83804,18779,Soybean,1,18/12/2024,50,Yes,Yes
85133,18780,Soybean,3,19/12/2024,50,Yes,Yes
81494,18781,Soybean,2,19/12/2024,50,Yes,Yes
83812,18787,Soybean,2,20/12/2024,50,Yes,Yes
116405,18791,Beans,20,01/03/2025,70,Yes,Yes
111196,18796,Beans,20,28/02/2025,50,No,Yes
87466,18803,Soybean,25,02/12/2024,46,Yes,Yes
90028,18811,Soybean,25,29/12/2024,47,Yes,Yes
99192,22819,Soybean,25,14/12/2024,50,Yes,Yes
88240,22831,Soybean,25,04/01/2025,45,Yes,Yes
85896,22838,Soybean,50,05/01/2025,45,Yes,Yes
77888,20382,Soybean,50,10/12/2024,50,Yes,Yes
91607,20387,Soybean,50,03/01/2025,45,No,Yes
91604,20392,Soybean,25,31/01/2025,45,No,No
89595,20394,Soybean,50,15/12/2024,45,Yes,Yes
91603,20397,Soybean,25,20/12/2024,12,No,Yes
90621,20400,Soybean,25,31/01/2025,45,Yes,Yes
91600,20404,Soybean,50,01/01/2025,9,Yes,No
91641,20413,Soybean,50,01/01/2025,45,No,Yes
91601,20416,Soybean,25,19/12/2024,45,No,Yes
91606,20419,Soybean,50,02/01/2025,45,No,Yes
79047,20429,Groundnuts,20,01/12/2024,45,Yes,Yes
89601,20432,Soybean,50,09/01/2025,45,No,Yes
88850,20433,Soybean,25,20/12/2024,45,Yes,Yes
89596,20439,Soybean,25,04/01/2025,45,No,Yes
95769,20443,Soybean,25,18/12/2024,50,Yes,Yes
85751,20457,Soybean,25,15/12/2024,45,No,Yes
85252,20460,Soybean,25,16/12/2024,45,Yes,Yes
85253,20461,Soybean,25,03/01/2025,45,Yes,Yes
80807,20466,Soybean,25,15/12/2024,45,No,Yes
80818,20467,Soybean,25,07/12/2024,45,No,Yes
89540,22841,Soybean,50,23/12/2024,45,Yes,Yes
85914,22853,Soybean,25,06/01/2025,45,Yes,Yes
88488,22858,Soybean,25,18/12/2024,45,Yes,Yes
108583,22868,Soybean,25,28/12/2024,45,Yes,Yes
88289,22871,Soybean,25,29/12/2024,45,Yes,Yes
85877,22873,Soybean,25,20/12/2024,45,Yes,Yes
88133,22874,Soybean,25,05/01/2025,45,Yes,Yes
85955,22876,Soybean,25,19/12/2024,45,Yes,Yes
87276,22877,Soybean,25,28/12/2024,45,Yes,Yes
85930,22881,Soybean,25,06/01/2025,45,Yes,Yes
85870,22882,Soybean,25,22/12/2024,45,Yes,Yes
88217,22883,Soybean,50,29/12/2024,45,Yes,Yes
85881,22885,Soybean,25,01/01/2025,45,Yes,Yes
86858,22894,Soybean,25,07/01/2025,50,Yes,Yes
89581,22896,Soybean,100,14/12/2024,50,Yes,Yes
90023,22899,Soybean,25,14/12/2024,50,Yes,Yes
90024,22900,Soybean,25,29/12/2024,50,Yes,Yes
88052,22905,Soybean,25,02/01/2025,50,Yes,Yes
79816,20469,Soybean,25,25/12/2024,45,Yes,Yes
80759,20470,Soybean,25,08/12/2024,45,No,Yes
80145,20477,Soybean,100,15/12/2024,10,Yes,Yes
89499,20479,Soybean,25,09/01/2025,45,Yes,Yes
80154,20481,Soybean,50,17/12/2024,45,Yes,Yes
88789,20482,Soybean,25,07/01/2025,45,Yes,Yes
80149,20483,Soybean,50,15/12/2024,45,Yes,Yes
80153,20484,Soybean,50,15/12/2024,45,Yes,Yes
80812,20486,Soybean,50,20/12/2024,45,No,No
79722,20492,Soybean,25,09/12/2024,50,Yes,Yes
89956,20498,Soybean,50,10/12/2024,50,No,Yes
87821,22906,Soybean,15,15/12/2024,50,Yes,Yes
81679,22920,Soybean,25,18/12/2024,50,Yes,Yes
91215,22922,Groundnuts,20,15/11/2024,55,No,Yes
79723,22925,Soybean,50,09/12/2024,50,Yes,Yes
81171,22927,Soybean,25,11/12/2024,50,Yes,Yes
81162,22936,Soybean,25,19/12/2024,50,Yes,Yes
102699,22947,Beans,20,09/02/2025,15,No,Yes
92423,22950,Soybean,25,14/12/2024,70,Yes,Yes
92512,22955,Soybean,50,01/01/2025,45,Yes,Yes
90511,20547,Soybean,100,26/11/2024,50,No,Yes
89376,20549,Soybean,150,23/12/2024,40,Yes,Yes
79883,20550,Soybean,25,05/12/2024,45,No,Yes
87226,20551,Soybean,25,15/12/2024,40,Yes,Yes
82196,20555,Soybean,50,30/12/2024,47,Yes,Yes
90884,20563,Soybean,25,02/01/2025,45,Yes,Yes
90910,20566,Groundnuts,60,13/11/2024,50,Yes,Yes
93810,20574,Soybean,50,18/12/2024,65,Yes,Yes
89497,20581,Soybean,25,10/01/2025,45,Yes,Yes
85038,20590,Soybean,50,01/01/2025,45,Yes,Yes
80050,22962,Soybean,25,12/12/2024,50,Yes,Yes
79726,22970,Soybean,50,16/12/2024,50,Yes,Yes
88881,22989,Groundnuts,20,18/12/2024,50,No,Yes
104641,23001,Beans,20,05/02/2025,60,No,Yes
103027,23002,Beans,20,04/02/2025,60,No,Yes
103037,23004,Beans,40,10/02/2025,60,No,Yes
83963,23009,Soybean,50,28/11/2024,50,No,Yes
94213,23011,Soybean,100,14/01/2025,45,Yes,Yes
81022,23013,Groundnuts,20,27/12/2024,50,Yes,Yes
88867,23022,Groundnuts,20,17/12/2024,50,No,Yes
88873,23026,Groundnuts,20,18/12/2024,50,No,Yes
88876,23028,Groundnuts,20,19/12/2024,50,No,Yes
89106,20592,Soybean,50,12/01/2025,45,Yes,Yes
82090,20593,Soybean,25,10/12/2024,60,Yes,Yes
93734,20597,Soybean,25,01/01/2025,70,Yes,Yes
94737,20602,Soybean,50,18/12/2024,60,Yes,Yes
100912,20603,Soybean,50,05/12/2024,80,Yes,Yes
94743,20604,Soybean,25,15/01/2025,80,Yes,Yes
85015,20618,Soybean,25,14/12/2024,50,No,Yes
90175,20624,Soybean,25,18/12/2024,50,No,Yes
87201,20633,Soybean,75,06/01/2025,50,Yes,Yes
86333,20635,Soybean,50,18/12/2024,50,Yes,Yes
85741,20643,Soybean,100,03/01/2025,45,Yes,Yes
78488,20646,Soybean,100,29/11/2024,30,Yes,Yes
88673,20647,Soybean,25,02/01/2025,50,Yes,Yes
78769,20660,Groundnuts,20,09/12/2024,45,No,Yes
78780,20662,Groundnuts,20,10/12/2024,45,No,Yes
78779,20664,Groundnuts,20,07/12/2024,45,No,Yes
79325,20667,Soybean,225,21/11/2024,50,Yes,Yes
84190,20671,Soybean,50,06/01/2025,50,No,Yes
88754,20673,Soybean,25,05/01/2025,45,Yes,Yes
88759,20675,Soybean,25,08/01/2025,45,Yes,Yes
83110,20681,Soybean,25,02/01/2025,45,Yes,Yes
80562,20683,Soybean,50,04/12/2024,50,No,Yes
79509,20690,Soybean,50,09/12/2024,50,No,Yes
83847,20693,Soybean,75,15/12/2024,50,Yes,Yes
82373,20695,Soybean,25,23/12/2024,50,Yes,Yes
80466,20704,Groundnuts,20,03/12/2024,45,No,Yes
103871,20705,Beans,20,07/02/2025,50,No,Yes
89689,20708,Soybean,25,09/12/2024,45,No,Yes
91616,20716,Soybean,25,29/11/2024,50,Yes,Yes
87750,23036,Soybean,25,03/01/2025,60,No,No
92470,23039,Soybean,25,05/01/2025,12,Yes,Yes
87421,23046,Soybean,25,30/12/2024,60,No,No
102212,23049,Beans,20,09/02/2025,15,No,Yes
100382,23052,Soybean,25,01/01/2025,60,Yes,Yes
85191,23053,Soybean,25,30/12/2024,50,No,Yes
82921,23073,Soybean,50,01/01/2025,18,Yes,Yes
84814,23076,Soybean,20,29/11/2024,45,Yes,Yes
96913,23079,Soybean,100,20/12/2024,50,Yes,Yes
83670,23080,Soybean,25,29/12/2024,45,Yes,Yes
88878,23085,Groundnuts,40,16/12/2024,50,No,Yes
88869,23087,Groundnuts,20,20/12/2024,50,No,Yes
92533,23095,Soybean,25,07/01/2025,55,Yes,Yes
82096,23096,Soybean,25,18/12/2024,60,Yes,Yes
95574,23100,Soybean,25,16/01/2025,50,No,Yes
99575,23101,Soybean,25,02/01/2025,50,Yes,Yes
87375,23106,Soybean,25,28/12/2024,60,No,No
85203,23109,Soybean,25,24/01/2025,60,Yes,Yes
103912,20719,Beans,20,11/02/2025,50,No,Yes
103738,20722,Beans,20,13/02/2025,75,No,Yes
89723,20726,Soybean,25,29/11/2024,60,Yes,No
83857,20732,Soybean,50,11/12/2024,45,Yes,Yes
83859,20734,Soybean,25,19/12/2024,45,Yes,Yes
89275,20735,Soybean,25,03/01/2025,45,Yes,Yes
89990,20755,Soybean,50,23/12/2024,50,Yes,Yes
82375,20756,Soybean,75,27/12/2024,50,Yes,Yes
82433,20757,Soybean,50,21/12/2024,50,Yes,Yes
84986,20762,Soybean,50,09/12/2024,50,No,Yes
102234,23122,Beans,20,01/02/2025,10,No,Yes
85359,23144,Soybean,50,28/12/2024,45,Yes,Yes
86613,23149,Soybean,25,01/01/2025,45,Yes,Yes
87031,23150,Soybean,50,01/01/2025,45,Yes,Yes
103563,23159,Beans,40,04/02/2025,50,No,Yes
97948,23168,Soybean,25,28/12/2024,53,No,Yes
97952,23170,Soybean,25,15/12/2024,48,Yes,Yes
82572,23171,Soybean,25,17/12/2024,50,No,Yes
103501,23177,Beans,20,06/02/2025,45,No,Yes
104588,23178,Beans,20,05/02/2025,50,No,Yes
97953,23183,Soybean,25,25/12/2024,53,No,Yes
81963,23201,Soybean,25,11/12/2024,60,Yes,Yes
89130,23208,Soybean,25,01/01/2025,45,Yes,Yes
87035,23210,Soybean,25,02/01/2025,45,Yes,Yes
87770,23216,Soybean,75,03/01/2025,45,Yes,Yes
89289,23220,Soybean,50,04/01/2025,45,Yes,Yes
91775,23224,Soybean,25,03/01/2025,60,Yes,Yes
89142,23228,Soybean,25,02/01/2025,45,Yes,Yes
89053,23232,Soybean,50,18/12/2024,45,Yes,Yes
93141,23233,Soybean,25,28/12/2024,45,No,Yes
85014,20763,Soybean,50,06/12/2024,50,No,Yes
89970,20764,Soybean,25,01/01/2025,50,Yes,Yes
89326,20765,Soybean,25,01/01/2025,50,Yes,Yes
89722,20778,Soybean,25,11/12/2024,50,No,Yes
84811,20795,Groundnuts,20,27/11/2024,50,Yes,Yes
84812,20795,Soybean,50,04/01/2025,45,Yes,Yes
85401,20796,Soybean,50,05/01/2025,45,Yes,Yes
79840,20803,Groundnuts,40,14/11/2024,50,Yes,Yes
87691,20807,Soybean,25,15/12/2024,45,Yes,Yes
88899,20810,Soybean,25,15/12/2024,45,Yes,Yes
83501,20813,Soybean,35,15/12/2024,50,Yes,Yes
88901,20815,Soybean,25,15/12/2024,45,Yes,Yes
78181,20822,Soybean,25,15/12/2024,20,Yes,Yes
97060,20827,Soybean,25,17/12/2024,45,Yes,Yes
87694,20828,Soybean,25,18/12/2024,45,Yes,Yes
87692,20832,Soybean,25,20/12/2024,45,Yes,Yes
79985,20844,Soybean,25,09/12/2024,50,Yes,Yes
79060,20848,Soybean,25,16/12/2024,50,Yes,Yes
87170,20849,Soybean,50,02/01/2025,50,Yes,Yes
91333,20860,Soybean,75,29/12/2024,50,Yes,Yes
91109,20862,Soybean,25,02/01/2025,50,Yes,Yes
93140,23240,Soybean,25,04/12/2024,60,Yes,No
91774,23242,Soybean,25,30/12/2024,45,Yes,Yes
94168,23250,Soybean,25,03/01/2025,50,Yes,Yes
92530,23253,Soybean,50,08/01/2025,50,Yes,Yes
92536,23254,Soybean,50,08/01/2025,55,Yes,Yes
108763,23255,Beans,20,19/02/2025,50,No,Yes
101726,23256,Beans,20,01/02/2025,15,No,Yes
93528,23266,Soybean,50,02/01/2025,50,Yes,Yes
87698,23271,Soybean,25,02/01/2025,50,Yes,Yes
85258,23273,Soybean,25,20/12/2024,50,Yes,Yes
107987,23278,Beans,20,07/02/2025,10,No,Yes
93539,23282,Soybean,25,02/01/2025,60,Yes,Yes
107979,23285,Beans,20,10/02/2025,10,No,Yes
107965,23293,Beans,20,06/02/2025,10,No,Yes
99726,23300,Groundnuts,20,12/11/2024,30,Yes,Yes
101931,23308,Beans,20,01/02/2025,10,No,Yes
87184,23312,Soybean,25,07/01/2025,45,Yes,Yes
84516,23313,Soybean,25,19/12/2024,45,Yes,Yes
87390,23317,Soybean,25,03/01/2025,45,Yes,Yes
107964,23319,Beans,20,07/02/2025,10,No,Yes
107991,23321,Beans,20,08/02/2025,10,No,Yes
90944,23324,Groundnuts,20,13/11/2024,20,No,Yes
91402,23324,Soybean,25,31/12/2024,45,Yes,Yes
107983,23326,Beans,20,10/02/2025,15,No,Yes
91108,20865,Soybean,25,01/01/2025,50,Yes,Yes
88255,20871,Soybean,50,08/01/2025,45,Yes,Yes
80243,20874,Soybean,25,14/12/2024,45,Yes,Yes
79706,20878,Beans,25,16/12/2024,45,Yes,Yes
84740,20888,Soybean,100,01/01/2025,45,Yes,Yes
79987,20895,Soybean,25,14/12/2024,45,Yes,Yes
82861,20897,Soybean,50,15/12/2024,50,Yes,Yes
79821,20899,Soybean,100,30/11/2024,45,Yes,Yes
84467,23328,Groundnuts,20,24/12/2024,50,Yes,Yes
84462,23331,Groundnuts,20,27/12/2024,50,Yes,Yes
84468,23333,Groundnuts,20,21/12/2024,50,Yes,Yes
85176,23337,Groundnuts,20,20/12/2024,50,No,Yes
85177,23338,Groundnuts,20,15/12/2024,50,No,Yes
85175,23340,Groundnuts,20,28/11/2024,50,No,Yes
88880,23342,Groundnuts,40,10/12/2024,50,No,Yes
107970,23352,Beans,20,10/02/2025,15,No,Yes
87266,23354,Soybean,25,27/12/2024,45,Yes,Yes
111053,23355,Beans,20,01/02/2025,10,No,Yes
80790,20901,Soybean,25,16/12/2024,50,No,Yes
84443,20903,Soybean,75,03/01/2025,50,No,Yes
79061,20908,Soybean,25,05/12/2024,60,Yes,Yes
87367,20909,Soybean,50,12/12/2024,45,Yes,Yes
83865,20920,Soybean,25,13/12/2024,50,Yes,Yes
99831,20922,Soybean,25,18/12/2024,45,Yes,Yes
90723,20936,Soybean,20,06/01/2025,50,Yes,Yes
87301,20937,Soybean,25,05/01/2025,50,Yes,Yes
90581,20939,Soybean,25,08/01/2025,50,Yes,Yes
90168,20940,Soybean,50,03/01/2025,50,Yes,Yes
99096,23359,Soybean,50,26/11/2024,50,Yes,Yes
101322,23367,Soybean,25,15/12/2024,45,Yes,Yes
90949,23369,Soybean,50,08/12/2024,50,Yes,Yes
85362,23371,Soybean,25,04/01/2025,45,Yes,Yes
88332,23372,Soybean,25,19/12/2024,45,Yes,Yes
107980,23373,Beans,40,10/02/2025,15,No,Yes
107978,23377,Beans,20,12/02/2025,15,No,Yes
88358,23379,Soybean,50,27/12/2024,4,Yes,Yes
101515,23381,Soybean,25,12/12/2024,45,Yes,Yes
87913,23387,Soybean,25,19/12/2024,45,Yes,Yes
88632,20946,Soybean,25,17/12/2024,50,Yes,Yes
84481,20950,Soybean,25,12/12/2024,45,Yes,Yes
88630,20952,Soybean,25,29/11/2024,45,Yes,Yes
88637,20954,Soybean,50,19/12/2024,453,Yes,Yes
86074,20958,Soybean,35,27/12/2024,50,Yes,Yes
88638,20963,Soybean,25,27/11/2024,45,Yes,Yes
107825,20965,Beans,40,20/02/2025,60,No,Yes
87537,20966,Soybean,25,18/12/2024,50,Yes,Yes
87304,20987,Soybean,25,07/01/2025,50,Yes,Yes
90758,20991,Soybean,25,08/01/2025,50,Yes,Yes
90726,20992,Soybean,25,20/12/2024,50,Yes,Yes
87296,20993,Soybean,50,23/11/2024,50,Yes,Yes
88258,23396,Soybean,25,19/12/2024,45,Yes,Yes
107969,23401,Beans,20,10/02/2025,10,No,Yes
107974,23402,Beans,20,09/02/2025,15,Yes,Yes
107963,23403,Beans,40,06/02/2025,10,No,Yes
87838,23406,Soybean,50,19/12/2024,45,Yes,Yes
97200,23408,Soybean,50,01/01/2025,55,Yes,Yes
92459,23413,Soybean,25,05/01/2025,55,Yes,Yes
87818,23417,Soybean,50,02/01/2025,45,Yes,Yes
102336,23421,Beans,20,05/02/2025,15,No,Yes
88438,23423,Soybean,50,19/12/2024,45,Yes,Yes
90580,20994,Soybean,50,08/01/2025,50,Yes,Yes
91341,20995,Groundnuts,25,02/01/2025,50,Yes,Yes
90301,21002,Soybean,25,01/01/2025,50,Yes,Yes
90299,21003,Soybean,25,01/01/2025,50,Yes,Yes
90305,21004,Soybean,25,01/01/2025,50,Yes,Yes
85610,21015,Soybean,2,26/12/2024,50,Yes,Yes
85618,21019,Soybean,2,30/12/2024,50,Yes,Yes
88654,21023,Soybean,50,15/12/2024,45,Yes,Yes
80067,21027,Soybean,25,17/12/2024,50,No,Yes
87237,21030,Soybean,1,28/12/2024,50,Yes,Yes
88592,21040,Soybean,75,17/12/2024,10,Yes,Yes
82217,23428,Soybean,25,19/12/2024,50,Yes,Yes
91592,23435,Groundnuts,20,25/12/2024,40,Yes,Yes
89945,23439,Groundnuts,20,09/12/2024,50,No,Yes
89947,23441,Groundnuts,20,11/12/2024,50,No,Yes
89941,23445,Groundnuts,20,18/12/2024,50,No,Yes
101528,23447,Soybean,25,10/12/2024,45,Yes,Yes
101511,23448,Soybean,25,12/12/2024,50,Yes,Yes
108248,23464,Beans,20,07/02/2025,15,No,Yes
90163,23468,Soybean,25,30/12/2024,45,Yes,Yes
108568,23476,Beans,20,30/01/2025,8,No,No
108574,23482,Beans,20,28/01/2025,5,No,No
102280,23493,Beans,20,03/02/2025,10,No,Yes
108572,23495,Beans,20,31/01/2025,10,No,Yes
108561,23497,Beans,40,01/02/2025,10,No,Yes
108315,23498,Beans,40,29/01/2025,10,No,Yes
108313,23503,Beans,40,31/01/2025,15,No,Yes
103401,23506,Beans,20,02/02/2025,50,No,Yes
102285,23514,Beans,20,01/02/2025,10,No,Yes
78538,21045,Soybean,25,09/12/2024,50,Yes,Yes
86693,21053,Soybean,100,15/12/2024,20,Yes,Yes
90295,21059,Soybean,25,02/01/2025,50,Yes,Yes
91553,21074,Soybean,25,02/01/2025,50,Yes,Yes
91554,21076,Soybean,25,13/12/2024,50,Yes,Yes
91556,21079,Soybean,25,14/12/2024,50,Yes,Yes
112162,21092,Beans,20,16/02/2025,50,No,Yes
116376,21094,Beans,20,25/02/2025,50,No,No
91560,21097,Soybean,75,10/01/2025,50,Yes,Yes
88563,21101,Soybean,25,09/01/2025,50,Yes,Yes
103884,21103,Beans,20,10/02/2025,50,No,Yes
103739,21107,Beans,40,06/02/2025,75,No,Yes
91944,21108,Soybean,25,07/01/2025,50,Yes,Yes
89070,21109,Soybean,25,09/01/2025,50,Yes,Yes
101911,23515,Beans,40,03/02/2025,10,No,Yes
108565,23521,Beans,20,01/02/2025,10,No,No
108318,23522,Beans,40,31/01/2025,10,No,No
101912,23525,Beans,20,04/02/2025,10,No,Yes
102284,23526,Beans,20,06/02/2025,10,No,Yes
101985,23527,Beans,40,04/02/2025,50,No,Yes
99862,23531,Soybean,25,08/01/2025,50,No,Yes
102286,23534,Beans,40,01/02/2025,10,No,Yes
85180,23540,Groundnuts,20,20/12/2024,50,No,Yes
88557,23546,Soybean,25,02/01/2025,45,Yes,Yes
88022,23548,Soybean,25,04/01/2025,45,Yes,Yes
87944,23552,Soybean,25,19/12/2024,45,Yes,Yes
85077,23555,Soybean,25,03/01/2025,15,Yes,Yes
85229,23556,Soybean,25,20/11/2024,12,No,Yes
88468,23557,Soybean,25,27/12/2024,45,Yes,Yes
88487,23559,Soybean,25,27/12/2024,45,Yes,Yes
79673,23561,Soybean,25,16/12/2024,50,Yes,Yes
85225,23564,Soybean,50,02/01/2025,45,Yes,Yes
85227,23567,Soybean,25,10/11/2024,45,Yes,No
91940,21115,Soybean,25,14/12/2024,50,Yes,Yes
92385,21117,Soybean,25,08/01/2025,60,Yes,Yes
99265,21123,Groundnuts,40,04/12/2024,20,No,Yes
78558,21126,Soybean,25,10/12/2024,60,Yes,No
100921,21130,Soybean,75,11/12/2024,75,Yes,Yes
84315,21132,Soybean,25,05/12/2024,75,Yes,Yes
100708,21138,Groundnuts,40,01/01/2025,20,No,Yes
100703,21140,Soybean,25,02/01/2025,20,Yes,Yes
103733,21154,Beans,40,01/02/2025,75,No,Yes
84808,21158,Soybean,50,14/12/2024,45,Yes,Yes
84829,21160,Soybean,20,23/12/2024,45,Yes,Yes
92058,21162,Soybean,25,07/01/2025,45,Yes,Yes
92060,21163,Soybean,25,07/01/2025,45,Yes,Yes
103753,21172,Beans,40,10/02/2025,65,No,Yes
88243,21176,Soybean,75,11/12/2024,50,Yes,Yes
103751,21177,Beans,60,29/01/2025,65,No,Yes
88241,21179,Soybean,75,04/12/2024,50,Yes,Yes
78096,21182,Soybean,25,28/11/2024,75,Yes,Yes
95322,21183,Soybean,25,03/12/2024,90,Yes,No
94744,21187,Soybean,25,16/01/2025,75,Yes,Yes
107826,21188,Beans,20,24/02/2025,60,No,Yes
90920,21196,Soybean,20,30/11/2024,45,Yes,Yes
92064,21199,Soybean,25,03/01/2025,45,Yes,Yes
97465,21205,Soybean,75,26/12/2024,50,Yes,Yes
81477,21206,Soybean,50,25/11/2024,90,Yes,Yes
96238,21207,Soybean,50,02/01/2025,75,Yes,Yes
87594,21211,Groundnuts,20,26/12/2024,50,No,Yes
87595,21211,Soybean,25,31/12/2024,50,Yes,Yes
96941,21212,Soybean,25,20/12/2024,90,Yes,Yes
89764,21214,Soybean,25,01/01/2025,50,Yes,Yes
80963,21219,Groundnuts,20,02/12/2024,35,No,Yes
92387,21223,Soybean,25,15/12/2024,60,Yes,Yes
101043,21229,Soybean,25,05/01/2025,75,Yes,Yes
86414,21232,Soybean,50,31/12/2024,50,Yes,Yes
101056,21233,Soybean,25,03/01/2025,80,Yes,Yes
101047,21234,Soybean,50,30/12/2024,75,Yes,Yes
92383,21239,Soybean,25,20/12/2024,85,Yes,Yes
92388,21240,Soybean,50,04/01/2025,85,Yes,Yes
92384,21241,Soybean,50,22/12/2024,80,Yes,Yes
88608,21243,Soybean,40,01/01/2025,45,Yes,Yes
88598,21246,Soybean,200,13/12/2024,45,Yes,Yes
88610,21249,Soybean,25,13/12/2024,45,Yes,Yes
103287,23573,Beans,20,01/02/2025,50,No,Yes
101012,23586,Groundnuts,20,26/11/2024,50,No,Yes
100742,23587,Groundnuts,20,25/11/2024,50,No,Yes
100432,23589,Groundnuts,20,10/11/2024,50,No,Yes
99802,23590,Groundnuts,20,23/11/2024,50,No,Yes
100428,23594,Groundnuts,20,01/12/2024,50,No,Yes
103402,23595,Beans,20,28/01/2025,50,No,Yes
99856,23597,Soybean,25,09/01/2025,50,Yes,Yes
92254,23599,Soybean,25,04/12/2024,46,Yes,Yes
94240,23601,Soybean,25,01/01/2025,45,Yes,Yes
86389,23613,Soybean,25,05/01/2025,45,Yes,Yes
103503,23621,Beans,20,06/02/2025,45,No,Yes
104613,23628,Beans,20,05/02/2025,45,No,Yes
84250,23630,Soybean,25,06/12/2024,46,Yes,Yes
81877,23632,Soybean,50,12/12/2024,40,Yes,Yes
79561,23634,Soybean,50,09/12/2024,47,Yes,Yes
91106,23636,Groundnuts,40,17/12/2024,50,Yes,Yes
90790,23642,Soybean,25,04/01/2025,50,Yes,Yes
82736,23649,Soybean,50,29/11/2024,49,Yes,Yes
103523,23660,Beans,20,09/02/2025,50,No,Yes
103551,23669,Beans,40,04/02/2025,50,No,Yes
103554,23672,Beans,20,03/02/2025,50,No,Yes
102586,23678,Beans,20,05/02/2025,20,No,Yes
83299,23682,Soybean,25,30/12/2024,60,Yes,Yes
103557,23690,Beans,40,04/02/2025,50,No,Yes
104621,23693,Beans,20,05/02/2025,50,No,Yes
103558,23694,Beans,40,03/02/2025,50,No,Yes
114672,23703,Beans,20,02/02/2025,10,Yes,Yes
102977,23708,Beans,20,02/02/2025,50,No,Yes
79039,23730,Groundnuts,20,07/12/2024,2,Yes,Yes
79033,23733,Groundnuts,20,02/12/2024,35,Yes,Yes
88612,21250,Soybean,50,01/01/2025,45,Yes,Yes
101050,21252,Soybean,25,03/01/2025,75,Yes,Yes
89399,21253,Soybean,3,29/12/2024,50,Yes,Yes
88061,21262,Soybean,50,22/11/2024,45,No,Yes
90643,21269,Soybean,50,06/01/2025,45,No,Yes
91275,21271,Soybean,25,09/12/2024,45,No,Yes
86955,21280,Soybean,25,01/01/2025,45,No,Yes
85268,21283,Soybean,50,10/12/2024,45,No,Yes
85274,21286,Soybean,25,12/12/2024,45,Yes,Yes
87596,21291,Groundnuts,20,29/12/2024,50,No,Yes
90058,21297,Soybean,25,09/01/2025,50,Yes,Yes
103580,23744,Beans,40,04/02/2025,50,No,Yes
102554,23753,Beans,20,02/02/2025,60,No,Yes
103569,23755,Beans,40,04/02/2025,50,No,Yes
103521,23760,Beans,20,04/02/2025,45,No,Yes
103575,23763,Beans,40,03/02/2025,50,No,Yes
103546,23765,Beans,40,04/02/2025,9,No,Yes
102555,23769,Beans,20,05/02/2025,60,No,Yes
102593,23774,Beans,20,05/02/2025,40,No,Yes
82158,23777,Soybean,50,17/12/2024,60,Yes,Yes
108247,23784,Beans,20,03/02/2025,10,No,Yes
97194,23786,Soybean,25,29/12/2024,50,Yes,Yes
98758,23787,Soybean,25,29/12/2024,50,Yes,Yes
87591,21303,Soybean,25,31/12/2024,50,Yes,Yes
93410,21305,Soybean,25,02/01/2025,20,Yes,Yes
93394,21307,Soybean,25,08/01/2025,20,Yes,Yes
84429,21315,Soybean,25,05/01/2025,15,Yes,Yes
84423,21318,Soybean,25,01/01/2025,12,Yes,Yes
84424,21326,Soybean,25,01/01/2025,15,Yes,Yes
79114,21336,Soybean,25,08/12/2024,45,Yes,Yes
101751,21341,Beans,20,08/02/2025,10,Yes,Yes
93481,21343,Soybean,25,05/01/2025,5,Yes,Yes
105021,21345,Beans,20,04/02/2025,15,No,Yes
102512,21348,Beans,20,05/02/2025,15,No,Yes
94218,23790,Soybean,200,27/11/2024,80,No,Yes
90600,23799,Groundnuts,30,26/12/2024,75,No,Yes
90601,23800,Groundnuts,30,25/12/2024,75,No,Yes
108632,23803,Beans,20,07/02/2025,75,No,Yes
108876,23804,Beans,20,08/02/2025,75,No,Yes
108633,23806,Beans,20,07/02/2025,75,No,Yes
90657,23810,Groundnuts,30,27/12/2024,75,No,Yes
108875,23812,Beans,20,08/02/2025,75,No,Yes
90664,23817,Groundnuts,30,30/12/2024,75,No,Yes
108995,23818,Beans,20,04/02/2025,75,No,Yes
90665,23818,Groundnuts,30,25/12/2024,75,No,Yes
92144,23822,Groundnuts,30,26/01/2025,75,No,Yes
109001,23823,Beans,10,08/02/2025,75,No,Yes
84932,23833,Soybean,25,19/12/2024,50,Yes,Yes
103258,23838,Beans,40,04/02/2025,50,No,Yes
85425,23840,Soybean,25,05/01/2025,15,Yes,Yes
79395,23844,Soybean,25,15/12/2024,15,Yes,Yes
93569,23845,Soybean,25,08/01/2025,15,Yes,Yes
102380,23850,Beans,40,04/02/2025,10,No,Yes
102391,23851,Beans,2,05/02/2025,10,No,Yes
108434,23860,Beans,60,08/02/2025,13,No,Yes
108432,23862,Beans,40,13/02/2025,13,No,Yes
97138,23876,Soybean,50,15/12/2024,45,Yes,Yes
79396,23878,Soybean,25,17/12/2024,15,Yes,Yes
102510,21353,Beans,20,08/02/2025,20,No,Yes
102513,21356,Beans,20,05/02/2025,20,No,Yes
104845,21358,Beans,20,01/02/2025,10,No,Yes
102334,21360,Beans,20,13/02/2025,30,No,Yes
86138,21368,Soybean,1,25/12/2024,50,Yes,Yes
86198,21370,Soybean,1,20/12/2024,50,Yes,Yes
86027,21371,Soybean,1,31/12/2024,50,Yes,Yes
90233,21375,Soybean,50,01/01/2025,50,Yes,No
79576,21377,Soybean,25,14/12/2024,50,Yes,Yes
89276,21378,Soybean,50,06/01/2025,45,Yes,Yes
87303,21405,Soybean,25,03/01/2025,50,Yes,Yes
86910,21407,Soybean,50,01/01/2025,75,Yes,Yes
89998,21409,Soybean,25,23/12/2024,50,Yes,Yes
82260,21414,Soybean,25,28/12/2024,50,Yes,Yes
79226,21416,Groundnuts,10,12/12/2024,50,No,Yes
88727,21421,Soybean,28,19/12/2024,60,Yes,No
90172,21422,Soybean,50,02/01/2025,60,Yes,No
93302,21424,Soybean,25,29/12/2024,60,Yes,No
90692,21426,Soybean,25,30/12/2024,60,Yes,Yes
103737,21434,Beans,40,07/02/2025,75,No,Yes
93566,23881,Soybean,100,29/12/2024,15,Yes,Yes
85428,23887,Soybean,25,03/01/2025,25,Yes,Yes
83662,23893,Soybean,25,23/01/2025,50,Yes,Yes
86227,23895,Soybean,25,08/12/2024,50,Yes,Yes
87673,23899,Soybean,25,01/01/2025,5,Yes,Yes
86836,23906,Soybean,25,03/01/2025,60,Yes,Yes
87230,23913,Soybean,25,26/12/2024,50,Yes,Yes
81192,23922,Soybean,25,08/12/2024,50,Yes,Yes
94669,23925,Soybean,25,06/01/2025,85,Yes,Yes
93580,23933,Soybean,25,03/01/2025,15,Yes,Yes
85421,23940,Soybean,20,03/01/2025,15,Yes,Yes
104717,23941,Beans,20,08/03/2025,10,Yes,Yes
89765,23943,Soybean,25,06/01/2025,50,Yes,Yes
85990,23944,Soybean,25,01/01/2025,50,Yes,Yes
101796,23955,Beans,20,06/02/2025,15,Yes,Yes
82803,23957,Soybean,5,10/12/2024,45,Yes,Yes
79393,23958,Soybean,75,09/12/2024,45,No,Yes
97079,23970,Soybean,25,08/01/2025,50,Yes,Yes
94966,21435,Soybean,75,29/12/2024,78,Yes,Yes
90406,21436,Soybean,25,27/12/2024,60,Yes,Yes
90391,21439,Soybean,25,28/12/2024,55,Yes,Yes
90433,21448,Soybean,25,28/12/2024,60,Yes,Yes
89888,21459,Soybean,25,07/01/2025,50,No,Yes
96108,21462,Soybean,50,04/01/2025,45,Yes,Yes
87982,21466,Soybean,50,24/12/2024,2,Yes,Yes
89156,21472,Soybean,25,05/01/2025,2,Yes,Yes
86796,21473,Soybean,25,02/01/2025,2,Yes,Yes
97665,21477,Soybean,25,10/01/2025,2,Yes,Yes
88056,21478,Soybean,25,02/01/2025,2,Yes,Yes
87454,21480,Soybean,25,02/01/2025,2,Yes,Yes
82850,21484,Soybean,25,02/01/2025,2,Yes,Yes
103460,21492,Beans,20,05/03/2025,60,No,Yes
103462,21493,Beans,40,09/03/2025,60,No,Yes
103341,21502,Beans,40,08/02/2025,60,No,Yes
103328,21505,Beans,20,05/02/2025,70,No,Yes
103335,21507,Beans,20,11/02/2025,75,No,Yes
91320,21529,Soybean,25,01/01/2025,50,No,Yes
93711,21530,Soybean,25,02/01/2025,50,No,Yes
88890,21531,Soybean,100,02/01/2025,50,No,Yes
97443,21536,Soybean,25,08/01/2025,2,Yes,Yes
90085,21540,Soybean,25,04/12/2024,45,No,Yes
90539,21541,Soybean,50,02/12/2024,45,No,Yes
98257,21544,Soybean,25,23/12/2024,2,Yes,Yes
93712,21545,Soybean,25,02/01/2025,50,No,Yes
91321,21549,Soybean,25,01/01/2025,50,No,Yes
89143,21553,Soybean,50,04/01/2025,2,Yes,Yes
90079,21558,Soybean,25,01/01/2025,45,No,Yes
93044,21561,Soybean,25,01/01/2025,50,No,Yes
90533,21564,Soybean,25,01/01/2025,45,No,Yes
88689,21565,Soybean,25,15/12/2024,42,No,Yes
88676,21567,Soybean,25,01/01/2025,45,No,Yes
88687,21568,Soybean,25,01/01/2025,45,No,Yes
88685,21569,Soybean,50,14/12/2024,40,No,Yes
84967,21577,Soybean,50,15/12/2024,50,Yes,Yes
82671,21578,Soybean,25,15/12/2024,25,Yes,Yes
81315,21579,Soybean,25,14/12/2024,50,Yes,Yes
80230,21582,Soybean,25,08/11/2024,50,Yes,Yes
84510,23977,Soybean,25,01/01/2025,45,Yes,Yes
101776,23979,Beans,20,07/02/2025,15,Yes,Yes
80002,23984,Soybean,25,19/12/2024,56,Yes,Yes
85888,23985,Soybean,25,02/01/2025,50,Yes,Yes
93581,23988,Soybean,25,02/01/2025,15,Yes,Yes
93571,23990,Soybean,25,08/01/2025,20,Yes,Yes
85826,24002,Soybean,25,07/01/2025,45,Yes,Yes
104332,24003,Beans,40,08/02/2025,10,Yes,Yes
94678,24007,Soybean,25,04/01/2025,80,Yes,Yes
84513,24009,Soybean,25,01/01/2025,45,Yes,Yes
84777,24010,Soybean,25,01/01/2025,45,Yes,Yes
81888,24011,Soybean,25,13/12/2024,35,Yes,Yes
91713,24026,Soybean,50,03/12/2024,45,Yes,Yes
82648,24027,Soybean,25,10/12/2024,45,Yes,Yes
86296,24029,Soybean,25,03/01/2025,45,Yes,Yes
106092,24030,Beans,40,07/03/2025,10,Yes,Yes
104614,24037,Beans,60,03/02/2025,50,No,Yes
86690,24041,Soybean,25,02/01/2025,48,Yes,Yes
94696,24053,Soybean,25,08/01/2025,85,Yes,Yes
88543,21584,Soybean,25,09/01/2025,50,Yes,Yes
81316,21589,Soybean,50,15/12/2024,50,Yes,Yes
81595,21590,Soybean,12,15/12/2024,50,Yes,Yes
84964,21596,Soybean,25,05/01/2025,50,Yes,Yes
102238,21598,Beans,20,09/02/2025,45,No,Yes
86646,21602,Soybean,25,13/12/2024,50,Yes,Yes
102242,21606,Beans,20,10/02/2025,45,Yes,No
103240,21608,Beans,20,06/02/2025,10,No,Yes
83292,21611,Soybean,25,29/11/2024,50,Yes,Yes
79681,21613,Soybean,25,16/12/2024,50,Yes,Yes
79284,21616,Soybean,25,10/12/2024,50,No,Yes
78142,21617,Soybean,25,14/12/2024,50,No,Yes
86282,21620,Soybean,50,10/12/2024,50,No,Yes
90356,21624,Soybean,25,06/01/2025,50,No,Yes
87869,21632,Soybean,75,07/11/2024,47,Yes,Yes
79565,21633,Soybean,50,16/12/2024,46,Yes,Yes
86322,21634,Soybean,50,10/12/2024,50,No,Yes
88954,21644,Soybean,125,14/01/2025,45,Yes,Yes
86453,21645,Soybean,50,14/01/2025,45,Yes,Yes
97055,21648,Soybean,25,02/01/2025,56,Yes,Yes
97068,21650,Soybean,50,21/12/2024,90,Yes,Yes
88607,21655,Soybean,75,01/01/2025,45,Yes,Yes
94718,24055,Soybean,25,10/01/2025,85,Yes,Yes
93183,24062,Soybean,25,06/01/2025,45,Yes,Yes
80288,24070,Soybean,25,09/12/2024,45,Yes,Yes
107449,24072,Beans,20,07/02/2025,10,Yes,Yes
93554,24077,Soybean,25,03/01/2025,15,Yes,Yes
103006,24078,Beans,40,04/02/2025,10,Yes,Yes
102860,24079,Beans,20,05/02/2025,80,No,Yes
103820,24081,Beans,20,06/02/2025,50,No,Yes
86746,24089,Soybean,50,06/01/2025,46,Yes,Yes
84335,24092,Soybean,50,01/01/2025,65,Yes,Yes
100796,24097,Groundnuts,20,27/11/2024,50,No,Yes
100429,24108,Groundnuts,20,29/11/2024,50,No,Yes
100296,24109,Groundnuts,20,28/11/2024,50,No,Yes
100093,24116,Groundnuts,20,20/12/2024,50,No,Yes
100289,24132,Groundnuts,20,26/11/2024,50,No,Yes
101019,24135,Groundnuts,20,19/11/2024,50,No,Yes
99670,24136,Groundnuts,20,25/12/2024,50,No,Yes
99941,24143,Groundnuts,20,23/11/2024,50,No,Yes
100858,24145,Groundnuts,20,29/11/2024,50,No,Yes
95408,21656,Soybean,25,18/12/2024,60,Yes,Yes
95382,21658,Soybean,25,29/12/2024,80,Yes,Yes
79377,21667,Soybean,15,14/12/2024,45,Yes,Yes
79528,21668,Soybean,25,16/12/2024,45,Yes,Yes
86658,21670,Soybean,50,05/01/2025,30,Yes,Yes
85898,21672,Soybean,50,04/01/2025,45,Yes,Yes
84094,21676,Soybean,50,22/12/2024,45,Yes,Yes
97385,21680,Soybean,25,01/01/2025,90,Yes,Yes
80301,21685,Soybean,25,15/12/2024,45,Yes,Yes
94967,21686,Soybean,25,23/12/2024,80,Yes,Yes
88952,21694,Soybean,25,04/01/2025,45,Yes,Yes
89057,21695,Soybean,25,28/01/2025,45,Yes,Yes
91755,21697,Soybean,50,15/01/2025,45,Yes,Yes
88958,21698,Soybean,25,16/01/2025,45,Yes,Yes
86359,21701,Soybean,25,04/01/2025,45,No,Yes
90541,21703,Soybean,25,02/01/2025,45,No,Yes
88677,21705,Soybean,50,01/01/2025,45,No,Yes
90537,21708,Soybean,50,01/01/2025,45,No,Yes
90105,21717,Soybean,25,01/01/2025,45,No,Yes
90081,21727,Soybean,25,01/01/2025,45,No,Yes
79684,21732,Soybean,21,08/12/2024,50,Yes,Yes
83291,21733,Soybean,15,30/11/2024,50,Yes,Yes
79436,21739,Soybean,25,13/12/2024,50,No,Yes
82370,21740,Soybean,100,13/12/2024,50,No,Yes
94043,21744,Soybean,25,17/12/2024,55,Yes,Yes
83002,21747,Soybean,25,27/11/2024,50,Yes,Yes
91079,21750,Soybean,100,26/01/2025,45,Yes,Yes
87756,21751,Soybean,50,02/01/2025,45,Yes,Yes
90385,21754,Soybean,25,19/01/2025,45,Yes,Yes
97119,21759,Soybean,25,26/12/2024,45,Yes,Yes
82366,21762,Soybean,25,14/12/2024,50,No,Yes
81684,21767,Groundnuts,20,07/12/2024,50,No,Yes
79755,21768,Soybean,25,14/12/2024,50,No,Yes
97113,21790,Soybean,50,01/12/2024,45,Yes,Yes
102364,21800,Beans,20,02/02/2025,10,No,Yes
102486,21804,Beans,40,03/02/2025,10,No,Yes
108688,21805,Beans,40,03/02/2025,16,No,Yes
104950,21810,Beans,20,05/02/2025,50,Yes,Yes
105945,21812,Beans,20,02/02/2025,50,No,Yes
100554,24148,Groundnuts,20,09/12/2024,50,No,Yes
100441,24153,Groundnuts,20,27/11/2024,50,No,Yes
100902,24154,Groundnuts,20,25/11/2024,50,No,Yes
87174,24191,Soybean,25,02/01/2025,13,Yes,Yes
87182,24197,Soybean,50,03/01/2025,45,Yes,Yes
87221,24198,Soybean,25,07/01/2025,49,Yes,Yes
84241,24199,Soybean,25,02/01/2025,65,Yes,Yes
89199,24203,Soybean,25,01/01/2025,65,Yes,Yes
104961,24206,Beans,15,04/02/2025,10,No,Yes
105927,24207,Beans,20,01/02/2025,10,No,Yes
105861,24212,Beans,20,03/02/2025,10,No,Yes
93615,24219,Soybean,25,15/12/2024,15,Yes,Yes
97915,24220,Soybean,25,16/12/2024,60,Yes,Yes
97909,24222,Soybean,25,08/12/2024,60,Yes,Yes
93622,24224,Soybean,50,07/12/2024,15,Yes,Yes
93617,24226,Soybean,25,22/12/2024,15,Yes,Yes
84934,24229,Soybean,50,19/12/2024,50,Yes,Yes
81924,24231,Soybean,25,10/12/2024,50,Yes,Yes
100905,24250,Groundnuts,20,15/12/2024,50,No,Yes
107374,21820,Beans,20,01/02/2025,50,No,Yes
81380,21826,Groundnuts,20,02/12/2024,45,Yes,Yes
104988,21840,Beans,40,03/02/2025,30,No,Yes
82586,21844,Soybean,25,20/12/2024,50,No,Yes
86309,21845,Soybean,25,01/01/2025,45,No,Yes
97212,21848,Soybean,25,03/01/2025,50,Yes,Yes
87862,21852,Soybean,25,02/12/2024,49,Yes,Yes
83391,21853,Soybean,25,30/12/2024,47,Yes,Yes
109206,21866,Beans,20,10/02/2025,50,No,Yes
100937,21868,Soybean,25,02/01/2025,60,Yes,Yes
84524,21874,Soybean,25,01/01/2025,50,No,Yes
101482,24253,Groundnuts,20,06/12/2024,50,No,Yes
101480,24255,Groundnuts,20,19/11/2024,50,No,Yes
105619,24261,Beans,20,06/03/2025,15,Yes,Yes
101777,24263,Beans,20,07/02/2025,15,Yes,Yes
105627,24266,Beans,20,06/03/2025,15,Yes,Yes
111936,24267,Beans,20,01/02/2025,10,Yes,Yes
104711,24269,Beans,20,04/03/2025,15,Yes,Yes
104714,24270,Beans,20,06/03/2025,15,Yes,Yes
102082,24272,Beans,20,08/02/2025,50,No,Yes
108667,24277,Beans,20,19/02/2025,30,No,Yes
97123,24284,Soybean,25,26/12/2024,45,Yes,Yes
93614,24287,Soybean,25,30/12/2024,15,Yes,Yes
95088,24295,Soybean,50,11/12/2024,52,No,Yes
80881,24298,Soybean,25,23/12/2024,45,No,Yes
89899,24307,Groundnuts,20,17/11/2024,70,No,Yes
98306,24308,Soybean,50,17/01/2025,60,Yes,Yes
99022,24309,Beans,25,22/01/2025,70,Yes,Yes
99025,24314,Soybean,25,24/01/2025,75,Yes,Yes
86306,21878,Soybean,50,01/01/2025,45,No,Yes
82581,21879,Soybean,25,20/12/2024,50,No,Yes
90747,21890,Soybean,50,10/12/2024,45,No,Yes
91518,21894,Soybean,12,04/01/2025,45,Yes,Yes
87961,21895,Soybean,50,08/01/2025,45,No,Yes
87963,21906,Soybean,50,06/01/2025,45,No,Yes
84522,21912,Soybean,25,06/01/2025,45,No,Yes
82676,21926,Soybean,25,14/12/2024,45,Yes,Yes
80311,21927,Soybean,50,09/12/2024,60,Yes,Yes
103395,21932,Beans,20,02/02/2025,72,No,Yes
86098,21939,Soybean,25,20/12/2024,45,Yes,Yes
82788,21944,Soybean,25,28/12/2024,45,Yes,Yes
82854,21946,Soybean,25,28/12/2024,45,Yes,Yes
82831,21962,Soybean,50,28/12/2024,45,Yes,Yes
84354,21975,Soybean,25,16/12/2024,90,Yes,Yes
89121,21980,Soybean,25,04/01/2025,50,No,Yes
81847,24315,Groundnuts,20,13/12/2024,75,No,Yes
94190,24322,Soybean,50,08/01/2025,60,Yes,Yes
81849,24325,Soybean,50,18/12/2024,70,Yes,Yes
89910,24326,Soybean,25,11/01/2025,60,Yes,Yes
98290,24328,Soybean,25,18/01/2025,65,Yes,Yes
89904,24336,Groundnuts,20,28/12/2024,75,No,Yes
94172,24339,Soybean,25,02/01/2025,75,Yes,Yes
94191,24343,Soybean,25,20/11/2024,60,Yes,Yes
102431,24348,Beans,20,03/02/2025,10,No,Yes
103010,24353,Beans,40,01/02/2025,10,Yes,Yes
105246,24365,Beans,20,10/02/2025,10,No,Yes
103007,24368,Beans,40,01/02/2025,10,Yes,Yes
111931,24369,Beans,20,08/02/2025,10,Yes,Yes
110872,24371,Beans,20,07/02/2025,10,No,Yes
105974,24380,Beans,40,14/03/2025,10,Yes,Yes
102870,24388,Beans,20,08/02/2025,10,Yes,Yes
105975,24394,Beans,20,12/03/2025,10,Yes,Yes
102869,24398,Beans,20,01/02/2025,10,Yes,Yes
107464,24402,Beans,20,01/02/2025,10,Yes,Yes
87315,24404,Soybean,75,11/01/2025,45,Yes,Yes
102540,24408,Beans,40,07/02/2025,10,No,Yes
105288,24409,Beans,20,03/02/2025,10,No,Yes
111927,24410,Beans,20,02/02/2025,10,No,Yes
111928,24411,Beans,20,03/02/2025,10,No,Yes
89122,21982,Soybean,25,02/01/2025,50,No,Yes
86313,21985,Soybean,25,01/01/2025,45,No,Yes
86310,21986,Soybean,25,03/01/2025,45,No,Yes
86945,21990,Soybean,25,03/01/2025,45,No,Yes
94142,21991,Soybean,25,09/01/2025,45,Yes,No
103862,21999,Beans,40,05/02/2025,50,No,Yes
85481,22003,Groundnuts,20,04/01/2025,50,No,Yes
85864,22008,Groundnuts,40,01/01/2025,50,No,Yes
85476,22011,Groundnuts,20,01/01/2025,50,No,Yes
82277,22012,Groundnuts,20,25/12/2024,50,No,Yes
86371,22018,Groundnuts,40,02/01/2025,50,No,Yes
89929,22020,Groundnuts,20,05/01/2025,50,No,Yes
90750,22030,Soybean,50,15/12/2024,45,Yes,Yes
88741,22033,Soybean,25,02/01/2025,45,No,Yes
88748,22036,Soybean,25,02/01/2025,45,No,Yes
103362,22039,Beans,20,01/02/2025,65,No,Yes
92492,22042,Soybean,25,01/01/2025,60,Yes,Yes
88747,22046,Soybean,25,03/01/2025,45,No,Yes
88746,22047,Soybean,25,03/01/2025,45,No,Yes
92518,22050,Soybean,25,03/01/2025,55,Yes,Yes
87550,22052,Soybean,25,01/01/2025,15,Yes,Yes
113559,24412,Beans,20,10/02/2025,60,No,Yes
108366,24415,Beans,20,15/02/2025,30,No,Yes
108625,24421,Beans,20,08/02/2025,20,No,Yes
88735,24431,Soybean,50,02/01/2025,45,Yes,Yes
105620,24445,Beans,20,06/03/2025,15,Yes,Yes
108622,24449,Beans,20,01/02/2025,30,No,Yes
86631,24453,Groundnuts,30,25/12/2024,75,No,Yes
86623,24458,Groundnuts,30,27/12/2024,75,No,Yes
107172,24462,Beans,10,13/02/2025,10,No,Yes
105275,24468,Beans,10,18/03/2025,10,No,Yes
105711,24473,Beans,10,13/02/2025,10,No,Yes
86622,24473,Groundnuts,30,26/12/2024,75,No,Yes
105280,24474,Beans,10,12/02/2025,10,No,Yes
86628,24474,Groundnuts,30,25/12/2024,75,No,Yes
86625,24476,Groundnuts,30,30/12/2024,75,No,Yes
86624,24477,Groundnuts,30,28/12/2024,75,No,Yes
107173,24478,Beans,10,10/02/2025,10,No,Yes
86570,24480,Groundnuts,30,24/12/2024,75,No,Yes
107382,24483,Beans,40,31/01/2025,45,No,Yes
86583,24484,Groundnuts,30,24/12/2024,75,No,Yes
107765,24490,Beans,10,05/02/2025,60,No,Yes
88229,24497,Groundnuts,30,25/12/2024,75,No,Yes
104918,24503,Beans,20,04/02/2025,10,No,Yes
105363,24508,Beans,20,04/02/2025,15,No,Yes
108120,24509,Beans,20,31/01/2025,45,No,Yes
80277,24512,Soybean,25,15/12/2024,80,Yes,Yes
107722,24515,Beans,20,03/02/2025,60,No,Yes
101795,24518,Beans,20,08/02/2025,10,Yes,Yes
106090,24519,Beans,20,06/03/2025,15,Yes,Yes
115111,24523,Soybean,25,31/12/2024,45,No,Yes
104915,24526,Beans,40,01/02/2025,10,No,Yes
90501,24527,Soybean,25,01/12/2024,45,No,Yes
110281,24533,Beans,20,19/02/2025,60,No,Yes
88590,22053,Groundnuts,20,17/12/2024,10,Yes,Yes
98197,22059,Soybean,25,20/11/2024,45,Yes,Yes
85466,22060,Groundnuts,20,10/11/2024,20,Yes,Yes
94119,22060,Soybean,25,10/11/2024,40,Yes,Yes
99331,22067,Soybean,25,18/12/2024,45,Yes,Yes
99320,22069,Soybean,25,20/12/2024,45,Yes,Yes
85470,22070,Groundnuts,20,23/12/2024,30,Yes,Yes
100072,22071,Soybean,25,20/12/2024,45,Yes,Yes
84247,22078,Soybean,100,28/11/2024,47,Yes,Yes
87551,22082,Soybean,100,01/01/2025,12,Yes,Yes
81368,22085,Soybean,25,15/12/2024,50,Yes,Yes
78835,22087,Soybean,25,15/12/2024,50,Yes,Yes
79394,22095,Soybean,25,27/11/2024,48,Yes,Yes
88800,22096,Soybean,50,02/12/2024,70,Yes,Yes
79319,22097,Soybean,50,09/12/2024,48,Yes,Yes
88808,22098,Soybean,25,07/01/2025,80,Yes,Yes
97005,22106,Soybean,25,29/12/2024,45,Yes,Yes
79968,22109,Soybean,50,20/12/2024,72,Yes,Yes
79217,22125,Soybean,25,14/12/2024,50,Yes,Yes
79638,22141,Soybean,25,09/12/2024,47,Yes,Yes
82541,22142,Soybean,25,14/12/2024,45,Yes,Yes
88303,22143,Soybean,25,20/12/2024,70,Yes,Yes
79644,22145,Soybean,25,13/12/2024,46,Yes,Yes
80313,22147,Soybean,25,06/12/2024,60,Yes,Yes
88802,22154,Soybean,50,04/01/2025,90,Yes,Yes
88806,22155,Soybean,25,05/01/2025,70,Yes,Yes
106300,24540,Beans,40,01/02/2025,15,No,Yes
108956,24546,Beans,10,08/02/2025,60,No,Yes
87013,24547,Groundnuts,30,24/12/2024,75,No,Yes
87021,24548,Groundnuts,30,24/12/2024,75,No,Yes
87216,24549,Groundnuts,20,24/12/2024,75,No,Yes
81492,18813,Soybean,1,21/12/2024,50,Yes,Yes
110481,18819,Beans,20,19/02/2025,50,No,No
106501,18820,Beans,20,28/02/2025,50,No,Yes
112157,18822,Beans,20,04/03/2025,50,No,Yes
108209,18824,Beans,20,27/02/2025,50,No,Yes
117400,18825,Beans,40,18/02/2025,50,No,No
96643,18827,Soybean,25,04/01/2025,50,Yes,Yes
84363,18844,Soybean,25,02/01/2025,50,Yes,Yes
79961,18845,Soybean,25,10/12/2024,50,No,Yes
90229,18847,Soybean,25,27/12/2024,50,No,Yes
81076,18850,Soybean,25,14/12/2024,10,Yes,Yes
79487,21381,Soybean,25,21/11/2024,50,Yes,No
88016,21387,Soybean,25,14/12/2024,50,Yes,Yes
88794,21388,Soybean,25,31/12/2024,50,Yes,Yes
88019,21389,Soybean,25,26/12/2024,50,Yes,Yes
83644,21396,Soybean,25,31/12/2024,50,Yes,Yes
90293,21399,Soybean,25,01/01/2025,50,Yes,Yes
89991,21410,Soybean,25,20/12/2024,50,Yes,Yes
90001,21413,Soybean,50,17/12/2024,50,Yes,Yes
88660,21425,Soybean,25,07/12/2024,60,Yes,Yes
103734,21430,Beans,40,10/02/2025,75,No,Yes
84093,21432,Soybean,50,15/12/2024,45,Yes,Yes
89635,21437,Soybean,25,19/12/2024,60,Yes,Yes
90365,21438,Soybean,25,28/12/2024,60,Yes,Yes
89605,21443,Soybean,25,27/12/2024,65,Yes,Yes
89647,21449,Soybean,25,20/12/2024,70,Yes,Yes
96127,21454,Soybean,150,10/01/2025,45,No,Yes
97586,21465,Soybean,50,07/01/2025,2,Yes,Yes
84459,21467,Beans,25,22/12/2024,2,Yes,Yes
87973,21467,Soybean,25,03/01/2025,2,Yes,Yes
86653,21468,Soybean,25,27/12/2024,2,Yes,Yes
89114,21476,Soybean,25,22/12/2024,2,Yes,Yes
97668,21479,Soybean,25,12/01/2025,2,Yes,Yes
99405,21485,Soybean,25,03/01/2025,2,Yes,Yes
107824,18855,Beans,20,24/02/2025,60,No,Yes
89985,18858,Soybean,125,01/01/2025,30,Yes,Yes
85620,18863,Soybean,2,26/12/2024,50,Yes,Yes
85623,18888,Soybean,2,26/12/2024,50,Yes,Yes
83666,18894,Soybean,25,28/11/2024,48,No,Yes
79317,18895,Soybean,25,10/12/2024,50,No,Yes
90190,18897,Soybean,25,27/11/2024,45,No,Yes
85170,18900,Soybean,50,26/12/2024,45,No,Yes
83226,18902,Soybean,25,17/12/2024,45,No,Yes
84102,18903,Soybean,25,29/12/2024,45,No,Yes
83173,18906,Soybean,50,20/12/2024,48,No,Yes
86700,21487,Soybean,25,02/01/2025,2,Yes,Yes
97497,21488,Soybean,25,08/01/2025,2,Yes,Yes
103354,21489,Beans,40,08/02/2025,80,No,Yes
103463,21494,Beans,60,04/03/2025,60,No,Yes
103329,21498,Beans,20,09/02/2025,80,No,Yes
103466,21499,Beans,60,11/03/2025,60,No,Yes
103339,21500,Beans,40,07/02/2025,60,No,Yes
103457,21514,Beans,40,08/03/2025,60,No,Yes
103326,21515,Beans,40,08/02/2025,60,No,Yes
90099,21521,Soybean,25,02/01/2025,45,No,Yes
97664,21524,Soybean,50,05/01/2025,2,Yes,Yes
89271,21535,Soybean,25,02/01/2025,2,Yes,Yes
93714,21547,Soybean,25,26/12/2024,50,No,Yes
88008,18926,Soybean,150,10/11/2024,50,Yes,Yes
88006,18928,Soybean,25,26/12/2024,50,Yes,Yes
88021,18929,Soybean,25,29/12/2024,50,Yes,Yes
88003,18931,Soybean,75,18/12/2024,50,Yes,Yes
88010,18935,Soybean,50,04/01/2025,50,Yes,Yes
117521,18939,Beans,20,17/02/2025,60,No,Yes
111197,18940,Beans,40,22/02/2025,50,No,Yes
118655,18948,Beans,20,20/02/2025,10,No,No
104882,18952,Beans,20,10/02/2025,10,No,Yes
105175,18954,Beans,20,26/02/2025,10,No,Yes
105172,18964,Beans,20,27/02/2025,10,No,Yes
105173,18965,Beans,20,26/02/2025,10,No,Yes
88485,21555,Soybean,25,04/01/2025,2,Yes,Yes
90077,21557,Soybean,50,01/01/2025,45,No,Yes
90531,21560,Soybean,25,04/12/2024,45,No,Yes
90071,21566,Soybean,25,02/01/2025,40,No,Yes
90073,21571,Soybean,25,03/01/2025,45,No,Yes
88544,21581,Soybean,25,09/01/2025,50,Yes,Yes
91058,21588,Soybean,25,11/01/2025,50,Yes,Yes
84966,21592,Soybean,25,06/01/2025,50,Yes,Yes
105174,18966,Beans,20,26/02/2025,10,No,Yes
100702,18990,Soybean,150,01/01/2025,20,Yes,Yes
105296,18992,Beans,20,20/02/2025,50,No,No
114825,18995,Beans,20,07/03/2025,50,Yes,Yes
85270,19006,Soybean,50,03/01/2025,45,No,Yes
87290,19008,Soybean,50,03/01/2025,45,No,Yes
87288,19010,Soybean,50,02/01/2025,45,No,Yes
89870,19015,Soybean,50,02/01/2025,45,No,Yes
81912,19068,Soybean,25,20/11/2024,50,Yes,Yes
85441,19076,Soybean,50,02/01/2025,45,No,Yes
99216,19091,Groundnuts,20,18/12/2024,20,No,Yes
91056,21594,Soybean,50,06/01/2025,50,Yes,Yes
90817,21595,Soybean,25,11/01/2025,50,Yes,Yes
85555,21610,Soybean,25,29/11/2024,50,Yes,Yes
86284,21620,Groundnuts,20,26/12/2024,50,No,Yes
79263,21622,Soybean,25,14/12/2024,50,No,Yes
103217,21630,Beans,20,02/02/2025,10,No,Yes
85190,21637,Soybean,25,09/11/2024,50,No,Yes
97235,21649,Soybean,25,23/12/2024,48,Yes,Yes
95594,21662,Soybean,100,19/12/2024,45,Yes,Yes
80889,21671,Soybean,25,16/12/2024,45,Yes,Yes
99219,19093,Groundnuts,40,04/12/2024,20,Yes,Yes
99220,19100,Groundnuts,40,04/12/2024,20,Yes,Yes
92772,19105,Groundnuts,20,28/12/2024,35,Yes,Yes
91041,19109,Soybean,75,17/11/2024,45,Yes,Yes
92777,19116,Soybean,25,17/11/2024,45,Yes,Yes
91551,19122,Groundnuts,50,22/11/2024,45,Yes,Yes
87671,19125,Soybean,25,01/01/2025,60,Yes,Yes
88785,19128,Groundnuts,20,17/11/2024,35,Yes,Yes
91867,19137,Soybean,1,06/01/2025,30,Yes,Yes
84450,19143,Soybean,25,01/01/2025,50,No,Yes
86654,21675,Soybean,25,04/01/2025,45,Yes,Yes
89981,21677,Soybean,50,22/12/2024,75,Yes,Yes
97244,21678,Soybean,25,01/01/2025,90,Yes,Yes
79500,21681,Soybean,12,13/12/2024,45,Yes,Yes
86828,21682,Soybean,25,04/01/2025,45,Yes,Yes
96118,21687,Soybean,25,03/01/2025,45,Yes,Yes
96087,21688,Soybean,50,07/01/2025,45,Yes,Yes
91761,21690,Soybean,25,05/01/2025,45,Yes,Yes
90095,21707,Soybean,25,02/01/2025,45,No,Yes
88681,21710,Soybean,25,19/12/2024,42,No,Yes
90529,21712,Soybean,25,02/12/2024,45,No,Yes
90089,21713,Soybean,25,01/01/2025,45,No,Yes
98838,19157,Soybean,25,04/01/2025,20,Yes,Yes
78141,19162,Soybean,25,21/12/2024,50,Yes,Yes
85821,19163,Soybean,25,16/12/2024,50,Yes,Yes
78536,19167,Soybean,25,10/12/2024,50,Yes,Yes
84448,19170,Soybean,75,17/12/2024,50,No,Yes
87533,19171,Soybean,25,08/01/2025,50,Yes,Yes
95780,19180,Groundnuts,20,17/12/2024,40,Yes,Yes
84561,19183,Soybean,1,12/12/2024,50,Yes,Yes
83134,19184,Soybean,1,15/11/2024,50,Yes,Yes
84172,19189,Soybean,2,17/11/2024,50,Yes,Yes
84556,19194,Soybean,2,22/11/2024,50,Yes,Yes
94476,19201,Soybean,25,02/01/2025,15,Yes,Yes
82430,19215,Soybean,25,11/11/2024,50,Yes,Yes
82427,19217,Soybean,50,15/11/2024,50,Yes,Yes
95745,19240,Soybean,25,20/11/2024,50,Yes,Yes
90091,21719,Soybean,25,02/01/2025,45,No,Yes
82759,21734,Soybean,5,31/12/2024,50,Yes,Yes
93542,21745,Soybean,25,17/12/2024,12,Yes,Yes
80653,21757,Soybean,75,14/12/2024,50,No,Yes
87246,21771,Soybean,25,10/12/2024,45,Yes,Yes
82796,21772,Soybean,25,28/12/2024,45,Yes,Yes
108691,21791,Beans,20,01/02/2025,15,No,Yes
90193,21793,Soybean,25,03/01/2025,45,Yes,Yes
96080,21795,Soybean,25,10/01/2025,45,Yes,Yes
103170,21803,Beans,40,04/02/2025,10,No,Yes
102710,21807,Beans,20,10/02/2025,50,No,Yes
103840,21814,Beans,40,08/02/2025,65,No,Yes
87954,21817,Soybean,25,08/01/2025,45,No,Yes
107112,21821,Beans,20,07/02/2025,15,No,Yes
104323,21822,Beans,20,04/02/2025,10,Yes,Yes
103603,21823,Beans,20,08/02/2025,50,No,Yes
80233,19242,Soybean,50,06/11/2024,50,Yes,Yes
80235,19244,Soybean,50,12/12/2024,50,Yes,Yes
95491,19263,Maize,10,17/12/2024,80,No,Yes
95779,19273,Groundnuts,20,21/12/2024,40,Yes,Yes
93626,19275,Soybean,25,06/01/2025,60,Yes,Yes
93630,19282,Soybean,25,14/12/2024,60,Yes,Yes
93636,19283,Soybean,25,08/01/2025,60,Yes,Yes
82864,19289,Soybean,50,22/12/2024,45,Yes,Yes
108685,21825,Beans,20,05/02/2025,15,No,Yes
107138,21833,Beans,20,05/02/2025,15,No,Yes
97103,21835,Soybean,1,05/01/2025,55,Yes,Yes
87967,21841,Soybean,25,06/01/2025,45,No,Yes
108682,21842,Beans,20,12/02/2025,14,No,Yes
107125,21856,Beans,40,05/02/2025,10,No,Yes
98690,21857,Soybean,1,09/12/2024,60,Yes,Yes
90752,21860,Soybean,25,26/12/2024,45,Yes,Yes
84732,21862,Soybean,2,31/12/2024,50,Yes,Yes
104512,21864,Beans,40,03/02/2025,50,Yes,Yes
97906,21867,Soybean,25,10/12/2024,60,Yes,Yes
84682,21869,Soybean,1,29/11/2024,50,Yes,Yes
86316,21873,Soybean,25,01/01/2025,50,No,Yes
86307,21875,Soybean,25,01/01/2025,45,No,Yes
87960,21883,Soybean,50,08/01/2025,45,No,Yes
92440,21885,Soybean,25,10/12/2024,60,Yes,Yes
92192,21887,Soybean,125,02/12/2024,47,Yes,Yes
80009,21888,Soybean,25,05/12/2024,80,Yes,Yes
91514,21896,Soybean,100,03/01/2025,45,Yes,Yes
94139,21899,Soybean,25,05/01/2025,45,No,Yes
86311,21908,Soybean,50,03/01/2025,45,No,Yes
82588,21914,Soybean,25,02/01/2025,50,No,Yes
82589,21915,Soybean,25,02/01/2025,50,No,Yes
95722,21919,Soybean,25,07/01/2025,45,No,Yes
84694,21921,Soybean,7,31/01/2025,50,Yes,Yes
79269,21924,Soybean,25,09/12/2024,47,Yes,Yes
104335,21929,Beans,20,05/02/2025,10,Yes,Yes
82113,21930,Soybean,25,27/12/2024,50,Yes,Yes
82137,21933,Soybean,25,31/12/2024,50,Yes,Yes
104469,21935,Beans,20,03/02/2025,50,Yes,Yes
86949,21937,Soybean,25,02/01/2025,45,Yes,Yes
84473,19299,Soybean,50,20/12/2024,45,Yes,Yes
93311,19312,Groundnuts,20,22/11/2024,30,No,No
88945,19354,Soybean,25,13/01/2025,50,Yes,Yes
84757,19356,Soybean,25,09/01/2025,50,Yes,Yes
88944,19360,Soybean,25,02/01/2025,53,Yes,Yes
83008,19361,Soybean,25,13/12/2024,60,Yes,Yes
78161,19364,Soybean,25,16/12/2024,61,Yes,Yes
80579,19371,Soybean,10,14/12/2024,56,Yes,Yes
82685,19373,Soybean,25,27/12/2024,57,Yes,Yes
96248,19378,Soybean,25,04/01/2025,45,Yes,Yes
85583,19384,Soybean,25,28/12/2024,56,Yes,Yes
88205,19392,Soybean,50,08/01/2025,50,Yes,Yes
90702,19394,Soybean,25,10/01/2025,50,Yes,Yes
83097,19398,Soybean,25,21/12/2024,50,Yes,Yes
85461,19399,Soybean,50,05/01/2025,50,Yes,Yes
83101,19401,Soybean,25,22/12/2024,50,Yes,Yes
81895,19402,Soybean,25,12/12/2024,50,Yes,Yes
83107,19404,Soybean,25,21/12/2024,50,Yes,Yes
83262,19407,Soybean,25,25/12/2024,50,Yes,Yes
91457,19412,Soybean,25,28/12/2024,50,Yes,Yes
83103,19415,Soybean,50,20/12/2024,50,Yes,Yes
91463,19429,Soybean,25,25/12/2024,50,Yes,Yes
91459,19430,Soybean,25,22/12/2024,50,Yes,Yes
78807,19438,Soybean,1,08/12/2024,50,Yes,Yes
90700,19439,Soybean,25,12/12/2024,75,Yes,Yes
90840,19440,Soybean,25,01/01/2025,50,Yes,Yes
82999,19447,Soybean,25,03/01/2025,50,No,Yes
82998,19448,Soybean,50,25/12/2024,50,No,Yes
80595,19450,Soybean,25,13/12/2024,50,Yes,Yes
84700,19453,Soybean,2,01/01/2025,50,Yes,Yes
82794,21940,Soybean,25,10/12/2024,45,Yes,Yes
86056,21958,Soybean,50,10/12/2024,45,Yes,Yes
84692,21970,Soybean,3,07/12/2024,50,Yes,Yes
84356,21976,Soybean,75,15/12/2024,90,Yes,Yes
80660,21984,Soybean,25,12/12/2024,50,No,Yes
86315,21988,Soybean,25,03/01/2025,45,No,Yes
92430,21992,Soybean,25,15/12/2024,60,Yes,Yes
85776,22000,Soybean,25,13/12/2024,45,Yes,Yes
82278,22004,Groundnuts,20,31/12/2024,50,No,Yes
81293,22009,Groundnuts,40,12/12/2024,50,No,Yes
79964,22014,Groundnuts,40,14/12/2024,50,No,Yes
86509,19454,Soybean,1,31/12/2024,50,Yes,Yes
84708,19455,Soybean,2,01/01/2025,50,Yes,Yes
84696,19456,Soybean,1,31/12/2024,50,Yes,Yes
84706,19461,Soybean,2,27/12/2024,50,Yes,Yes
84690,19463,Soybean,1,31/12/2024,50,Yes,Yes
83065,19475,Soybean,250,26/12/2024,45,No,Yes
79989,19488,Soybean,25,16/12/2024,5,Yes,Yes
82209,19493,Soybean,25,02/01/2025,45,Yes,Yes
85683,19500,Soybean,25,02/01/2025,50,Yes,Yes
79124,19522,Soybean,100,05/10/2024,50,Yes,Yes
83341,22016,Groundnuts,20,28/12/2024,50,No,Yes
94564,22016,Soybean,25,01/01/2025,50,Yes,Yes
87272,22021,Groundnuts,40,01/01/2025,50,No,Yes
88739,22032,Soybean,25,03/01/2025,50,No,Yes
88743,22038,Soybean,25,02/01/2025,50,No,Yes
103394,22040,Beans,20,02/02/2025,72,No,No
82119,22043,Soybean,25,20/12/2024,60,Yes,Yes
118107,22054,Beans,20,28/02/2025,50,No,Yes
94120,22061,Groundnuts,20,22/11/2024,45,Yes,Yes
86437,22062,Soybean,25,27/12/2024,45,Yes,Yes
78108,19523,Soybean,125,20/11/2024,5,Yes,Yes
77877,19524,Soybean,50,03/12/2024,5,Yes,Yes
82631,19525,Soybean,25,29/12/2024,50,No,Yes
80688,19532,Soybean,20,15/12/2024,50,Yes,Yes
82630,19534,Soybean,10,02/01/2025,50,No,Yes
84997,19536,Soybean,25,03/01/2025,50,No,Yes
85333,19538,Soybean,25,26/12/2024,50,No,Yes
99379,19545,Groundnuts,40,05/12/2024,20,No,Yes
92241,19559,Soybean,25,10/12/2024,15,Yes,Yes
92106,19563,Soybean,50,06/01/2025,15,Yes,Yes
94121,22066,Soybean,25,21/11/2024,45,Yes,Yes
100353,22068,Soybean,25,06/12/2024,45,Yes,Yes
86607,22071,Groundnuts,20,07/11/2024,20,Yes,Yes
82102,22076,Soybean,25,08/12/2024,50,Yes,Yes
80055,22077,Soybean,25,05/12/2024,50,Yes,Yes
84076,22081,Soybean,50,03/12/2024,46,Yes,Yes
81869,22099,Soybean,25,09/12/2024,54,Yes,Yes
84274,22108,Soybean,25,15/12/2024,80,Yes,Yes
80774,22113,Soybean,25,16/12/2024,50,Yes,Yes
82028,22115,Soybean,25,18/12/2024,50,Yes,Yes
86612,22119,Soybean,25,14/12/2024,50,Yes,Yes
79229,22123,Soybean,25,16/12/2024,50,Yes,Yes
79636,22127,Soybean,75,06/12/2024,45,Yes,Yes
87795,22129,Soybean,50,06/01/2025,35,Yes,Yes
85702,22131,Soybean,25,31/12/2024,45,Yes,Yes
79677,22134,Soybean,25,01/12/2024,49,Yes,Yes
87926,22135,Soybean,75,29/11/2024,50,Yes,Yes
79555,22136,Soybean,25,11/12/2024,46,No,Yes
99603,19567,Soybean,25,09/01/2025,20,Yes,Yes
93818,19583,Soybean,25,01/01/2025,20,Yes,Yes
92279,19597,Soybean,25,01/01/2025,20,Yes,Yes
93512,19607,Soybean,25,01/01/2025,20,Yes,Yes
95793,19615,Soybean,25,29/12/2024,40,Yes,Yes
86982,19620,Soybean,50,30/12/2024,40,Yes,Yes
92166,19629,Soybean,25,10/01/2025,45,Yes,Yes
84012,19630,Soybean,25,04/01/2025,45,Yes,Yes
100621,19637,Soybean,25,02/01/2025,20,Yes,Yes
102441,19644,Soybean,25,27/12/2024,20,Yes,Yes
97006,22139,Soybean,25,12/12/2024,65,Yes,Yes
79494,22148,Soybean,15,13/12/2024,45,Yes,Yes
79584,22149,Soybean,25,09/12/2024,45,Yes,Yes
90224,22150,Soybean,25,01/01/2025,10,Yes,Yes
87561,22160,Soybean,50,17/12/2024,20,Yes,Yes
85900,22164,Soybean,25,04/01/2025,45,Yes,Yes
79966,22166,Soybean,25,15/12/2024,66,Yes,Yes
88299,22173,Soybean,25,09/12/2024,80,Yes,Yes
79529,22174,Soybean,25,10/12/2024,47,Yes,Yes
94965,22178,Soybean,25,23/12/2024,78,Yes,Yes
80279,22179,Soybean,50,05/12/2024,48,Yes,Yes
89648,22196,Soybean,25,14/12/2024,50,Yes,Yes
90016,22197,Soybean,25,18/12/2024,50,Yes,Yes
90783,22198,Soybean,50,23/12/2024,50,Yes,Yes
81295,22202,Soybean,25,12/09/2024,50,Yes,Yes
82523,22211,Soybean,25,20/12/2024,45,No,Yes
83867,22216,Soybean,50,10/12/2024,46,No,Yes
80490,22221,Soybean,25,10/12/2024,90,Yes,Yes
79972,22224,Soybean,75,15/12/2024,80,Yes,Yes
85682,22228,Groundnuts,20,02/01/2025,50,No,Yes
81376,22232,Soybean,25,20/12/2024,45,Yes,Yes
92187,19651,Soybean,25,02/01/2025,50,Yes,Yes
96870,19655,Soybean,25,14/12/2024,50,Yes,Yes
93396,19676,Soybean,25,10/01/2025,20,Yes,Yes
91329,19681,Soybean,25,09/01/2025,20,Yes,Yes
81028,19684,Soybean,25,13/12/2024,50,Yes,Yes
92111,19691,Soybean,50,09/01/2025,45,Yes,Yes
86391,19694,Soybean,50,28/12/2024,50,Yes,Yes
83705,19697,Soybean,50,28/12/2024,50,Yes,Yes
85659,19710,Soybean,25,30/12/2024,60,Yes,Yes
86392,19712,Soybean,25,31/12/2024,50,Yes,Yes
85985,19714,Soybean,25,07/01/2025,60,Yes,Yes
88072,19718,Soybean,50,08/01/2025,50,Yes,Yes
85804,19725,Soybean,25,30/12/2024,50,Yes,Yes
85026,19731,Soybean,25,03/01/2025,50,Yes,Yes
84947,19737,Soybean,25,20/12/2024,50,Yes,Yes
84949,19743,Soybean,25,07/01/2025,50,Yes,Yes
80676,19745,Soybean,25,30/12/2024,50,Yes,Yes
80679,19749,Soybean,50,16/12/2024,50,Yes,Yes
88014,19756,Soybean,100,18/12/2024,50,Yes,Yes
81894,19758,Soybean,50,09/12/2024,50,Yes,Yes
78805,19760,Soybean,2,18/12/2024,50,Yes,Yes
84531,19775,Soybean,20,23/12/2024,45,Yes,Yes
79749,19777,Groundnuts,20,18/11/2024,50,Yes,Yes
94211,19779,Groundnuts,20,28/12/2024,50,Yes,Yes
79753,19780,Groundnuts,20,29/11/2024,50,Yes,Yes
81172,19788,Soybean,25,28/12/2024,45,Yes,Yes
79752,19790,Groundnuts,20,18/11/2024,50,Yes,Yes
82069,19798,Soybean,25,19/12/2024,45,Yes,Yes
81566,19800,Groundnuts,20,08/11/2024,50,Yes,Yes
81564,19801,Soybean,100,27/12/2024,45,Yes,Yes
79305,19803,Groundnuts,20,10/11/2024,50,Yes,Yes
81177,19804,Soybean,25,23/12/2024,45,Yes,Yes
79313,19807,Groundnuts,40,18/11/2024,50,Yes,Yes
79754,19810,Groundnuts,20,18/12/2024,50,Yes,Yes
85650,19822,Soybean,25,03/01/2025,50,Yes,Yes
82010,19826,Soybean,18,27/12/2024,50,No,Yes
85326,19827,Soybean,25,03/01/2025,50,No,Yes
83346,19834,Soybean,1,31/12/2024,50,Yes,Yes
86023,19837,Soybean,1,27/12/2024,50,Yes,Yes
86192,19839,Soybean,1,31/12/2024,50,Yes,Yes
83344,19840,Soybean,2,02/01/2025,50,Yes,Yes
91051,22235,Soybean,50,11/12/2024,45,Yes,Yes
87883,22248,Groundnuts,20,03/01/2025,50,No,Yes
84341,22250,Groundnuts,20,16/12/2024,50,No,Yes
82917,22255,Groundnuts,20,30/12/2024,50,No,Yes
86431,22264,Soybean,25,10/12/2024,50,No,Yes
79367,22268,Groundnuts,20,21/11/2024,50,Yes,Yes
84545,22268,Soybean,50,18/12/2024,50,Yes,Yes
79363,22274,Groundnuts,40,21/11/2024,50,Yes,Yes
84351,22304,Soybean,50,01/01/2025,2,Yes,Yes
89107,22306,Groundnuts,20,03/01/2025,50,No,Yes
85892,22312,Soybean,50,15/12/2024,45,Yes,Yes
86214,22316,Soybean,25,26/12/2024,50,Yes,Yes
83934,22324,Soybean,50,28/12/2024,45,Yes,Yes
102186,22329,Groundnuts,40,08/01/2025,20,Yes,Yes
89983,22332,Groundnuts,20,28/12/2024,50,No,Yes
84140,22351,Soybean,25,12/12/2024,45,Yes,Yes
91492,22352,Soybean,50,25/11/2024,65,Yes,Yes
97383,22373,Soybean,25,01/01/2025,90,Yes,Yes
83536,22378,Soybean,25,20/12/2024,45,Yes,Yes
80674,19845,Soybean,50,10/12/2024,50,Yes,Yes
82632,19846,Soybean,25,02/01/2025,50,No,Yes
80527,19855,Soybean,50,01/12/2024,50,Yes,Yes
80529,19856,Soybean,25,25/11/2024,50,Yes,Yes
82740,19859,Soybean,50,10/12/2024,50,Yes,Yes
85713,19865,Soybean,50,26/12/2024,50,Yes,Yes
82634,19866,Soybean,50,09/12/2024,50,Yes,Yes
84220,19871,Soybean,25,24/12/2024,50,Yes,Yes
80437,19873,Soybean,60,10/12/2024,60,Yes,Yes
84219,19878,Soybean,25,05/12/2024,50,Yes,Yes
80477,19882,Soybean,25,13/12/2024,50,Yes,Yes
83726,19883,Soybean,25,02/01/2025,50,Yes,Yes
91548,19885,Groundnuts,20,28/11/2024,35,Yes,Yes
84114,19895,Soybean,25,10/12/2024,35,Yes,Yes
84113,19896,Soybean,28,02/01/2025,35,Yes,Yes
84111,19899,Soybean,25,03/01/2025,35,Yes,Yes
85705,19901,Soybean,25,03/01/2025,45,Yes,Yes
80053,19906,Soybean,50,10/12/2024,30,Yes,Yes
86381,19908,Soybean,25,03/01/2025,50,Yes,Yes
91678,22381,Soybean,25,03/01/2025,45,Yes,Yes
92082,22383,Soybean,25,02/01/2025,45,Yes,Yes
80550,22386,Soybean,25,14/12/2024,50,No,Yes
83537,22391,Soybean,25,01/01/2025,45,Yes,Yes
95050,22392,Soybean,25,22/12/2024,85,Yes,Yes
97386,22395,Soybean,25,30/12/2024,78,Yes,Yes
80552,22415,Soybean,25,11/12/2024,50,No,Yes
82131,22419,Soybean,25,20/12/2024,50,Yes,Yes
79146,22423,Soybean,20,07/12/2024,50,Yes,Yes
103802,22429,Beans,20,05/02/2025,50,No,Yes
89209,22431,Soybean,25,01/01/2025,45,Yes,Yes
91229,22433,Soybean,25,08/01/2025,45,Yes,Yes
105019,22439,Beans,20,08/02/2025,15,No,Yes
88128,22441,Soybean,25,04/01/2025,45,Yes,Yes
91802,22451,Soybean,25,25/11/2024,45,Yes,Yes
105011,22453,Beans,40,05/02/2025,10,No,Yes
81463,22456,Groundnuts,20,15/11/2024,50,Yes,Yes
85363,22457,Soybean,25,09/12/2024,50,Yes,Yes
103697,22459,Beans,10,10/02/2025,50,No,Yes
83060,22467,Soybean,50,26/12/2024,45,Yes,Yes
88130,22469,Soybean,50,07/01/2025,45,Yes,Yes
101570,22488,Soybean,50,08/12/2024,45,Yes,Yes
86445,22493,Groundnuts,20,14/11/2024,20,Yes,Yes
100086,22496,Soybean,25,13/12/2024,45,Yes,Yes
99330,22502,Soybean,25,20/12/2024,45,Yes,Yes
100335,22506,Soybean,25,13/12/2024,45,Yes,Yes
86449,22508,Groundnuts,25,10/11/2024,45,Yes,Yes
93794,22508,Soybean,25,15/11/2024,45,Yes,Yes
94125,22510,Soybean,25,14/11/2024,45,Yes,Yes
98631,22514,Groundnuts,3,22/11/2024,20,Yes,Yes
87814,22518,Groundnuts,20,05/11/2024,30,Yes,Yes
83628,19930,Soybean,50,19/12/2024,45,Yes,Yes
84052,19934,Soybean,50,05/12/2024,45,Yes,Yes
87796,19945,Soybean,50,06/01/2025,50,Yes,Yes
86387,19950,Soybean,25,09/01/2025,45,Yes,Yes
84377,19951,Soybean,25,03/01/2025,35,Yes,Yes
87620,19962,Soybean,25,10/01/2025,45,Yes,Yes
82941,19970,Soybean,25,03/12/2024,45,Yes,Yes
81098,19973,Soybean,50,01/01/2025,45,Yes,Yes
84046,19984,Soybean,25,01/01/2025,50,Yes,Yes
84044,19986,Soybean,50,28/12/2024,50,Yes,Yes
84040,19991,Soybean,25,05/01/2025,50,Yes,Yes
89362,19993,Soybean,25,08/01/2025,50,Yes,Yes
78531,19994,Soybean,50,07/11/2024,50,No,Yes
79615,20001,Soybean,25,10/12/2024,49,Yes,Yes
83383,20007,Soybean,25,10/12/2024,50,Yes,Yes
95752,20019,Soybean,25,11/12/2024,50,Yes,Yes
89208,22523,Soybean,25,04/01/2025,45,Yes,Yes
98643,22537,Groundnuts,20,22/11/2024,20,Yes,Yes
99976,22544,Groundnuts,20,15/11/2024,20,Yes,Yes
95311,22545,Groundnuts,20,12/11/2024,20,Yes,Yes
99304,22549,Soybean,25,22/11/2024,45,Yes,Yes
98634,22553,Soybean,25,20/12/2024,45,Yes,Yes
98638,22555,Soybean,25,15/12/2024,45,Yes,Yes
99306,22556,Groundnuts,20,20/11/2024,20,Yes,Yes
99979,22570,Soybean,25,19/12/2024,45,Yes,Yes
93471,20031,Soybean,25,04/01/2025,50,Yes,Yes
83794,20035,Soybean,1,15/11/2024,50,Yes,Yes
83798,20039,Soybean,1,01/01/2025,50,Yes,Yes
83784,20041,Soybean,1,29/12/2024,50,Yes,Yes
83800,20046,Soybean,1,02/01/2025,50,Yes,Yes
85001,20054,Soybean,25,27/12/2024,50,No,Yes
90843,20058,Soybean,25,04/01/2025,50,Yes,Yes
85278,20059,Soybean,50,03/01/2025,45,No,Yes
89680,20061,Soybean,25,02/01/2025,45,No,Yes
84047,20070,Soybean,25,06/01/2025,50,Yes,Yes
88274,20076,Soybean,50,02/01/2025,45,No,Yes
92079,22575,Soybean,25,02/01/2025,45,Yes,Yes
101786,22583,Beans,20,01/02/2025,10,No,Yes
94251,22588,Soybean,50,28/11/2024,50,No,Yes
99296,22592,Groundnuts,20,21/11/2024,20,Yes,Yes
98633,22600,Soybean,25,26/12/2024,45,Yes,Yes
102714,22609,Beans,20,15/02/2025,45,No,Yes
86756,22613,Soybean,50,26/12/2024,45,Yes,Yes
86754,22614,Soybean,50,26/12/2024,45,Yes,Yes
91531,22615,Soybean,50,03/01/2025,45,Yes,Yes
87456,22617,Soybean,25,03/01/2025,45,Yes,Yes
86957,20080,Soybean,50,16/12/2024,45,No,Yes
89358,20083,Soybean,50,05/01/2025,50,Yes,Yes
89365,20086,Soybean,75,03/01/2025,50,Yes,Yes
89367,20087,Soybean,50,03/01/2025,50,Yes,Yes
89361,20090,Soybean,25,08/01/2025,50,Yes,Yes
89286,20096,Soybean,25,22/12/2024,50,Yes,Yes
89416,20100,Soybean,25,25/12/2024,50,Yes,Yes
80127,20101,Soybean,2,22/12/2024,50,Yes,Yes
79100,20110,Soybean,25,15/12/2024,50,Yes,Yes
87455,22627,Soybean,25,04/01/2025,45,Yes,Yes
79404,22629,Soybean,25,15/12/2024,45,Yes,Yes
90010,22630,Soybean,25,06/01/2025,45,Yes,Yes
91522,22631,Soybean,20,06/01/2025,45,Yes,Yes
81689,22637,Soybean,50,14/12/2024,50,No,Yes
88823,22639,Soybean,25,07/01/2025,50,No,Yes
87487,22649,Soybean,50,03/01/2025,45,Yes,Yes
95772,20111,Soybean,25,10/12/2024,50,Yes,Yes
95761,20113,Soybean,50,18/12/2024,50,Yes,Yes
91043,20125,Soybean,100,18/12/2024,45,Yes,Yes
92030,20126,Soybean,50,28/12/2024,45,Yes,Yes
84300,20129,Soybean,50,22/12/2024,45,No,Yes
77942,20136,Soybean,25,09/12/2024,50,Yes,Yes
79161,20140,Soybean,75,01/12/2024,50,Yes,Yes
85558,20155,Soybean,20,01/12/2024,50,Yes,Yes
78714,20160,Soybean,20,15/12/2024,50,Yes,Yes
79049,20161,Soybean,30,16/12/2024,50,No,Yes
79915,22654,Soybean,75,20/12/2024,92,Yes,Yes
97064,22659,Soybean,75,29/12/2024,47,Yes,Yes
87485,22662,Groundnuts,20,28/12/2024,45,No,Yes
87489,22668,Groundnuts,20,30/12/2024,45,No,Yes
80095,22671,Soybean,25,09/12/2024,45,Yes,Yes
90121,22680,Soybean,25,10/01/2025,50,Yes,Yes
78803,20163,Soybean,25,10/12/2024,50,Yes,Yes
77924,20164,Soybean,25,02/12/2024,50,Yes,Yes
79945,20175,Soybean,50,25/11/2024,50,Yes,Yes
87052,20177,Soybean,50,17/12/2024,45,No,Yes
85193,20180,Soybean,25,19/12/2024,50,No,Yes
90801,20184,Soybean,50,02/01/2025,45,No,Yes
80948,20193,Soybean,25,12/12/2024,50,Yes,Yes
90038,20199,Soybean,50,01/01/2025,50,Yes,Yes
88126,22686,Soybean,25,02/01/2025,45,Yes,Yes
82692,22689,Soybean,25,14/12/2024,50,No,Yes
88127,22690,Soybean,25,03/01/2025,45,Yes,Yes
99519,22693,Soybean,50,01/01/2025,45,Yes,Yes
80858,22698,Soybean,1,18/12/2024,50,Yes,Yes
95133,22710,Soybean,25,08/01/2025,50,Yes,Yes
86379,22711,Soybean,50,06/01/2025,50,Yes,Yes
100692,22713,Soybean,25,20/12/2024,50,Yes,Yes
86375,22717,Soybean,50,01/01/2025,50,Yes,Yes
95144,22718,Soybean,25,26/11/2024,60,Yes,Yes
79298,22721,Soybean,25,10/12/2024,55,Yes,Yes
93352,22722,Soybean,25,10/01/2025,45,Yes,Yes
79301,22723,Soybean,25,28/11/2024,55,Yes,Yes
84534,22729,Soybean,25,09/12/2024,50,Yes,Yes
82525,22733,Soybean,25,29/12/2024,45,No,Yes
86435,22734,Soybean,25,19/12/2024,45,No,Yes
86875,22735,Soybean,25,29/12/2024,46,No,Yes
83883,22737,Soybean,25,30/12/2024,40,No,Yes
83889,22739,Soybean,25,29/12/2024,41,No,Yes
89169,20200,Soybean,25,02/01/2025,50,Yes,Yes
93441,20208,Soybean,50,06/01/2025,20,Yes,Yes
91184,20210,Soybean,50,02/01/2025,20,Yes,Yes
93467,20211,Soybean,25,13/01/2025,20,Yes,Yes
87210,20212,Soybean,50,17/12/2024,50,Yes,Yes
80435,20222,Soybean,75,17/11/2024,50,Yes,Yes
78751,20236,Soybean,50,18/12/2024,5,Yes,Yes
91014,20240,Soybean,25,01/01/2025,50,Yes,Yes
90203,20241,Soybean,25,02/01/2025,50,Yes,Yes
78546,20242,Soybean,25,18/12/2024,5,Yes,Yes
90351,20243,Soybean,50,02/01/2025,50,Yes,Yes
83895,22743,Soybean,25,19/12/2024,45,No,Yes
86877,22748,Soybean,25,17/12/2024,45,No,Yes
83039,22753,Soybean,25,19/12/2024,47,No,Yes
83893,22758,Soybean,25,19/12/2024,40,No,Yes
95143,22764,Soybean,25,06/11/2024,50,Yes,Yes
97411,22765,Soybean,25,26/12/2024,50,Yes,Yes
95142,22770,Soybean,25,06/01/2025,50,Yes,Yes
95130,22774,Soybean,50,08/01/2025,50,Yes,Yes
93358,22780,Soybean,50,07/01/2025,45,Yes,Yes
93359,22781,Soybean,50,08/01/2025,45,Yes,Yes
95055,22785,Soybean,25,15/12/2024,50,Yes,Yes
87680,22793,Soybean,25,23/12/2024,50,Yes,Yes
99176,22798,Groundnuts,20,14/12/2024,20,Yes,Yes
95053,22799,Groundnuts,20,14/12/2024,20,Yes,Yes
99177,22801,Groundnuts,20,13/12/2024,20,Yes,Yes
100675,22803,Soybean,25,19/12/2024,50,Yes,Yes
99184,22810,Groundnuts,20,14/12/2024,20,Yes,Yes
99187,22813,Soybean,25,21/12/2024,50,Yes,Yes
99196,22821,Soybean,50,21/12/2024,50,Yes,Yes
78547,20244,Soybean,25,02/12/2024,5,Yes,Yes
78757,20255,Soybean,25,18/12/2024,5,Yes,Yes
90250,20256,Soybean,25,03/01/2025,50,Yes,Yes
82834,20276,Soybean,50,02/01/2025,50,Yes,Yes
90242,20277,Soybean,50,03/01/2025,50,Yes,Yes
84349,20282,Soybean,100,15/12/2024,45,Yes,Yes
78809,20285,Soybean,25,13/12/2024,50,Yes,Yes
77845,20290,Soybean,50,01/12/2024,5,Yes,Yes
78544,20291,Soybean,50,09/12/2024,5,Yes,Yes
91015,20297,Soybean,50,06/01/2025,50,Yes,Yes
84461,20301,Soybean,50,15/12/2024,45,No,Yes
82266,20306,Groundnuts,20,02/12/2024,50,No,Yes
80742,20314,Soybean,25,16/12/2024,70,Yes,Yes
84530,20315,Soybean,50,27/12/2024,45,Yes,Yes
84457,20317,Soybean,50,07/12/2024,45,No,Yes
87852,20319,Soybean,25,15/12/2024,45,Yes,Yes
82651,20327,Soybean,25,08/12/2024,45,Yes,Yes
82601,20331,Soybean,25,09/12/2024,45,Yes,Yes
93792,20338,Groundnuts,20,18/12/2024,65,Yes,Yes
93802,20342,Soybean,25,19/12/2024,45,Yes,Yes
87850,20345,Soybean,50,22/12/2024,45,Yes,Yes
89624,20358,Soybean,75,30/12/2024,50,No,Yes
80712,20360,Soybean,25,20/12/2024,50,No,Yes
89623,20368,Soybean,75,31/12/2024,50,No,Yes
78132,20378,Soybean,50,02/12/2024,50,Yes,Yes
77886,20381,Soybean,50,03/12/2024,50,Yes,Yes
81720,20383,Groundnuts,20,25/01/2025,50,No,Yes
78600,20383,Soybean,25,10/12/2024,50,Yes,Yes
88846,20386,Soybean,50,30/12/2024,5,Yes,Yes
91640,20388,Soybean,50,04/01/2025,45,No,Yes
77941,20395,Groundnuts,10,01/12/2024,50,No,Yes
90620,20399,Soybean,25,03/01/2025,45,No,Yes
90622,20402,Soybean,25,31/12/2024,45,No,Yes
88854,20409,Soybean,50,06/01/2025,45,Yes,Yes
91621,20410,Soybean,25,01/01/2025,45,No,Yes
88849,20421,Soybean,25,05/01/2025,50,Yes,Yes
89778,20423,Soybean,25,03/01/2025,45,No,Yes
89779,20424,Soybean,25,02/01/2025,45,Yes,Yes
91615,20425,Soybean,25,02/01/2025,13,No,Yes
78496,20428,Groundnuts,20,30/12/2024,45,Yes,Yes
89598,20431,Soybean,50,07/01/2025,45,No,Yes
91891,22826,Soybean,25,20/12/2024,50,Yes,Yes
85886,22827,Soybean,25,04/01/2025,19,Yes,Yes
85924,22830,Soybean,25,28/12/2024,45,Yes,Yes
85894,22832,Soybean,25,27/12/2024,45,Yes,Yes
86648,22854,Soybean,25,03/01/2025,45,Yes,Yes
86618,22872,Soybean,25,30/12/2024,45,Yes,Yes
88433,22880,Soybean,25,19/12/2024,45,Yes,Yes
87919,22892,Soybean,50,18/12/2024,50,Yes,Yes
84965,22893,Soybean,25,08/01/2025,50,Yes,Yes
89694,22898,Soybean,25,24/12/2024,50,Yes,Yes
89693,22901,Soybean,25,06/01/2025,50,Yes,Yes
90022,22903,Soybean,25,06/12/2024,50,Yes,Yes
81821,22909,Soybean,25,16/12/2024,50,Yes,Yes
81823,22917,Soybean,25,30/12/2024,50,Yes,Yes
81516,22919,Soybean,25,18/12/2024,50,Yes,Yes
102452,22923,Beans,40,08/02/2025,15,No,Yes
83061,22924,Soybean,50,09/12/2024,50,Yes,Yes
83249,22926,Soybean,25,17/12/2024,50,Yes,Yes
84023,20450,Soybean,25,02/01/2025,45,Yes,Yes
80813,20464,Soybean,25,07/12/2024,45,No,No
92629,20474,Soybean,1,10/12/2024,45,Yes,Yes
88786,20487,Soybean,50,08/01/2025,45,Yes,Yes
85103,20496,Soybean,50,20/12/2024,50,No,Yes
85750,20508,Soybean,25,16/12/2024,45,No,Yes
78685,20510,Soybean,15,10/12/2024,50,Yes,Yes
86033,20512,Soybean,25,15/12/2024,60,No,Yes
88781,20528,Soybean,25,11/01/2025,45,Yes,Yes
85739,20533,Soybean,50,01/01/2025,45,Yes,Yes
83270,22929,Soybean,25,02/01/2025,50,Yes,Yes
79066,22932,Soybean,25,09/12/2024,50,Yes,Yes
83227,22933,Soybean,25,01/01/2025,50,Yes,Yes
100907,22939,Soybean,25,02/01/2025,75,Yes,Yes
79542,22941,Soybean,50,02/12/2024,47,Yes,Yes
92436,22954,Soybean,25,13/12/2024,60,Yes,Yes
101893,22956,Beans,20,02/02/2025,15,No,Yes
84260,22959,Soybean,25,12/12/2024,50,Yes,Yes
84066,22960,Soybean,75,09/12/2024,50,Yes,Yes
80944,22963,Soybean,50,09/12/2024,50,Yes,Yes
80068,22968,Soybean,25,10/12/2024,50,Yes,Yes
79724,22972,Soybean,75,09/12/2024,50,Yes,Yes
79065,22973,Soybean,25,09/12/2024,50,Yes,Yes
82924,22978,Soybean,25,01/01/2025,45,Yes,Yes
83689,22986,Soybean,25,29/12/2024,45,Yes,Yes
82776,22987,Soybean,50,01/01/2025,45,Yes,Yes
88865,22990,Groundnuts,20,15/12/2024,50,No,Yes
104648,22991,Beans,20,04/02/2025,60,No,Yes
104636,22992,Beans,60,05/02/2025,60,No,Yes
103029,22995,Beans,20,06/02/2025,60,No,Yes
104631,22996,Beans,60,04/02/2025,60,No,Yes
104629,22998,Beans,60,04/02/2025,60,No,Yes
103021,23005,Beans,20,04/02/2025,60,No,Yes
89369,20535,Soybean,250,29/12/2024,35,Yes,Yes
86650,20538,Soybean,25,15/12/2024,45,No,Yes
85195,20546,Soybean,25,01/01/2025,50,Yes,Yes
80048,20557,Soybean,50,05/12/2024,45,No,Yes
87051,20558,Soybean,25,11/12/2024,45,No,Yes
84364,20559,Soybean,25,15/12/2024,45,No,Yes
79309,20560,Groundnuts,20,12/11/2024,50,Yes,Yes
81565,20561,Groundnuts,20,23/12/2024,50,Yes,Yes
90912,20562,Soybean,50,27/12/2024,45,Yes,Yes
90906,20565,Soybean,50,27/12/2024,45,Yes,Yes
81381,23018,Groundnuts,60,21/11/2024,50,Yes,Yes
85183,23020,Soybean,25,28/12/2024,60,Yes,Yes
88864,23021,Groundnuts,20,20/12/2024,50,No,Yes
86000,23031,Soybean,25,18/12/2024,60,Yes,Yes
86850,23032,Soybean,25,12/12/2024,60,Yes,No
86793,23037,Soybean,25,01/01/2025,60,Yes,No
92539,23040,Soybean,25,09/01/2025,55,Yes,Yes
88871,23041,Groundnuts,40,18/12/2024,50,No,Yes
87377,23044,Soybean,25,12/01/2025,60,No,No
92049,20568,Soybean,25,09/12/2024,45,Yes,Yes
80523,20578,Soybean,50,14/12/2024,45,Yes,Yes
80152,20580,Soybean,100,15/12/2024,45,Yes,Yes
80150,20582,Soybean,50,10/12/2024,45,Yes,Yes
84973,20589,Soybean,50,28/12/2024,45,Yes,Yes
92481,20594,Soybean,75,27/12/2024,55,Yes,Yes
96222,20600,Soybean,75,08/01/2025,80,Yes,Yes
100911,20601,Soybean,25,02/01/2025,75,Yes,Yes
100917,20613,Soybean,25,06/01/2025,85,Yes,Yes
85088,20619,Soybean,25,14/12/2024,50,No,Yes
84984,20625,Soybean,25,18/12/2024,50,No,Yes
85294,20627,Soybean,25,03/01/2025,50,No,Yes
78524,20628,Soybean,75,05/12/2024,50,Yes,Yes
86335,20634,Soybean,50,06/01/2025,50,Yes,Yes
88672,20637,Soybean,25,18/12/2024,50,Yes,Yes
85344,20638,Soybean,75,14/12/2024,50,Yes,Yes
85342,20639,Soybean,25,14/12/2024,50,Yes,Yes
85853,20645,Soybean,25,03/01/2025,45,Yes,Yes
95005,20652,Soybean,25,30/12/2024,55,Yes,Yes
88763,20676,Soybean,25,06/01/2025,45,Yes,Yes
88760,20678,Soybean,25,10/01/2025,45,Yes,Yes
96912,23055,Soybean,25,18/12/2024,50,Yes,Yes
87423,23056,Beans,25,19/12/2024,60,No,No
85182,23062,Soybean,25,17/12/2024,60,Yes,Yes
81712,23064,Soybean,4,28/12/2024,30,Yes,Yes
91258,23065,Soybean,25,02/01/2025,50,Yes,Yes
82140,23069,Soybean,25,17/01/2025,60,Yes,Yes
82143,23070,Soybean,25,27/12/2024,60,Yes,Yes
82128,23071,Soybean,25,17/12/2024,50,Yes,Yes
101936,23077,Beans,20,19/02/2025,10,No,Yes
88877,23086,Groundnuts,20,17/12/2024,50,No,Yes
84463,23088,Groundnuts,20,03/01/2025,40,Yes,Yes
85184,23107,Soybean,25,19/12/2024,60,Yes,Yes
86004,23113,Soybean,25,01/01/2025,60,Yes,Yes
85205,23116,Soybean,25,26/12/2024,60,Yes,Yes
83826,23119,Soybean,50,30/12/2024,45,Yes,Yes
101898,23123,Beans,20,01/02/2025,10,No,Yes
91047,23129,Soybean,25,20/12/2024,5,Yes,Yes
85357,23134,Soybean,50,25/12/2024,18,Yes,Yes
88489,23138,Soybean,25,02/01/2025,50,Yes,Yes
98418,23140,Soybean,25,28/12/2024,50,Yes,Yes
87080,23146,Soybean,25,03/01/2025,45,Yes,Yes
86996,23147,Soybean,50,01/01/2025,45,Yes,Yes
79205,20684,Soybean,50,08/12/2024,50,No,Yes
79243,20686,Soybean,25,06/12/2024,50,No,Yes
80146,20689,Soybean,50,15/11/2024,50,Yes,Yes
81584,20697,Soybean,50,16/12/2024,50,Yes,Yes
80771,20706,Groundnuts,60,03/12/2024,35,No,Yes
83849,20710,Soybean,75,13/12/2024,50,Yes,Yes
83850,20711,Soybean,50,24/12/2024,50,Yes,Yes
83851,20712,Soybean,50,13/12/2024,50,Yes,Yes
83852,20713,Soybean,75,06/12/2024,50,Yes,Yes
90799,20721,Soybean,50,04/01/2025,46,No,Yes
103735,20723,Beans,40,05/02/2025,75,No,Yes
87306,23155,Soybean,25,29/12/2024,45,Yes,Yes
103549,23161,Beans,40,04/02/2025,50,No,Yes
89092,23162,Soybean,25,01/01/2025,45,Yes,Yes
103582,23164,Beans,40,04/02/2025,50,No,Yes
89042,23166,Soybean,25,01/01/2025,45,Yes,Yes
82562,23173,Soybean,25,17/12/2024,50,No,Yes
90267,23189,Groundnuts,40,19/12/2024,50,Yes,Yes
83091,23200,Soybean,25,26/11/2024,50,No,Yes
86274,23213,Soybean,50,23/12/2024,45,Yes,Yes
85302,23219,Soybean,25,01/01/2025,45,Yes,Yes
89766,20724,Soybean,25,05/01/2025,45,Yes,Yes
83853,20727,Soybean,25,08/12/2024,50,Yes,Yes
83858,20733,Soybean,25,26/12/2024,45,Yes,Yes
83860,20737,Soybean,50,23/12/2024,45,Yes,Yes
88669,20738,Soybean,100,19/12/2024,50,Yes,Yes
99581,20744,Soybean,25,30/12/2024,60,Yes,Yes
82378,20748,Soybean,50,23/12/2024,50,Yes,Yes
82435,20749,Soybean,50,24/12/2024,50,Yes,Yes
82434,20758,Soybean,25,20/12/2024,50,Yes,Yes
82379,20760,Soybean,25,25/12/2024,50,Yes,Yes
90302,20766,Soybean,25,31/12/2024,50,Yes,Yes
83455,20768,Soybean,125,29/12/2024,45,No,Yes
90361,20775,Soybean,25,28/12/2024,50,No,Yes
89420,20776,Soybean,75,18/12/2024,50,No,Yes
89421,20780,Soybean,25,10/12/2024,50,No,Yes
88207,20785,Soybean,50,19/12/2024,50,Yes,Yes
86528,20789,Soybean,25,11/12/2024,45,Yes,Yes
87693,20790,Soybean,25,16/12/2024,45,Yes,Yes
87690,20792,Soybean,25,16/12/2024,45,Yes,Yes
93020,20793,Soybean,25,14/12/2024,60,Yes,No
85409,20798,Soybean,25,05/01/2025,45,Yes,Yes
87090,20809,Soybean,25,17/12/2024,45,Yes,Yes
84478,20819,Soybean,45,17/12/2024,12,Yes,Yes
88895,20820,Soybean,25,17/12/2024,45,Yes,Yes
88711,20851,Soybean,25,08/01/2025,50,Yes,Yes
88710,20852,Soybean,75,09/01/2025,50,Yes,Yes
87297,20858,Soybean,50,21/01/2025,50,Yes,Yes
91334,20864,Soybean,25,02/01/2025,50,Yes,Yes
90582,20866,Soybean,25,08/01/2025,50,Yes,Yes
88253,20868,Soybean,25,08/01/2025,50,Yes,Yes
80082,20869,Soybean,25,15/12/2024,45,Yes,Yes
79707,20870,Soybean,25,15/12/2024,45,Yes,Yes
93065,23236,Soybean,50,31/12/2024,60,No,No
93142,23237,Soybean,25,18/12/2024,60,Yes,No
79532,23247,Soybean,25,09/12/2024,50,No,Yes
102453,23257,Beans,40,06/02/2025,15,No,Yes
81933,23260,Soybean,25,21/12/2024,45,Yes,Yes
107966,23268,Beans,40,10/02/2025,10,No,Yes
82965,23269,Soybean,25,21/12/2024,50,Yes,Yes
107936,23274,Beans,80,14/02/2025,60,No,Yes
87929,23275,Soybean,25,03/12/2024,49,Yes,Yes
91784,23277,Soybean,50,02/12/2024,48,Yes,Yes
96425,23280,Soybean,25,08/01/2025,60,Yes,Yes
80486,23288,Soybean,50,10/12/2024,60,Yes,Yes
80309,23289,Soybean,25,05/12/2024,92,Yes,Yes
99732,23295,Groundnuts,20,12/11/2024,20,No,Yes
87153,23297,Soybean,50,12/12/2024,45,Yes,Yes
87337,23298,Soybean,50,02/01/2025,45,Yes,Yes
107988,23305,Beans,20,06/02/2025,10,No,Yes
108960,24550,Beans,10,08/02/2025,60,No,Yes
86773,24555,Groundnuts,30,24/12/2024,75,No,Yes
108967,24558,Beans,10,07/02/2025,60,No,Yes
88550,24559,Groundnuts,20,26/12/2024,75,No,Yes
87022,24566,Groundnuts,30,25/12/2024,75,No,Yes
108970,24568,Beans,10,09/02/2025,60,No,Yes
87977,24572,Groundnuts,20,20/12/2024,45,No,Yes
87990,24572,Soybean,25,27/12/2024,45,No,Yes
81140,24577,Groundnuts,20,20/12/2024,45,No,Yes
81141,24577,Soybean,25,23/12/2024,45,No,Yes
82321,24579,Soybean,25,15/12/2024,50,No,Yes
82797,24589,Soybean,50,02/01/2025,50,No,Yes
87064,24594,Soybean,50,27/12/2024,50,No,Yes
87067,24595,Soybean,50,30/12/2024,50,No,Yes
102905,24597,Beans,40,06/02/2025,80,No,Yes
103310,24598,Beans,20,08/02/2025,90,No,Yes
87997,24605,Soybean,25,01/01/2025,45,No,Yes
103313,24610,Beans,20,09/02/2025,70,No,Yes
111679,24611,Beans,20,06/02/2025,13,No,No
86456,24616,Groundnuts,20,30/12/2024,75,No,Yes
86915,24619,Groundnuts,20,28/12/2024,75,No,Yes
87096,24623,Groundnuts,20,29/12/2024,75,No,Yes
86461,24628,Groundnuts,20,27/12/2024,75,No,Yes
89102,24632,Groundnuts,15,29/12/2024,75,No,Yes
87113,24634,Groundnuts,20,27/12/2024,75,No,Yes
86920,24645,Groundnuts,20,28/12/2024,75,No,Yes
79218,22167,Soybean,75,22/11/2024,45,No,Yes
84226,22168,Soybean,75,28/12/2024,45,Yes,Yes
89583,22169,Soybean,50,20/12/2024,45,Yes,Yes
88193,22170,Soybean,25,13/12/2024,45,Yes,Yes
91781,22176,Soybean,25,05/12/2024,47,Yes,Yes
80282,22181,Soybean,25,05/12/2024,46,Yes,Yes
89637,22182,Soybean,50,25/11/2024,75,Yes,Yes
92392,22186,Soybean,25,29/12/2024,45,Yes,Yes
81866,22194,Soybean,25,08/12/2024,50,Yes,Yes
79187,22199,Groundnuts,20,06/12/2024,50,No,Yes
79150,22201,Soybean,25,14/12/2024,50,Yes,Yes
79683,22208,Soybean,25,12/12/2024,50,Yes,Yes
82529,22213,Soybean,25,31/12/2024,45,No,Yes
83290,22219,Soybean,20,30/11/2024,50,Yes,Yes
80480,22226,Soybean,25,17/12/2024,80,Yes,Yes
82758,22231,Soybean,50,22/12/2024,50,Yes,Yes
79841,22236,Groundnuts,20,15/11/2024,50,Yes,Yes
85681,22242,Groundnuts,20,21/12/2024,50,No,Yes
79970,22247,Soybean,50,20/12/2024,82,Yes,Yes
82762,22253,Soybean,50,11/12/2024,50,Yes,Yes
86869,22260,Soybean,25,19/12/2024,46,No,Yes
86887,22266,Soybean,25,12/12/2024,40,No,Yes
81379,22278,Groundnuts,20,29/12/2024,50,Yes,Yes
85407,22286,Soybean,25,29/12/2024,45,Yes,Yes
106928,22292,Beans,20,11/02/2025,7,No,Yes
107599,22298,Beans,20,18/02/2025,10,No,Yes
80244,22308,Soybean,100,09/11/2024,45,No,Yes
90728,22309,Soybean,25,26/12/2024,65,Yes,Yes
84321,22310,Soybean,25,15/12/2024,50,Yes,Yes
87983,22314,Groundnuts,20,17/12/2024,50,No,Yes
83927,22317,Soybean,25,18/12/2024,45,Yes,Yes
83930,22319,Soybean,50,27/12/2024,50,Yes,Yes
83928,22320,Soybean,50,18/12/2024,45,Yes,Yes
82956,22321,Soybean,25,26/12/2024,50,Yes,Yes
102712,22325,Beans,40,11/02/2025,60,No,Yes
94141,22331,Soybean,25,05/01/2025,45,No,Yes
103810,22342,Beans,20,07/02/2025,60,No,Yes
103878,22343,Beans,40,03/02/2025,50,No,Yes
87094,24648,Groundnuts,10,29/12/2024,75,No,Yes
87762,24653,Groundnuts,10,01/01/2025,75,No,Yes
88218,24657,Groundnuts,10,01/01/2025,75,No,Yes
87764,24660,Groundnuts,20,29/12/2024,75,No,Yes
88224,24661,Groundnuts,20,31/12/2024,75,No,Yes
88225,24672,Groundnuts,20,28/12/2024,75,No,Yes
87009,24674,Groundnuts,40,01/01/2025,50,No,Yes
87007,24675,Groundnuts,20,03/01/2025,50,No,Yes
87006,24678,Groundnuts,40,03/01/2025,50,No,Yes
86305,24679,Soybean,25,30/12/2024,50,Yes,Yes
85075,24686,Soybean,25,10/12/2024,50,No,Yes
78695,24689,Soybean,15,15/12/2024,50,Yes,Yes
81984,24690,Soybean,25,11/12/2024,50,Yes,Yes
88030,24696,Soybean,25,27/12/2024,50,Yes,Yes
115570,24697,Beans,40,02/02/2025,50,No,Yes
85197,24698,Groundnuts,20,13/11/2024,45,No,Yes
85196,24698,Soybean,25,11/12/2024,45,No,Yes
83376,24705,Soybean,25,10/12/2024,45,No,Yes
83540,24721,Soybean,25,10/12/2024,45,No,Yes
89717,24722,Groundnuts,20,19/12/2024,45,No,Yes
87065,24728,Soybean,25,23/12/2024,50,No,Yes
87062,24736,Soybean,25,20/12/2024,50,No,Yes
87059,24750,Soybean,25,01/01/2025,50,No,Yes
82566,24752,Soybean,25,28/12/2024,50,No,Yes
88750,24753,Soybean,25,03/01/2025,45,Yes,Yes
82575,24754,Soybean,25,27/12/2024,60,No,Yes
83087,24755,Soybean,25,21/12/2024,50,Yes,Yes
103389,24756,Beans,20,01/02/2025,72,No,Yes
89656,24760,Soybean,25,10/12/2024,48,Yes,Yes
88252,24764,Soybean,25,18/12/2024,50,Yes,Yes
90755,24768,Beans,100,28/12/2024,45,Yes,No
90741,24769,Soybean,25,17/12/2024,70,Yes,No
88905,24771,Soybean,25,03/01/2025,23,Yes,Yes
105137,24778,Beans,20,03/02/2025,10,No,Yes
111776,24779,Beans,20,05/02/2025,10,No,Yes
93152,24785,Soybean,25,07/02/2025,45,Yes,Yes
90291,24794,Soybean,25,17/12/2024,60,Yes,Yes
102557,24798,Beans,20,03/02/2025,60,No,Yes
87151,24799,Soybean,25,19/12/2024,50,Yes,Yes
88171,24805,Soybean,25,10/12/2024,45,Yes,Yes
80753,22346,Soybean,20,07/12/2024,50,Yes,Yes
107602,22349,Beans,20,11/02/2025,10,No,Yes
95125,22358,Soybean,25,04/01/2025,45,No,Yes
86935,22366,Soybean,25,05/01/2025,45,No,Yes
85748,22376,Soybean,25,11/01/2025,45,Yes,Yes
82079,22380,Groundnuts,20,05/12/2024,50,No,Yes
82691,22382,Soybean,25,11/12/2024,50,No,Yes
91676,22384,Soybean,25,01/01/2025,45,Yes,Yes
91336,22389,Soybean,25,06/01/2025,45,Yes,Yes
103806,22400,Beans,20,06/02/2025,60,No,Yes
94913,22412,Soybean,25,15/12/2024,75,Yes,Yes
88267,22416,Soybean,25,01/01/2025,45,Yes,Yes
91226,22418,Soybean,25,03/01/2025,45,Yes,Yes
83631,22420,Soybean,50,12/12/2024,45,Yes,Yes
105020,22422,Beans,20,12/02/2025,10,No,Yes
103801,22425,Beans,80,10/02/2025,50,No,Yes
79490,22430,Soybean,25,16/11/2024,55,No,Yes
105018,22432,Beans,20,05/02/2025,10,No,Yes
88123,22437,Soybean,25,03/01/2025,45,Yes,Yes
103799,22438,Beans,20,05/02/2025,50,No,Yes
83058,22455,Soybean,50,03/12/2024,45,Yes,Yes
108620,24812,Beans,20,19/02/2025,30,No,Yes
80878,24823,Soybean,50,18/12/2024,50,No,No
110750,24825,Beans,40,04/02/2025,10,No,Yes
81970,24830,Soybean,25,12/12/2024,25,Yes,Yes
90777,24834,Soybean,25,26/11/2024,45,Yes,Yes
84141,24835,Soybean,25,23/12/2024,50,Yes,Yes
108311,24838,Beans,20,29/01/2025,10,No,No
80879,24840,Soybean,50,22/11/2024,50,No,Yes
108331,24844,Beans,20,30/01/2025,10,No,Yes
88246,24845,Soybean,25,18/12/2024,50,Yes,Yes
77881,24855,Soybean,25,08/12/2024,55,Yes,Yes
79956,24857,Soybean,25,16/12/2024,55,Yes,Yes
81929,24861,Soybean,25,07/12/2024,45,Yes,Yes
81743,24862,Soybean,25,27/11/2024,60,Yes,Yes
89917,24869,Soybean,25,28/11/2024,50,Yes,Yes
92664,24877,Soybean,50,04/01/2025,45,Yes,Yes
111305,24878,Beans,20,02/02/2025,10,No,Yes
108332,24879,Beans,20,01/02/2025,10,No,No
86334,24880,Soybean,25,05/01/2025,50,Yes,Yes
101752,24881,Beans,20,05/02/2025,10,Yes,Yes
111923,24885,Beans,20,04/02/2025,10,No,Yes
83251,24888,Soybean,25,20/12/2024,50,Yes,Yes
101757,24891,Beans,20,08/02/2025,10,Yes,Yes
106932,24894,Beans,20,04/02/2025,10,No,Yes
83057,22461,Soybean,50,14/11/2024,45,Yes,Yes
101568,22464,Soybean,25,07/12/2024,45,Yes,Yes
81461,22465,Soybean,50,04/01/2025,45,Yes,Yes
81464,22466,Groundnuts,20,18/11/2024,45,Yes,Yes
91799,22472,Soybean,25,10/12/2024,45,Yes,Yes
105016,22479,Beans,20,07/02/2025,10,No,Yes
79488,22481,Soybean,25,02/12/2024,55,No,Yes
78436,22484,Groundnuts,60,22/11/2024,50,Yes,Yes
100078,22493,Soybean,25,20/12/2024,45,Yes,Yes
99294,22495,Soybean,25,19/12/2024,45,Yes,Yes
99299,22499,Soybean,25,15/12/2024,45,Yes,Yes
99326,22500,Groundnuts,20,13/11/2024,20,Yes,Yes
93788,22503,Soybean,25,12/12/2024,45,Yes,Yes
99946,22505,Soybean,25,20/12/2024,45,Yes,Yes
99302,22511,Soybean,25,20/11/2024,45,Yes,Yes
97769,22512,Soybean,25,22/11/2024,45,Yes,Yes
98193,22513,Soybean,50,22/11/2024,45,Yes,Yes
96875,22524,Groundnuts,20,14/11/2024,20,Yes,Yes
99318,22524,Soybean,25,11/12/2024,45,Yes,Yes
95317,22526,Groundnuts,20,14/11/2024,20,Yes,Yes
92733,24902,Soybean,25,03/12/2024,50,No,Yes
101830,24921,Beans,20,05/02/2025,10,Yes,Yes
105038,24932,Beans,20,06/02/2025,10,No,Yes
105954,24936,Beans,20,28/01/2025,50,No,Yes
88027,24939,Soybean,25,19/12/2024,45,Yes,Yes
88244,24940,Soybean,25,26/12/2024,50,Yes,Yes
100079,22529,Soybean,25,20/12/2024,15,Yes,Yes
95318,22532,Soybean,50,20/11/2024,45,Yes,Yes
98646,22540,Groundnuts,20,15/11/2024,20,Yes,Yes
94132,22544,Soybean,20,20/11/2024,20,Yes,Yes
103755,22547,Beans,20,08/02/2025,50,No,Yes
99978,22548,Soybean,25,20/12/2024,45,Yes,Yes
93785,22550,Groundnuts,20,20/11/2024,20,Yes,Yes
98077,22554,Soybean,25,17/12/2024,45,Yes,Yes
100365,22558,Groundnuts,20,15/11/2024,20,Yes,Yes
98082,22561,Soybean,25,22/12/2024,45,Yes,Yes
98081,22562,Soybean,25,20/12/2024,45,Yes,Yes
91227,22571,Soybean,25,03/01/2025,45,Yes,Yes
103716,22574,Beans,40,17/02/2025,60,No,Yes
91335,22577,Soybean,25,08/01/2025,45,Yes,Yes
84680,22578,Soybean,25,13/12/2024,50,Yes,Yes
92080,22580,Soybean,25,08/01/2025,45,Yes,Yes
103706,22581,Beans,80,10/02/2025,60,No,Yes
100080,22593,Soybean,25,15/11/2024,45,Yes,Yes
100082,22595,Soybean,25,14/12/2024,45,Yes,Yes
94252,22597,Soybean,50,24/12/2024,45,No,Yes
97770,22598,Soybean,25,13/11/2024,45,Yes,Yes
87060,24948,Soybean,25,20/12/2024,50,No,Yes
102560,24950,Beans,20,03/02/2025,60,No,Yes
105953,24951,Beans,20,04/02/2025,50,No,Yes
101935,24964,Beans,20,02/02/2025,10,No,Yes
101897,24965,Beans,20,02/02/2025,10,No,Yes
81182,24969,Soybean,25,11/12/2024,50,Yes,Yes
96351,24972,Soybean,50,01/01/2025,45,Yes,Yes
87161,24973,Soybean,50,03/01/2025,45,Yes,Yes
80021,24985,Soybean,25,17/12/2024,59,Yes,Yes
86145,24986,Soybean,25,19/12/2024,50,Yes,Yes
100071,22602,Soybean,25,20/12/2024,45,Yes,Yes
83004,22605,Soybean,25,24/12/2024,50,Yes,Yes
85560,22611,Soybean,100,28/12/2024,45,Yes,Yes
86752,22612,Soybean,100,27/12/2024,45,Yes,Yes
91516,22616,Soybean,50,03/01/2025,45,Yes,Yes
91517,22618,Soybean,25,04/01/2025,45,Yes,Yes
89318,22623,Groundnuts,40,04/01/2025,58,No,Yes
80649,22628,Soybean,25,10/12/2024,45,Yes,Yes
82970,22635,Soybean,25,13/12/2024,50,No,Yes
87159,24989,Soybean,25,04/01/2025,45,Yes,Yes
93998,25003,Groundnuts,20,01/01/2025,50,No,Yes
111051,25007,Beans,20,01/02/2025,10,No,Yes
102247,25009,Beans,20,01/02/2025,10,No,Yes
85416,25011,Soybean,25,10/01/2025,50,Yes,Yes
89086,25017,Soybean,50,19/12/2024,7,Yes,Yes
93825,25019,Soybean,25,04/01/2025,45,Yes,Yes
89277,25020,Soybean,25,02/01/2025,45,Yes,Yes
87163,25022,Soybean,25,01/01/2025,45,Yes,Yes
85392,25030,Soybean,25,22/12/2024,15,Yes,Yes
88822,22638,Soybean,25,01/01/2025,50,No,Yes
81687,22641,Soybean,25,29/11/2024,50,No,Yes
85945,22648,Groundnuts,20,28/12/2024,45,No,Yes
113393,22655,Soybean,5,22/12/2024,45,Yes,Yes
103938,22661,Beans,20,05/02/2025,50,No,Yes
87491,22669,Groundnuts,20,31/12/2024,45,No,Yes
87493,22671,Groundnuts,20,26/12/2024,45,No,Yes
84596,22672,Soybean,1,24/12/2024,50,Yes,Yes
87361,25035,Soybean,25,10/12/2024,60,No,No
117171,25038,Beans,20,01/03/2025,10,No,Yes
91743,2504,Soybean,50,25/12/2024,65,Yes,Yes
117166,25040,Beans,20,05/03/2025,10,No,Yes
85114,25053,Soybean,25,29/12/2024,15,Yes,Yes
103406,25054,Beans,60,02/02/2025,50,No,Yes
84389,25065,Soybean,25,20/12/2024,50,Yes,Yes
86077,25066,Soybean,25,02/01/2025,45,No,Yes
96280,25072,Soybean,50,12/01/2025,50,Yes,Yes
90122,22675,Soybean,50,20/12/2024,50,Yes,Yes
86857,22681,Soybean,25,07/01/2025,50,Yes,Yes
88124,22684,Soybean,25,03/01/2025,45,Yes,Yes
79578,22687,Soybean,50,12/12/2024,50,Yes,Yes
84536,22700,Soybean,50,18/12/2024,50,Yes,Yes
91972,22701,Soybean,25,06/01/2025,50,Yes,Yes
91977,22702,Soybean,25,09/01/2025,50,Yes,Yes
93350,22707,Soybean,25,05/01/2025,50,Yes,Yes
97414,22709,Soybean,50,18/12/2024,50,Yes,Yes
99225,25075,Soybean,25,10/01/2025,50,Yes,Yes
85855,25079,Soybean,25,03/01/2025,45,No,Yes
88525,25080,Soybean,25,10/12/2024,45,Yes,Yes
84299,25086,Soybean,25,09/01/2025,50,Yes,Yes
87991,25092,Soybean,25,07/12/2024,45,No,Yes
83288,25096,Soybean,13,31/12/2024,50,Yes,Yes
98436,25097,Soybean,25,03/01/2025,50,No,Yes
108616,25102,Beans,20,11/02/2025,20,No,Yes
86271,25106,Soybean,25,01/01/2025,50,Yes,Yes
80013,25109,Soybean,25,17/12/2024,60,Yes,Yes
86169,25110,Soybean,25,19/12/2024,45,No,Yes
97415,22719,Soybean,50,05/01/2025,50,Yes,Yes
95134,22720,Soybean,25,04/01/2025,50,Yes,Yes
79297,22727,Soybean,25,09/12/2024,55,Yes,Yes
97412,22728,Soybean,50,18/12/2024,45,Yes,Yes
93362,22730,Soybean,25,24/12/2024,45,Yes,Yes
86885,22738,Soybean,25,15/12/2024,45,No,Yes
82009,22740,Soybean,25,15/12/2024,45,No,Yes
83035,22741,Soybean,25,29/12/2024,40,No,Yes
86427,22747,Soybean,25,19/12/2024,45,No,Yes
82521,22751,Soybean,25,19/12/2024,45,No,Yes
86889,22752,Soybean,25,19/12/2024,42,No,Yes
86873,22755,Soybean,25,30/12/2024,40,No,Yes
83031,22756,Soybean,50,01/01/2025,46,No,Yes
84533,22766,Soybean,25,17/11/2024,60,Yes,Yes
84535,22767,Soybean,50,28/11/2024,55,Yes,Yes
95136,22768,Soybean,25,19/12/2024,50,Yes,Yes
88581,22772,Soybean,50,25/12/2024,45,Yes,Yes
88584,22776,Soybean,50,25/12/2024,45,Yes,Yes
97416,22783,Soybean,25,06/01/2025,50,Yes,Yes
99172,22787,Groundnuts,20,15/12/2024,20,Yes,Yes
87679,22788,Soybean,25,17/12/2024,50,Yes,Yes
84501,22791,Groundnuts,20,18/12/2024,30,No,Yes
103378,25114,Beans,60,01/02/2025,70,No,Yes
86821,25121,Soybean,25,03/01/2025,45,No,Yes
94193,25133,Groundnuts,20,09/01/2025,70,No,Yes
101476,25140,Groundnuts,20,16/12/2024,50,No,Yes
101487,25143,Groundnuts,20,07/12/2024,50,No,Yes
101616,25146,Groundnuts,20,28/11/2024,50,No,Yes
101486,25150,Groundnuts,20,06/12/2024,50,No,Yes
88621,25155,Soybean,100,26/12/2024,45,Yes,Yes
88109,25159,Soybean,50,15/12/2024,45,No,Yes
87275,25166,Soybean,25,15/12/2024,45,No,Yes
99182,22808,Soybean,25,11/12/2024,50,Yes,Yes
99183,22809,Soybean,25,14/12/2024,50,Yes,Yes
99185,22811,Soybean,25,16/12/2024,50,Yes,Yes
99189,22812,Groundnuts,20,21/12/2024,20,Yes,Yes
99193,22815,Groundnuts,20,10/12/2024,20,Yes,Yes
91887,22818,Groundnuts,20,15/12/2024,20,Yes,Yes
99195,22820,Groundnuts,20,21/12/2024,20,Yes,Yes
88475,22829,Soybean,25,29/12/2024,45,Yes,Yes
97648,25193,Soybean,25,10/12/2024,60,Yes,Yes
98695,25195,Soybean,25,31/12/2024,60,Yes,Yes
98694,25196,Soybean,25,09/12/2024,60,No,Yes
98696,25198,Soybean,25,29/12/2024,60,Yes,Yes
98692,25200,Soybean,50,18/12/2024,60,Yes,Yes
98693,25201,Soybean,25,18/12/2024,60,Yes,No
92856,2521,Soybean,2,28/12/2024,50,Yes,Yes
97076,25224,Soybean,25,11/01/2025,60,Yes,Yes
91198,25231,Soybean,25,16/12/2024,50,Yes,Yes
85904,22833,Soybean,50,02/01/2025,45,Yes,Yes
87323,22834,Soybean,25,29/12/2024,45,Yes,Yes
85964,22835,Soybean,25,17/12/2024,45,Yes,Yes
85879,22836,Soybean,14,19/12/2024,45,Yes,Yes
88530,22844,Soybean,25,01/01/2025,45,Yes,Yes
88528,22847,Soybean,25,04/01/2025,45,Yes,Yes
88192,22850,Soybean,50,28/12/2024,45,Yes,Yes
88314,22852,Soybean,50,10/12/2024,45,Yes,Yes
88527,22855,Soybean,25,17/12/2024,45,Yes,Yes
87229,22875,Soybean,25,04/01/2025,45,Yes,Yes
100622,25238,Groundnuts,40,05/01/2025,70,No,Yes
96792,25242,Soybean,75,07/12/2024,60,Yes,Yes
84348,25249,Soybean,25,25/12/2024,75,Yes,Yes
90373,25253,Soybean,25,02/01/2025,60,Yes,Yes
119393,25256,Beans,20,20/02/2025,60,No,Yes
109143,25257,Beans,40,16/02/2025,60,No,Yes
89704,25267,Soybean,25,12/12/2024,45,No,Yes
78828,25269,Groundnuts,20,19/11/2024,45,No,Yes
99911,25274,Soybean,25,16/12/2024,45,Yes,Yes
91703,25277,Soybean,25,11/12/2024,45,Yes,Yes
99084,25278,Groundnuts,20,12/11/2024,20,No,Yes
99707,25279,Soybean,25,12/12/2024,45,No,Yes
94599,25280,Groundnuts,20,20/11/2024,30,Yes,Yes
94597,25280,Soybean,25,20/12/2024,45,Yes,Yes
84194,25281,Soybean,25,20/12/2024,45,Yes,Yes
83359,25285,Groundnuts,20,15/11/2024,45,No,Yes
79947,25288,Groundnuts,20,10/11/2024,45,No,Yes
107810,25289,Beans,20,01/02/2025,45,Yes,Yes
107812,25294,Beans,20,01/02/2025,45,No,Yes
93303,25297,Soybean,25,27/12/2024,60,Yes,Yes
99917,25299,Soybean,25,05/12/2024,45,Yes,Yes
107849,25301,Beans,40,30/01/2025,50,No,Yes
99742,25302,Soybean,50,02/12/2024,50,Yes,Yes
86994,22887,Soybean,25,06/01/2025,50,Yes,Yes
89695,22897,Soybean,25,04/01/2025,50,Yes,Yes
90011,22902,Soybean,25,01/01/2025,50,Yes,Yes
81639,22904,Soybean,25,10/12/2024,50,Yes,Yes
85236,22907,Soybean,15,07/01/2025,50,Yes,Yes
86171,22908,Soybean,50,03/01/2025,50,Yes,Yes
81640,22911,Soybean,25,10/12/2024,50,Yes,Yes
81370,22912,Soybean,25,18/12/2024,50,Yes,Yes
81369,22915,Soybean,25,16/12/2024,50,Yes,Yes
81822,22916,Soybean,25,20/12/2024,50,Yes,Yes
99903,25305,Soybean,25,29/12/2024,50,Yes,Yes
107851,25306,Beans,20,03/02/2025,60,No,Yes
100147,25313,Groundnuts,20,10/12/2024,30,No,Yes
107929,25314,Beans,40,30/01/2025,45,No,Yes
94816,25315,Soybean,25,10/01/2025,50,Yes,Yes
107931,25316,Beans,20,01/02/2025,45,No,Yes
90455,25317,Groundnuts,20,26/12/2024,45,No,Yes
90457,25317,Soybean,25,27/12/2024,45,No,Yes
92825,25319,Soybean,25,23/12/2024,50,Yes,Yes
99688,25322,Soybean,25,28/11/2024,45,Yes,Yes
99095,25323,Soybean,25,28/11/2024,50,Yes,Yes
99683,25324,Groundnuts,20,13/11/2024,30,Yes,Yes
86191,22918,Soybean,25,04/01/2025,50,Yes,Yes
86682,22921,Soybean,25,20/12/2024,50,Yes,Yes
85107,22934,Soybean,75,02/01/2025,50,Yes,Yes
78997,22935,Soybean,25,09/12/2024,50,Yes,Yes
92456,22937,Soybean,75,05/01/2025,60,Yes,Yes
82161,22938,Soybean,25,28/12/2024,60,Yes,Yes
101787,22944,Beans,20,01/02/2025,15,No,Yes
101683,22945,Beans,20,08/02/2025,15,No,Yes
102204,22946,Beans,20,04/02/2025,15,No,Yes
82105,22948,Soybean,50,20/12/2024,60,Yes,Yes
82076,25325,Soybean,25,19/12/2024,45,No,Yes
80862,25326,Groundnuts,20,18/12/2024,45,No,Yes
84151,25328,Groundnuts,20,13/11/2024,45,No,Yes
82077,25333,Soybean,25,16/12/2024,45,No,Yes
82017,25335,Groundnuts,20,18/12/2024,45,No,Yes
99740,25336,Soybean,25,12/11/2024,50,Yes,Yes
89350,25344,Soybean,25,12/12/2024,45,No,Yes
113576,25347,Beans,40,07/02/2025,70,No,Yes
109612,25349,Beans,40,24/02/2025,70,No,Yes
97153,25355,Soybean,25,05/12/2024,55,Yes,Yes
92555,25356,Soybean,100,02/01/2025,55,Yes,Yes
92426,22951,Soybean,25,20/12/2024,50,Yes,Yes
82134,22953,Soybean,25,23/12/2024,50,Yes,Yes
81983,22964,Soybean,100,01/01/2025,50,Yes,Yes
92495,22976,Soybean,50,27/12/2024,55,Yes,Yes
83692,22977,Soybean,25,01/01/2025,45,Yes,Yes
83668,22980,Soybean,25,31/12/2024,45,Yes,Yes
83669,22983,Soybean,50,20/12/2024,75,Yes,Yes
103542,22985,Beans,20,04/02/2025,50,No,Yes
104644,22997,Beans,20,06/02/2025,60,No,Yes
103019,22999,Beans,20,04/02/2025,6,No,Yes
104649,23000,Beans,60,06/02/2025,60,No,Yes
103040,23006,Beans,20,05/02/2025,60,No,Yes
78999,23010,Groundnuts,20,14/11/2024,50,Yes,Yes
81174,23012,Groundnuts,20,18/11/2024,50,Yes,Yes
81711,23019,Soybean,12,25/12/2024,4,Yes,Yes
88874,23023,Groundnuts,40,17/12/2024,50,No,Yes
88882,23027,Groundnuts,20,17/12/2024,50,No,Yes
88875,23029,Groundnuts,20,26/12/2024,50,No,Yes
88870,23042,Groundnuts,40,18/12/2024,50,No,Yes
87754,23045,Soybean,25,02/01/2025,60,No,No
101793,23048,Beans,20,02/02/2025,15,No,Yes
96464,25360,Soybean,50,02/01/2025,60,Yes,Yes
94047,25362,Soybean,25,01/01/2025,55,Yes,Yes
96467,25366,Soybean,25,04/01/2025,50,Yes,Yes
94040,25368,Soybean,50,05/01/2025,55,Yes,Yes
97628,25373,Soybean,25,20/12/2024,60,Yes,Yes
97927,25379,Soybean,125,10/12/2024,60,Yes,Yes
92129,2538,Soybean,25,13/01/2025,50,Yes,Yes
94747,25387,Soybean,25,05/01/2025,45,Yes,Yes
89610,25393,Soybean,50,01/01/2025,45,Yes,Yes
93823,25394,Soybean,25,04/01/2025,45,Yes,Yes
85788,25400,Soybean,25,03/01/2025,45,Yes,Yes
110264,25401,Beans,20,15/02/2025,80,No,Yes
110282,25403,Beans,20,18/02/2025,60,No,Yes
110306,25405,Beans,40,21/02/2025,60,No,Yes
92108,2541,Soybean,25,04/01/2025,50,Yes,Yes
96346,25412,Soybean,25,06/01/2025,45,Yes,Yes
87387,25415,Soybean,25,02/01/2025,45,Yes,Yes
100891,25421,Soybean,25,05/01/2025,60,Yes,Yes
87154,25429,Soybean,25,02/01/2025,45,Yes,Yes
89608,25442,Soybean,25,04/01/2025,45,Yes,Yes
87156,25446,Soybean,25,02/01/2025,45,Yes,Yes
102742,25449,Beans,40,05/02/2025,60,No,Yes
96349,25451,Soybean,25,05/01/2025,45,Yes,Yes
81754,23056,Soybean,25,24/12/2024,30,Yes,Yes
87755,23058,Soybean,25,28/12/2024,60,No,No
86006,23060,Soybean,25,01/01/2025,60,Yes,Yes
86792,23063,Soybean,25,01/01/2025,30,Yes,Yes
82092,23067,Soybean,25,23/11/2024,55,Yes,Yes
82146,23068,Soybean,25,17/12/2024,50,Yes,Yes
92420,23072,Soybean,25,05/01/2025,50,Yes,Yes
90908,23074,Groundnuts,40,16/11/2024,50,Yes,Yes
83825,23092,Soybean,50,29/12/2024,45,Yes,Yes
93239,25453,Soybean,25,04/01/2025,45,Yes,Yes
89616,25454,Soybean,50,02/01/2025,45,Yes,Yes
103892,25458,Beans,20,05/02/2025,60,No,Yes
94081,25461,Soybean,25,01/01/2025,50,Yes,Yes
89620,25462,Soybean,25,03/01/2025,45,Yes,Yes
109227,25465,Beans,10,08/02/2025,7,No,Yes
90464,25469,Soybean,50,01/01/2025,45,Yes,Yes
109234,25475,Beans,10,07/02/2025,7,No,Yes
88733,25478,Groundnuts,20,23/12/2024,75,No,Yes
109228,25479,Beans,10,07/02/2025,7,No,Yes
88137,25479,Groundnuts,30,23/12/2024,75,No,Yes
111717,25480,Beans,10,07/02/2025,7,No,Yes
88751,23093,Soybean,25,02/01/2025,50,Yes,Yes
92527,23097,Soybean,25,03/01/2025,55,Yes,Yes
82099,23098,Soybean,25,27/12/2024,70,Yes,Yes
91048,23124,Soybean,25,03/01/2025,10,Yes,Yes
85355,23130,Soybean,50,01/01/2025,45,Yes,Yes
85356,23131,Soybean,50,29/12/2024,45,Yes,Yes
99162,23132,Soybean,25,23/12/2024,50,Yes,Yes
99576,23133,Soybean,25,05/01/2025,50,Yes,Yes
99573,23135,Soybean,25,22/12/2024,50,Yes,Yes
88153,25480,Groundnuts,20,23/12/2024,75,No,Yes
88496,25482,Groundnuts,20,22/12/2024,75,No,Yes
90251,25486,Soybean,25,04/01/2025,5,Yes,Yes
88616,25494,Soybean,25,01/01/2025,45,Yes,Yes
98898,25496,Soybean,50,07/01/2025,90,Yes,Yes
99360,25499,Soybean,25,10/12/2024,75,Yes,Yes
95801,25500,Soybean,25,20/12/2024,75,Yes,Yes
89278,25509,Soybean,25,22/12/2024,45,Yes,Yes
87733,2551,Soybean,125,12/12/2024,50,Yes,Yes
108058,25511,Beans,20,01/02/2025,50,No,No
108061,25512,Beans,20,03/02/2025,60,No,Yes
97544,25514,Soybean,25,02/01/2025,50,No,Yes
101235,23139,Soybean,25,10/12/2024,55,No,Yes
88492,23141,Soybean,25,01/01/2025,50,Yes,Yes
99574,23142,Soybean,25,04/01/2025,50,Yes,Yes
85358,23143,Soybean,50,09/12/2024,45,Yes,Yes
87078,23145,Soybean,25,03/01/2025,45,Yes,Yes
87033,23148,Soybean,25,02/01/2025,45,Yes,Yes
87308,23156,Soybean,25,01/01/2025,45,Yes,Yes
103499,23160,Beans,40,04/02/2025,45,No,Yes
92724,23167,Soybean,25,13/12/2024,60,No,Yes
103500,23176,Beans,20,03/02/2025,50,No,Yes
92730,23180,Soybean,25,05/01/2025,60,No,Yes
83094,23181,Soybean,25,15/12/2024,50,Yes,Yes
97563,25518,Soybean,25,01/01/2025,50,No,Yes
111373,25519,Beans,20,02/03/2025,50,No,Yes
118199,25521,Beans,20,04/03/2025,50,No,Yes
116776,25522,Beans,20,10/03/2025,50,No,Yes
112259,25523,Beans,20,09/03/2025,50,No,Yes
97572,25526,Soybean,25,03/01/2025,50,No,Yes
97564,25529,Soybean,25,01/01/2025,45,No,Yes
97566,25533,Soybean,25,01/01/2025,40,No,Yes
99601,25537,Soybean,25,02/01/2025,20,Yes,Yes
100932,25545,Groundnuts,40,02/01/2025,20,No,Yes
80934,2556,Soybean,100,08/12/2024,10,Yes,Yes
89767,25560,Soybean,25,02/01/2025,45,Yes,Yes
82574,23184,Soybean,25,27/12/2024,60,No,Yes
89093,23202,Soybean,50,09/12/2024,45,Yes,Yes
89132,23203,Soybean,25,01/01/2025,45,Yes,Yes
88482,23205,Soybean,25,03/01/2025,45,Yes,Yes
85485,23212,Groundnuts,20,22/12/2024,45,No,Yes
93024,23223,Soybean,25,28/12/2024,45,Yes,No
95424,23225,Soybean,25,12/01/2025,60,No,Yes
93199,23229,Soybean,25,31/12/2024,60,Yes,Yes
91388,23230,Soybean,50,23/12/2024,45,No,No
88974,23231,Soybean,50,18/12/2024,60,Yes,Yes
93195,23238,Soybean,25,27/12/2024,60,Yes,No
92304,25563,Soybean,25,14/11/2024,45,Yes,Yes
81918,25570,Soybean,25,11/12/2024,7,Yes,Yes
89772,25578,Soybean,25,01/01/2025,45,Yes,Yes
109064,25580,Beans,10,07/02/2025,7,No,Yes
109061,25585,Beans,10,07/02/2025,7,No,Yes
88161,25587,Groundnuts,20,22/12/2024,75,No,Yes
116774,25594,Beans,20,06/03/2025,50,No,Yes
118202,25595,Beans,20,03/03/2025,20,No,Yes
118196,25597,Beans,20,08/03/2025,50,No,Yes
85829,25599,Soybean,25,25/12/2024,45,Yes,Yes
88889,25602,Soybean,25,02/01/2025,45,Yes,Yes
83586,25604,Groundnuts,20,27/12/2024,45,Yes,Yes
83585,25605,Groundnuts,20,22/12/2024,45,Yes,Yes
83584,25606,Soybean,25,21/12/2024,45,Yes,Yes
92679,25608,Soybean,25,28/12/2024,45,Yes,Yes
94766,25610,Soybean,50,28/12/2024,45,Yes,Yes
88087,25614,Groundnuts,20,20/12/2024,45,Yes,Yes
88088,25615,Soybean,25,29/12/2024,45,Yes,Yes
94761,25616,Soybean,25,28/12/2024,45,Yes,Yes
87728,25622,Soybean,25,02/01/2025,45,No,Yes
85113,25627,Soybean,50,04/01/2025,15,Yes,Yes
89430,25628,Soybean,25,01/01/2025,45,No,Yes
93068,23241,Soybean,25,28/12/2024,45,Yes,Yes
88301,23244,Soybean,25,05/01/2025,70,Yes,Yes
87616,23249,Groundnuts,40,04/01/2025,50,No,Yes
86367,23250,Groundnuts,20,02/01/2025,50,No,Yes
89069,23251,Soybean,100,08/01/2025,50,Yes,Yes
102457,23258,Beans,20,08/02/2025,15,No,Yes
82962,23259,Soybean,25,07/12/2024,50,Yes,Yes
93524,23265,Soybean,25,04/01/2025,60,Yes,Yes
107984,23270,Beans,20,05/02/2025,10,No,Yes
87224,23296,Soybean,25,19/12/2024,45,Yes,Yes
111059,23304,Beans,20,01/02/2025,10,No,Yes
93003,2563,Soybean,25,08/01/2025,55,Yes,Yes
89321,25630,Soybean,25,05/01/2025,65,Yes,No
88166,25635,Groundnuts,20,22/12/2024,75,No,Yes
109232,25640,Beans,10,06/02/2025,7,No,Yes
88440,25640,Groundnuts,20,23/12/2024,75,No,Yes
111700,25641,Beans,10,08/02/2025,7,No,Yes
89460,25642,Soybean,25,01/01/2025,45,No,Yes
88442,25643,Groundnuts,20,22/12/2024,75,No,Yes
88443,25645,Groundnuts,20,21/12/2024,75,No,Yes
109255,25646,Beans,10,06/02/2025,7,No,Yes
88446,25648,Groundnuts,20,23/12/2024,75,No,Yes
118198,25650,Beans,20,04/03/2025,50,No,Yes
87470,23306,Soybean,25,03/01/2025,45,Yes,Yes
111052,23307,Beans,20,01/02/2025,10,No,Yes
90941,23320,Soybean,25,31/12/2024,50,Yes,Yes
85018,23323,Soybean,25,19/12/2024,45,Yes,Yes
84470,23329,Groundnuts,20,18/12/2024,50,Yes,Yes
84466,23336,Groundnuts,20,18/12/2024,50,Yes,Yes
85246,23346,Soybean,25,04/01/2025,45,Yes,Yes
80640,23349,Groundnuts,20,17/11/2024,20,No,Yes
85281,23350,Soybean,50,19/12/2024,45,Yes,Yes
114459,23353,Beans,60,21/02/2025,60,No,Yes
111046,23356,Beans,40,01/02/2025,10,No,Yes
118197,25655,Beans,20,05/03/2025,50,No,Yes
112645,25656,Beans,20,03/03/2025,50,No,Yes
116663,25657,Beans,20,05/03/2025,50,No,Yes
91809,25662,Soybean,50,26/12/2024,50,No,Yes
93717,25663,Soybean,25,02/01/2025,50,No,Yes
81522,25666,Soybean,25,17/12/2024,45,Yes,Yes
80671,25670,Soybean,25,20/12/2024,45,Yes,Yes
81524,25671,Soybean,25,22/12/2024,45,Yes,Yes
81517,25672,Soybean,25,16/12/2024,45,Yes,Yes
80672,25675,Soybean,25,19/12/2024,45,Yes,Yes
81656,25676,Soybean,25,21/12/2024,45,Yes,Yes
94783,25677,Groundnuts,20,12/01/2025,45,Yes,Yes
107985,23360,Beans,20,05/02/2025,10,No,Yes
87198,23374,Soybean,50,19/12/2024,45,Yes,Yes
84658,23376,Soybean,25,27/12/2024,50,Yes,Yes
88280,23384,Soybean,50,02/01/2025,45,Yes,Yes
99685,23386,Soybean,50,20/12/2024,50,Yes,Yes
89768,23390,Soybean,50,01/01/2025,45,Yes,Yes
101938,23391,Beans,20,03/02/2025,10,No,Yes
87798,23395,Soybean,50,04/01/2025,45,Yes,Yes
100152,23398,Soybean,25,31/12/2024,45,Yes,Yes
88211,23399,Soybean,25,19/12/2024,45,Yes,Yes
84421,23400,Soybean,25,03/01/2025,45,Yes,Yes
97099,23407,Soybean,25,04/01/2025,55,Yes,Yes
92485,23411,Soybean,100,27/12/2024,55,Yes,Yes
88050,23414,Soybean,25,19/12/2024,45,Yes,Yes
87448,23415,Soybean,25,19/12/2024,45,Yes,Yes
88112,23416,Soybean,25,03/01/2025,45,Yes,Yes
87469,23419,Soybean,25,19/12/2024,45,Yes,Yes
86238,23424,Soybean,25,01/01/2025,45,Yes,Yes
91567,23430,Groundnuts,20,23/12/2024,20,No,Yes
86230,23442,Groundnuts,20,12/12/2024,20,Yes,Yes
89942,23443,Groundnuts,20,20/12/2024,50,No,Yes
93850,23449,Groundnuts,20,30/11/2024,20,No,Yes
102585,23456,Beans,60,02/02/2025,40,No,Yes
81518,25679,Soybean,25,27/12/2024,45,Yes,Yes
79545,25680,Groundnuts,20,08/11/2024,45,Yes,Yes
83569,25680,Soybean,28,22/12/2024,45,Yes,Yes
80673,25683,Soybean,25,21/11/2024,45,Yes,Yes
81521,25684,Soybean,25,24/12/2024,45,Yes,Yes
81525,25685,Soybean,25,23/12/2024,45,Yes,Yes
96035,25687,Soybean,25,15/12/2024,55,Yes,Yes
82456,25692,Soybean,25,28/11/2024,7,Yes,Yes
83969,25694,Soybean,25,15/12/2024,45,No,Yes
91150,25715,Soybean,50,18/12/2024,50,No,Yes
87121,25720,Soybean,25,15/12/2024,10,Yes,Yes
84319,25722,Soybean,50,08/01/2025,45,No,Yes
91153,25726,Soybean,150,20/12/2024,50,No,Yes
79650,25727,Soybean,25,19/12/2024,45,Yes,Yes
81526,25737,Soybean,25,23/12/2024,45,Yes,Yes
88078,25747,Groundnuts,20,25/12/2024,45,Yes,Yes
87124,25748,Soybean,50,04/01/2025,6,Yes,Yes
101612,25752,Soybean,45,27/01/2025,20,No,Yes
101610,25756,Soybean,50,24/12/2024,45,No,Yes
91152,25761,Soybean,50,21/12/2024,30,No,Yes
102250,23459,Beans,20,02/02/2025,10,No,Yes
93844,23462,Soybean,25,30/12/2024,45,Yes,Yes
102604,23469,Beans,20,03/02/2025,60,No,Yes
108562,23473,Beans,20,24/01/2025,10,No,No
108567,23474,Beans,20,31/01/2025,15,No,No
108325,23477,Beans,40,31/01/2025,15,No,Yes
108577,23478,Beans,20,27/01/2025,10,No,Yes
108571,23480,Beans,20,31/01/2025,8,No,Yes
88426,25763,Soybean,50,01/01/2025,65,Yes,Yes
98868,25765,Soybean,25,09/12/2024,45,Yes,Yes
103316,25766,Beans,20,08/02/2025,90,No,Yes
92295,25773,Soybean,25,10/01/2025,45,Yes,Yes
89593,25776,Soybean,25,02/01/2025,6,No,Yes
107993,25783,Beans,20,14/02/2025,10,No,Yes
87132,25789,Soybean,25,18/12/2024,8,Yes,Yes
83527,25790,Soybean,25,20/12/2024,15,Yes,Yes
107955,25791,Beans,40,03/02/2025,50,No,Yes
89441,25796,Soybean,25,03/01/2025,45,No,Yes
85394,25807,Soybean,25,22/12/2024,15,Yes,Yes
83571,25811,Soybean,25,29/12/2024,45,Yes,Yes
91847,25819,Soybean,50,20/12/2024,45,Yes,Yes
102861,25832,Beans,20,05/02/2025,70,No,Yes
103317,25834,Beans,20,05/02/2025,70,No,Yes
88425,25839,Soybean,25,01/01/2025,65,Yes,Yes
92120,2584,Soybean,25,10/01/2025,50,Yes,Yes
81920,25840,Soybean,50,11/11/2024,5,Yes,Yes
86120,25844,Soybean,25,02/01/2025,7,Yes,Yes
92677,25849,Soybean,25,28/12/2024,45,Yes,Yes
88079,25850,Soybean,25,20/12/2024,45,Yes,Yes
94773,25854,Soybean,25,28/12/2024,45,Yes,Yes
89550,23483,Groundnuts,20,27/12/2024,20,No,Yes
102603,23486,Beans,20,03/02/2025,60,No,Yes
110261,23488,Beans,20,03/02/2025,40,No,Yes
108320,23500,Beans,40,29/01/2025,15,No,Yes
108569,23501,Beans,20,31/01/2025,8,No,Yes
108323,23505,Beans,80,27/01/2025,8,No,Yes
101986,23511,Beans,20,03/02/2025,60,No,Yes
108563,23519,Beans,20,01/02/2025,10,No,No
108559,23520,Beans,40,30/01/2025,6,No,Yes
101981,23529,Beans,40,03/02/2025,60,No,Yes
108097,25857,Beans,40,31/01/2025,50,No,Yes
92298,25860,Soybean,25,15/11/2024,45,Yes,Yes
89198,25868,Soybean,25,01/01/2025,65,Yes,Yes
89448,25870,Soybean,25,01/01/2025,40,No,Yes
88421,25871,Soybean,25,01/01/2025,65,Yes,Yes
89195,25872,Soybean,50,01/01/2025,65,Yes,Yes
83577,25884,Groundnuts,20,26/12/2024,45,Yes,Yes
96815,25886,Soybean,25,26/12/2024,45,Yes,Yes
85030,25888,Soybean,25,04/01/2025,45,No,Yes
80926,25894,Groundnuts,20,16/12/2024,50,No,Yes
85241,25903,Groundnuts,20,26/12/2024,50,No,Yes
99858,23530,Soybean,25,09/01/2025,50,No,Yes
101239,23532,Soybean,25,13/01/2025,55,No,Yes
88599,23535,Soybean,75,01/01/2025,45,Yes,Yes
88597,23536,Soybean,40,13/12/2024,45,Yes,Yes
101984,23537,Beans,20,03/02/2025,60,No,Yes
88368,23547,Soybean,25,07/01/2025,45,Yes,Yes
88671,23550,Soybean,50,02/01/2025,45,Yes,Yes
105950,23560,Beans,20,04/02/2025,50,No,Yes
103267,23571,Beans,20,09/02/2025,50,No,Yes
82642,23577,Soybean,25,07/12/2024,40,Yes,Yes
99761,23583,Groundnuts,20,07/11/2024,50,Yes,Yes
101016,23585,Groundnuts,20,16/11/2024,50,No,Yes
103400,23598,Beans,20,03/02/2025,50,No,Yes
86152,23600,Soybean,25,14/12/2024,45,Yes,Yes
86209,23603,Soybean,40,26/12/2024,50,Yes,Yes
80743,23605,Soybean,25,11/12/2024,70,Yes,Yes
90268,23606,Groundnuts,20,19/12/2024,50,Yes,Yes
103399,23608,Beans,20,28/01/2025,50,No,Yes
81243,23616,Groundnuts,20,29/11/2024,30,Yes,Yes
83231,25920,Groundnuts,20,19/12/2024,50,No,Yes
79188,25921,Groundnuts,20,15/12/2024,50,No,Yes
85141,25928,Groundnuts,20,22/12/2024,50,No,Yes
85779,25929,Groundnuts,40,01/01/2025,50,No,Yes
86401,25936,Groundnuts,20,21/11/2024,45,Yes,Yes
86399,25936,Soybean,25,18/12/2024,45,Yes,Yes
86410,25937,Groundnuts,20,02/01/2025,45,Yes,Yes
86408,25937,Soybean,28,23/12/2024,45,Yes,Yes
86047,25941,Groundnuts,20,25/12/2024,45,Yes,Yes
86054,25945,Groundnuts,20,31/12/2024,45,Yes,Yes
103560,23619,Beans,40,04/02/2025,50,No,Yes
103564,23622,Beans,20,04/02/2025,50,No,Yes
103505,23627,Beans,40,05/02/2025,45,No,Yes
103550,23629,Beans,40,04/02/2025,50,No,Yes
82546,23631,Soybean,25,13/12/2024,45,Yes,Yes
89964,23639,Soybean,25,02/01/2025,50,Yes,Yes
90120,23640,Soybean,25,08/01/2025,50,Yes,Yes
82684,23646,Groundnuts,20,14/12/2024,54,No,Yes
105946,23652,Beans,20,02/02/2025,50,No,Yes
79221,23654,Soybean,50,08/12/2024,45,No,Yes
82535,23655,Soybean,50,29/12/2024,45,Yes,Yes
103524,23661,Beans,40,04/02/2025,50,No,Yes
82595,23665,Soybean,25,15/12/2024,45,Yes,Yes
82552,23667,Soybean,25,10/12/2024,5,Yes,Yes
102583,23680,Beans,40,06/02/2025,40,No,Yes
103497,23687,Beans,20,08/02/2025,45,No,Yes
103507,23691,Beans,20,28/02/2025,50,No,Yes
103514,23695,Beans,40,28/02/2025,50,No,Yes
81755,23698,Soybean,25,24/12/2024,30,Yes,Yes
81714,23699,Soybean,25,28/12/2024,30,Yes,Yes
102584,23700,Beans,40,01/02/2025,40,No,Yes
102610,23701,Beans,20,03/02/2025,60,No,Yes
108251,23705,Beans,20,05/02/2025,10,No,Yes
108253,23706,Beans,20,05/02/2025,10,No,Yes
91906,25964,Soybean,25,30/11/2024,50,Yes,Yes
97427,25968,Soybean,25,23/12/2024,45,Yes,Yes
90992,25980,Groundnuts,20,07/11/2024,20,Yes,Yes
97873,25987,Soybean,25,24/12/2024,45,Yes,Yes
107608,25991,Beans,20,10/02/2025,10,No,Yes
101829,25993,Beans,20,05/02/2025,10,Yes,Yes
102562,25997,Beans,20,04/02/2025,60,No,Yes
95890,26008,Soybean,25,26/12/2024,45,Yes,Yes
94566,26031,Soybean,50,21/12/2024,50,Yes,Yes
95128,26034,Soybean,25,09/01/2025,50,Yes,Yes
96301,26049,Groundnuts,20,28/11/2024,15,No,Yes
99292,26049,Soybean,25,16/02/2025,45,Yes,Yes
103868,26052,Beans,20,15/02/2025,50,No,Yes
103415,26058,Beans,40,29/01/2025,50,No,Yes
97892,26061,Groundnuts,20,11/11/2024,15,No,Yes
97886,26061,Soybean,25,17/11/2024,45,Yes,Yes
97888,26062,Soybean,25,17/11/2024,45,Yes,Yes
100677,26063,Beans,25,21/12/2024,50,Yes,Yes
99336,26063,Groundnuts,20,14/12/2024,20,Yes,Yes
94933,26065,Groundnuts,20,12/11/2024,20,No,Yes
94921,26067,Soybean,25,04/01/2025,25,Yes,Yes
102592,23707,Beans,20,04/02/2025,40,No,Yes
102375,23720,Beans,20,06/02/2025,10,No,Yes
102959,23723,Beans,20,03/02/2025,50,No,Yes
79032,23726,Groundnuts,20,30/12/2024,30,Yes,Yes
102765,23727,Beans,20,01/02/2025,10,No,Yes
104149,23728,Beans,20,01/02/2025,10,No,Yes
103559,23738,Beans,20,04/02/2025,50,No,Yes
103581,23739,Beans,20,04/02/2025,50,No,Yes
103568,23741,Beans,20,04/02/2025,50,No,Yes
103565,23742,Beans,20,04/02/2025,50,No,Yes
103548,23745,Beans,20,04/02/2025,50,No,Yes
95163,26068,Soybean,25,11/11/2024,45,Yes,Yes
79909,26071,Groundnuts,20,15/12/2024,30,No,Yes
102514,26078,Beans,20,02/02/2025,10,No,Yes
98251,26086,Soybean,25,18/12/2024,75,Yes,Yes
89463,26087,Soybean,25,01/01/2025,5,No,Yes
94150,2609,Soybean,25,11/01/2025,60,Yes,Yes
89083,26095,Soybean,25,19/12/2024,45,No,Yes
96309,26096,Soybean,25,22/12/2024,45,Yes,Yes
89445,26098,Soybean,25,01/01/2025,45,No,Yes
95149,26104,Soybean,25,18/12/2024,50,Yes,Yes
103579,23747,Beans,40,04/02/2025,50,No,Yes
103577,23749,Beans,20,04/02/2025,50,No,Yes
102609,23751,Beans,20,03/02/2025,60,No,Yes
102973,23752,Beans,20,05/02/2025,50,No,Yes
103545,23758,Beans,20,04/02/2025,45,No,Yes
103547,23761,Beans,40,05/02/2025,50,No,Yes
104589,23764,Beans,40,05/02/2025,45,No,Yes
112174,23766,Beans,20,03/02/2025,15,No,Yes
102688,23767,Beans,20,01/02/2025,10,No,Yes
102588,23768,Beans,20,04/02/2025,40,No,Yes
92452,23775,Soybean,25,14/12/2024,60,Yes,Yes
97197,23783,Soybean,25,04/01/2025,55,Yes,Yes
92151,23792,Groundnuts,30,28/12/2024,75,No,Yes
90595,23793,Groundnuts,30,26/12/2024,75,No,Yes
90597,23796,Groundnuts,30,25/12/2024,75,No,Yes
90598,23797,Groundnuts,30,27/12/2024,75,No,Yes
90599,23798,Groundnuts,30,26/12/2024,75,No,Yes
90604,23804,Groundnuts,30,26/12/2024,75,No,Yes
90605,23805,Groundnuts,30,24/12/2024,75,No,Yes
108868,23809,Beans,20,07/02/2025,75,No,Yes
90659,23812,Groundnuts,30,26/12/2024,75,No,Yes
90660,23813,Groundnuts,30,30/12/2024,75,No,Yes
103056,26108,Beans,20,03/02/2025,45,No,No
114124,26129,Beans,20,05/03/2025,90,No,Yes
119451,26130,Beans,20,10/03/2025,50,No,No
119452,26131,Beans,40,24/02/2025,50,No,Yes
118750,26134,Beans,20,05/03/2025,90,No,No
118751,26139,Beans,20,04/03/2025,90,No,Yes
81546,26142,Groundnuts,20,15/12/2024,50,No,Yes
118754,26156,Beans,20,06/03/2025,90,No,Yes
85782,26161,Groundnuts,20,28/12/2024,50,No,Yes
82849,26171,Groundnuts,20,01/12/2024,50,No,Yes
90355,26178,Groundnuts,20,29/12/2024,50,No,Yes
82927,26181,Groundnuts,20,29/11/2024,50,Yes,Yes
82885,26185,Groundnuts,40,01/01/2025,50,No,Yes
94980,26197,Groundnuts,20,03/01/2025,50,No,Yes
85092,26205,Groundnuts,20,04/01/2025,50,No,Yes
82226,26210,Groundnuts,20,18/12/2024,50,No,Yes
82220,26214,Groundnuts,20,23/12/2024,50,No,Yes
81668,26217,Groundnuts,20,30/11/2024,50,No,Yes
83693,26219,Groundnuts,20,07/12/2024,50,No,Yes
81597,26224,Groundnuts,20,11/12/2024,50,No,Yes
84498,26228,Groundnuts,20,23/12/2024,25,No,Yes
84496,26228,Soybean,50,26/12/2024,50,Yes,Yes
100676,26232,Soybean,25,19/12/2024,50,Yes,Yes
84503,23310,Soybean,25,19/12/2024,45,Yes,Yes
84638,23311,Soybean,25,02/01/2025,45,Yes,Yes
107962,23314,Beans,40,09/02/2025,15,No,Yes
88926,23316,Soybean,25,19/12/2024,50,Yes,Yes
85140,23325,Soybean,50,19/12/2024,45,Yes,Yes
79569,20872,Soybean,25,13/12/2024,45,Yes,Yes
87370,20875,Soybean,50,12/12/2024,50,Yes,Yes
79988,20876,Beans,25,12/12/2024,45,Yes,Yes
87368,20877,Soybean,25,13/12/2024,50,Yes,Yes
85256,20880,Soybean,50,02/01/2025,45,Yes,Yes
87173,20882,Soybean,25,27/12/2024,50,Yes,Yes
85337,20884,Soybean,75,02/01/2025,50,Yes,Yes
80080,20891,Soybean,25,17/12/2024,50,Yes,Yes
79566,20892,Soybean,25,15/12/2024,45,Yes,Yes
87363,20893,Soybean,50,06/01/2025,45,Yes,Yes
84471,23334,Groundnuts,20,18/12/2024,50,Yes,Yes
84469,23335,Groundnuts,20,22/12/2024,50,Yes,Yes
85174,23341,Groundnuts,20,20/12/2024,50,No,Yes
85124,23347,Soybean,25,19/12/2024,45,Yes,Yes
111054,23351,Beans,20,01/02/2025,10,No,Yes
85043,23357,Soybean,25,19/12/2024,45,Yes,Yes
111043,23358,Beans,20,01/02/2025,10,No,Yes
88023,23361,Soybean,50,19/12/2024,45,Yes,Yes
88100,23363,Soybean,25,02/01/2025,45,Yes,Yes
101533,23365,Soybean,25,12/12/2024,50,Yes,Yes
85052,23368,Soybean,50,02/01/2025,45,Yes,Yes
79814,20894,Soybean,25,08/12/2024,45,Yes,Yes
80789,20900,Soybean,50,20/12/2024,50,No,Yes
79708,20910,Soybean,25,12/12/2024,50,Yes,Yes
80078,20912,Soybean,25,17/12/2024,45,Yes,Yes
89359,20917,Groundnuts,20,02/01/2025,50,No,Yes
83863,20918,Soybean,50,28/12/2024,50,Yes,Yes
83864,20919,Soybean,200,28/12/2024,50,Yes,Yes
99829,20931,Soybean,25,22/12/2024,45,Yes,Yes
86076,20932,Soybean,25,30/12/2024,50,Yes,Yes
90759,20935,Soybean,25,09/01/2025,50,Yes,Yes
84528,23378,Soybean,25,19/12/2024,45,Yes,Yes
98228,23380,Soybean,25,02/01/2025,50,Yes,Yes
107960,23382,Beans,40,07/02/2025,15,No,Yes
82696,23383,Soybean,25,02/01/2025,70,No,Yes
111045,23388,Beans,20,01/02/2025,10,No,Yes
111044,23389,Beans,20,01/02/2025,10,No,Yes
111060,23393,Beans,20,01/02/2025,10,No,Yes
88226,23397,Soybean,50,23/12/2024,45,Yes,Yes
100145,23398,Groundnuts,20,02/12/2024,30,No,Yes
105984,23404,Beans,20,06/02/2025,15,No,Yes
84502,20941,Soybean,25,15/12/2024,45,Yes,Yes
84483,20943,Soybean,25,20/12/2024,45,Yes,Yes
88652,20945,Soybean,25,26/12/2024,50,Yes,Yes
88629,20947,Soybean,25,17/12/2024,45,Yes,Yes
88636,20953,Soybean,25,17/12/2024,50,Yes,Yes
84475,20960,Soybean,25,15/12/2024,45,Yes,Yes
88635,20962,Soybean,25,17/12/2024,45,Yes,Yes
88900,20964,Soybean,25,13/12/2024,45,Yes,Yes
88624,20970,Soybean,25,14/12/2024,45,Yes,Yes
88653,20971,Soybean,25,31/12/2024,50,Yes,Yes
87872,23405,Soybean,25,19/12/2024,45,Yes,Yes
82149,23412,Soybean,25,27/12/2024,60,Yes,Yes
87871,23418,Soybean,50,19/12/2024,45,Yes,Yes
82851,23420,Soybean,25,03/01/2025,45,Yes,Yes
86254,23426,Soybean,25,07/01/2025,45,Yes,Yes
86683,23429,Soybean,25,01/01/2025,45,Yes,Yes
91591,23436,Groundnuts,20,25/12/2024,50,Yes,Yes
89944,23438,Groundnuts,20,10/12/2024,50,No,Yes
89948,23440,Groundnuts,40,09/12/2024,50,No,Yes
89940,23446,Groundnuts,20,14/12/2024,50,No,Yes
79321,23451,Soybean,25,09/12/2024,45,No,Yes
88651,20972,Soybean,25,31/12/2024,50,Yes,Yes
88646,20977,Soybean,25,23/12/2024,40,Yes,Yes
88657,20982,Soybean,25,15/12/2024,45,Yes,Yes
88628,20983,Soybean,50,16/12/2024,50,Yes,Yes
89378,20988,Soybean,6,26/12/2024,50,Yes,Yes
90303,20997,Groundnuts,20,19/12/2024,50,Yes,Yes
90145,21006,Soybean,25,01/01/2025,50,Yes,Yes
88645,21007,Soybean,50,20/12/2024,45,Yes,Yes
88641,21008,Soybean,25,30/12/2024,60,Yes,Yes
85846,21012,Soybean,2,26/12/2024,50,Yes,Yes
85621,21017,Soybean,2,26/12/2024,50,Yes,Yes
85606,21018,Soybean,2,31/12/2024,50,Yes,Yes
101910,23452,Beans,40,04/02/2025,10,Yes,No
83026,23455,Groundnuts,20,20/12/2024,20,No,Yes
108576,23470,Beans,20,01/02/2025,8,No,Yes
108316,23472,Beans,20,06/02/2025,10,No,Yes
108570,23479,Beans,20,30/01/2025,9,No,Yes
102677,23485,Beans,20,07/02/2025,10,No,Yes
114671,23487,Beans,20,02/02/2025,10,Yes,Yes
86685,23489,Soybean,25,18/12/2024,45,Yes,Yes
102601,23492,Beans,20,01/02/2025,45,No,Yes
108560,23496,Beans,40,31/01/2025,8,No,No
88626,21021,Soybean,50,10/12/2024,50,Yes,Yes
88650,21028,Soybean,25,08/12/2024,50,Yes,Yes
85953,21033,Soybean,25,10/12/2024,50,Yes,Yes
90628,21037,Soybean,75,01/01/2025,10,Yes,Yes
87558,21042,Soybean,75,02/01/2025,20,Yes,Yes
79527,21047,Soybean,75,30/11/2024,50,Yes,Yes
87555,21051,Soybean,25,01/01/2025,10,Yes,Yes
87554,21052,Soybean,50,15/12/2024,20,Yes,Yes
86719,21057,Soybean,25,02/01/2025,20,Yes,Yes
89328,21061,Soybean,50,01/01/2025,50,Yes,Yes
89969,21067,Soybean,50,01/01/2025,50,Yes,Yes
83381,21068,Soybean,100,13/12/2024,49,Yes,Yes
108575,23502,Beans,20,27/01/2025,8,No,Yes
102340,23508,Beans,20,10/02/2025,50,No,Yes
108254,23510,Beans,20,10/02/2025,20,No,Yes
108573,23518,Beans,20,30/01/2025,8,No,No
88603,23524,Soybean,50,13/12/2024,45,Yes,Yes
102278,23528,Beans,20,01/02/2025,10,No,Yes
101232,23533,Soybean,25,12/12/2024,60,No,Yes
89949,23538,Groundnuts,20,27/12/2024,50,No,Yes
88568,21077,Soybean,25,02/01/2025,50,Yes,Yes
91557,21080,Soybean,75,14/12/2024,50,Yes,Yes
88559,21082,Soybean,25,08/01/2025,50,Yes,Yes
88561,21084,Soybean,25,08/01/2025,50,Yes,Yes
88562,21085,Soybean,50,09/01/2025,50,Yes,Yes
89946,23543,Groundnuts,20,11/12/2024,50,No,Yes
100740,23544,Groundnuts,20,29/01/2025,50,No,Yes
85235,23553,Soybean,50,14/12/2024,45,Yes,Yes
85232,23558,Soybean,25,07/01/2025,45,No,Yes
103259,23562,Beans,20,31/01/2025,50,No,Yes
85234,23569,Soybean,25,03/01/2025,45,No,Yes
103359,23574,Beans,20,03/02/2025,50,No,Yes
103270,23576,Beans,20,29/01/2025,50,No,Yes
82808,23578,Soybean,5,12/12/2024,45,Yes,Yes
100904,23581,Groundnuts,20,28/11/2024,50,No,Yes
101077,23582,Groundnuts,20,14/12/2024,50,No,Yes
100900,23584,Groundnuts,20,24/11/2024,50,No,Yes
100440,23591,Groundnuts,20,21/12/2024,50,No,Yes
100295,23592,Groundnuts,20,04/12/2024,50,No,Yes
100578,23593,Groundnuts,20,15/11/2024,50,No,Yes
91559,21087,Soybean,50,13/12/2024,50,Yes,Yes
88565,21088,Soybean,100,08/01/2025,50,Yes,Yes
110480,21095,Beans,20,20/02/2025,50,No,No
91939,21105,Soybean,50,14/01/2025,50,Yes,Yes
91937,21106,Soybean,25,14/12/2024,50,Yes,Yes
91943,21112,Soybean,25,14/12/2024,50,Yes,Yes
94742,21116,Soybean,25,15/01/2025,65,Yes,Yes
96221,21118,Soybean,25,01/01/2025,85,Yes,Yes
96225,21127,Soybean,50,28/12/2024,80,Yes,Yes
94741,21131,Soybean,75,06/01/2025,80,Yes,Yes
100701,21139,Soybean,125,01/01/2025,20,Yes,Yes
94114,21145,Soybean,25,26/12/2024,90,Yes,Yes
84803,21161,Groundnuts,20,12/12/2024,50,Yes,Yes
92054,21164,Soybean,25,04/01/2025,45,Yes,Yes
90922,21165,Soybean,20,27/12/2024,45,Yes,Yes
90925,21166,Groundnuts,20,14/11/2024,50,Yes,Yes
98844,21175,Soybean,25,14/01/2025,20,Yes,Yes
91244,21178,Soybean,50,05/12/2024,90,Yes,Yes
87196,21190,Soybean,25,26/12/2024,70,Yes,Yes
84831,21193,Soybean,20,23/12/2024,45,Yes,Yes
101230,23596,Soybean,25,11/12/2024,55,No,Yes
81783,23604,Soybean,20,29/12/2024,70,Yes,Yes
80741,23605,Groundnuts,20,12/12/2024,50,Yes,Yes
103358,23610,Beans,20,28/01/2025,50,No,Yes
89546,23614,Groundnuts,20,02/11/2024,20,No,Yes
107662,23617,Beans,20,20/02/2025,60,No,Yes
97165,23618,Soybean,25,23/12/2024,45,Yes,Yes
103502,23620,Beans,40,05/02/2025,45,No,Yes
103567,23623,Beans,40,03/02/2025,50,No,Yes
103504,23624,Beans,40,08/02/2025,50,No,Yes
103553,23625,Beans,20,03/02/2025,50,No,Yes
91105,23637,Groundnuts,40,17/12/2024,50,Yes,Yes
88210,23638,Soybean,75,02/01/2025,75,Yes,Yes
90789,23643,Soybean,25,29/12/2024,50,Yes,Yes
89373,23645,Soybean,25,24/12/2024,50,Yes,Yes
79557,23648,Soybean,50,27/11/2024,45,No,Yes
84073,23650,Soybean,25,28/11/2024,50,Yes,Yes
79220,23651,Soybean,25,02/12/2024,45,No,Yes
103398,23653,Beans,20,03/02/2025,50,No,Yes
82598,23656,Soybean,25,15/12/2024,45,Yes,Yes
105948,23664,Beans,20,04/02/2025,50,No,Yes
82193,23668,Soybean,25,21/12/2024,60,Yes,Yes
104600,23670,Beans,20,05/02/2025,50,No,Yes
103556,23673,Beans,40,04/02/2025,50,No,Yes
101987,23676,Beans,20,03/02/2025,60,No,Yes
102606,23677,Beans,20,03/02/2025,60,No,Yes
103355,23679,Beans,20,29/01/2025,50,No,Yes
81761,23681,Soybean,25,30/12/2024,30,Yes,Yes
104615,23686,Beans,40,05/02/2025,45,No,Yes
104619,23688,Beans,40,05/02/2025,50,No,Yes
103552,23692,Beans,40,04/02/2025,50,No,Yes
102607,23712,Beans,40,03/02/2025,60,No,Yes
102954,23716,Beans,20,03/02/2025,50,No,Yes
102678,23721,Beans,20,05/02/2025,10,No,Yes
102371,23722,Beans,20,10/02/2025,10,No,Yes
79034,23724,Groundnuts,20,01/12/2024,20,Yes,Yes
84827,21197,Soybean,25,29/11/2024,45,Yes,Yes
86415,21216,Soybean,75,30/12/2024,50,Yes,Yes
101054,21217,Soybean,25,06/01/2025,85,Yes,Yes
101041,21218,Soybean,25,01/01/2025,85,Yes,Yes
79666,21220,Groundnuts,20,02/12/2024,35,No,Yes
100922,21224,Soybean,125,13/12/2024,75,Yes,Yes
82751,21226,Soybean,25,18/12/2024,90,Yes,Yes
101044,21230,Soybean,75,25/12/2024,75,Yes,Yes
101053,21231,Soybean,50,27/12/2024,85,Yes,Yes
94745,21238,Soybean,25,11/01/2025,80,Yes,Yes
88614,21247,Soybean,75,13/12/2024,45,Yes,Yes
102608,23732,Beans,20,03/02/2025,60,Yes,Yes
79036,23734,Groundnuts,40,03/12/2024,3,Yes,Yes
102971,23737,Beans,20,05/02/2025,45,No,Yes
103517,23746,Beans,20,03/02/2025,50,No,Yes
102611,23754,Beans,20,03/02/2025,60,No,Yes
103576,23759,Beans,40,03/02/2025,50,No,Yes
102594,23772,Beans,20,06/02/2025,40,No,Yes
97176,23778,Soybean,25,02/01/2025,55,Yes,Yes
97188,23780,Soybean,50,03/01/2025,45,Yes,Yes
97116,23781,Soybean,25,15/12/2024,55,Yes,Yes
97129,23782,Soybean,25,15/01/2025,55,Yes,Yes
87394,21258,Soybean,25,16/11/2024,45,No,Yes
83382,21261,Soybean,75,15/12/2024,50,No,Yes
85370,21263,Soybean,50,15/12/2024,45,No,Yes
91277,21264,Soybean,50,09/12/2024,45,No,Yes
88272,21267,Soybean,50,02/01/2025,45,No,Yes
91381,21274,Soybean,50,02/01/2025,45,No,Yes
91379,21275,Soybean,25,03/01/2025,45,No,Yes
91375,21276,Soybean,50,06/01/2025,45,No,Yes
91285,21277,Soybean,25,03/01/2025,45,No,Yes
89874,21278,Soybean,50,04/01/2025,45,No,Yes
91271,21282,Soybean,50,05/01/2025,45,No,Yes
108255,23785,Beans,20,06/02/2025,15,No,Yes
98755,23789,Soybean,50,25/12/2024,50,Yes,Yes
94220,23791,Soybean,25,20/12/2024,75,No,Yes
90603,23803,Groundnuts,30,23/12/2024,75,No,Yes
108877,23805,Beans,20,09/02/2025,75,No,No
108635,23808,Beans,20,07/02/2025,75,No,Yes
108886,23810,Beans,20,06/02/2025,75,No,Yes
108887,23811,Beans,20,06/02/2025,75,No,Yes
90658,23811,Groundnuts,30,30/12/2024,75,No,Yes
108888,23813,Beans,20,03/02/2025,75,No,Yes
108992,23814,Beans,10,08/02/2025,75,No,Yes
90661,23814,Groundnuts,60,30/12/2024,75,No,Yes
90662,23815,Groundnuts,30,25/12/2024,75,No,Yes
90637,21284,Soybean,50,04/01/2025,45,No,Yes
87392,21290,Soybean,25,15/12/2024,45,No,Yes
88792,21292,Soybean,50,30/12/2024,50,Yes,Yes
89761,21302,Soybean,25,30/12/2024,50,Yes,Yes
91202,21308,Soybean,25,03/01/2025,20,No,Yes
84427,21313,Soybean,25,08/12/2024,16,Yes,Yes
79113,21320,Soybean,50,09/12/2024,35,Yes,Yes
79111,21321,Soybean,25,09/12/2024,45,Yes,Yes
79112,21322,Soybean,19,09/12/2024,45,Yes,Yes
84425,21327,Soybean,25,01/01/2025,15,Yes,Yes
79109,21328,Soybean,15,09/12/2024,25,Yes,Yes
79115,21329,Soybean,25,08/12/2024,45,Yes,Yes
79119,21331,Soybean,25,08/12/2024,45,Yes,Yes
79118,21332,Soybean,75,08/12/2024,45,Yes,Yes
79190,21339,Soybean,25,08/12/2024,15,Yes,Yes
95404,21342,Soybean,25,09/01/2025,5,Yes,Yes
105005,21349,Beans,20,10/02/2025,15,No,Yes
102427,21350,Beans,20,25/01/2025,10,No,Yes
102330,21352,Beans,20,15/02/2025,20,Yes,Yes
105006,21354,Beans,20,01/02/2025,20,No,Yes
104847,21355,Beans,40,06/02/2025,10,No,Yes
104844,21357,Beans,20,04/02/2025,10,No,Yes
105010,21361,Beans,20,03/02/2025,10,No,Yes
104843,21362,Beans,20,08/02/2025,15,No,Yes
109015,23816,Beans,10,07/02/2025,75,No,Yes
108998,23820,Beans,10,08/02/2025,75,No,Yes
92143,23820,Groundnuts,30,26/12/2024,75,No,Yes
104459,23827,Beans,20,10/02/2025,30,No,Yes
102282,23831,Beans,20,01/02/2025,10,No,Yes
83452,23834,Groundnuts,20,30/12/2024,50,No,Yes
90264,23837,Groundnuts,20,19/11/2024,45,No,Yes
93557,23852,Soybean,25,06/01/2025,15,Yes,Yes
85260,23854,Soybean,25,21/12/2024,50,Yes,Yes
102376,23856,Beans,20,06/02/2025,10,No,Yes
93584,23857,Soybean,25,02/01/2025,15,Yes,Yes
86196,21367,Soybean,1,31/12/2024,50,Yes,Yes
92023,21369,Soybean,50,01/01/2025,65,Yes,Yes
86262,21372,Soybean,1,18/12/2024,50,Yes,Yes
83786,21376,Soybean,1,30/11/2024,50,Yes,Yes
92921,21379,Soybean,25,19/12/2024,45,Yes,No
91225,21380,Soybean,25,09/01/2025,45,Yes,Yes
79483,21383,Soybean,50,15/12/2024,50,No,Yes
87592,21392,Soybean,50,02/01/2025,50,Yes,Yes
85523,21394,Soybean,12,31/12/2024,50,Yes,Yes
85841,21395,Soybean,2,28/12/2024,50,Yes,Yes
85526,21397,Soybean,50,31/12/2024,50,Yes,Yes
86567,21398,Soybean,50,01/01/2025,50,Yes,Yes
81064,23868,Soybean,25,07/12/2024,55,Yes,Yes
94728,23874,Soybean,25,27/12/2024,85,Yes,Yes
94229,23875,Soybean,50,06/01/2025,85,Yes,Yes
93563,23879,Soybean,25,14/01/2025,15,Yes,Yes
93559,23884,Soybean,25,08/01/2025,15,Yes,Yes
93575,23888,Soybean,25,14/01/2025,15,Yes,Yes
93578,23889,Soybean,25,18/12/2024,15,Yes,Yes
77856,23894,Soybean,25,13/12/2024,60,Yes,Yes
82179,23898,Groundnuts,20,14/12/2024,60,Yes,Yes
82176,23900,Groundnuts,20,10/12/2024,57,Yes,Yes
78007,21400,Soybean,25,05/12/2024,50,Yes,Yes
89329,21402,Soybean,50,01/01/2025,50,Yes,Yes
90841,21408,Soybean,25,01/01/2025,50,Yes,Yes
82259,21411,Soybean,25,26/12/2024,50,Yes,Yes
82261,21412,Soybean,25,23/12/2024,50,Yes,Yes
89582,21417,Soybean,25,08/12/2024,50,Yes,Yes
90057,21418,Soybean,25,09/01/2025,50,Yes,Yes
78890,21419,Groundnuts,20,16/12/2024,50,No,Yes
90709,21423,Soybean,25,22/12/2024,45,Yes,Yes
89584,21427,Soybean,50,20/12/2024,70,Yes,No
89542,21431,Soybean,25,14/12/2024,45,Yes,Yes
82175,23900,Soybean,25,16/12/2024,56,Yes,Yes
86832,23902,Soybean,25,31/12/2024,60,Yes,Yes
88943,23903,Soybean,25,28/12/2024,66,Yes,Yes
86837,23907,Soybean,25,14/12/2024,60,Yes,Yes
87028,23914,Soybean,25,26/12/2024,50,Yes,Yes
82968,23918,Soybean,25,20/12/2024,50,Yes,Yes
98876,23926,Soybean,25,03/01/2025,50,Yes,Yes
85426,23937,Soybean,25,06/01/2025,15,Yes,Yes
93582,23938,Soybean,25,25/12/2024,15,Yes,Yes
85239,23945,Soybean,25,28/12/2024,50,Yes,Yes
82811,23956,Soybean,25,10/12/2024,40,Yes,Yes
101921,23959,Beans,40,10/02/2025,15,Yes,Yes
82951,23964,Soybean,50,29/12/2024,50,Yes,Yes
96402,23975,Soybean,25,19/01/2025,50,Yes,Yes
102400,23981,Beans,10,12/02/2025,10,No,Yes
80161,23982,Soybean,25,17/12/2024,55,Yes,Yes
85899,23995,Soybean,50,06/01/2025,45,Yes,Yes
80019,24000,Soybean,25,13/12/2024,60,Yes,Yes
94232,24004,Soybean,25,10/12/2024,90,Yes,Yes
89712,21441,Soybean,25,13/12/2024,45,Yes,Yes
90357,21442,Soybean,50,18/12/2024,60,Yes,Yes
90317,21445,Soybean,25,29/11/2024,45,Yes,Yes
93153,21446,Soybean,25,17/12/2024,60,Yes,No
90316,21447,Soybean,25,26/12/2024,60,Yes,Yes
90311,21450,Soybean,75,19/01/2025,45,Yes,Yes
96123,21451,Soybean,50,10/01/2025,45,Yes,Yes
87792,21453,Soybean,25,10/01/2025,45,Yes,Yes
96129,21456,Soybean,25,08/01/2025,45,Yes,Yes
87738,21457,Soybean,25,17/01/2025,45,Yes,Yes
96106,21458,Soybean,25,07/01/2025,45,Yes,Yes
96158,21463,Soybean,50,30/01/2025,45,Yes,Yes
87824,21475,Soybean,50,27/12/2024,2,Yes,Yes
87316,21481,Soybean,25,02/01/2025,2,Yes,Yes
103458,21490,Beans,40,09/03/2025,60,No,Yes
103346,21501,Beans,80,07/02/2025,60,No,No
103353,21503,Beans,20,09/02/2025,80,No,Yes
103337,21504,Beans,80,08/02/2025,70,No,Yes
103349,21509,Beans,80,12/02/2025,80,No,Yes
103344,21516,Beans,60,08/02/2025,60,No,Yes
103324,21518,Beans,60,12/02/2025,80,No,Yes
88705,21520,Soybean,25,01/01/2025,45,No,Yes
86856,21537,Soybean,50,02/01/2025,2,Yes,Yes
87865,21538,Soybean,25,03/01/2025,2,Yes,Yes
94675,24005,Soybean,25,27/11/2024,80,Yes,Yes
94702,24006,Soybean,25,05/12/2024,75,Yes,Yes
85911,24014,Soybean,25,01/01/2025,45,Yes,Yes
86142,24016,Soybean,50,03/01/2025,45,Yes,Yes
103437,24021,Beans,20,11/02/2025,60,No,Yes
86295,24028,Soybean,50,08/01/2025,45,Yes,Yes
108621,24031,Beans,20,12/02/2025,20,No,Yes
103574,24032,Beans,40,03/02/2025,50,No,Yes
104612,24033,Beans,40,05/02/2025,9,No,Yes
103515,24034,Beans,20,04/02/2025,45,No,Yes
103573,24036,Beans,40,04/02/2025,50,No,Yes
94693,24049,Soybean,25,01/01/2025,80,Yes,Yes
94734,24051,Soybean,25,05/01/2025,85,Yes,Yes
91989,24052,Soybean,25,01/12/2024,76,No,Yes
94705,24057,Soybean,25,05/01/2025,78,Yes,Yes
94731,24059,Soybean,25,08/01/2025,85,Yes,Yes
103093,24067,Beans,20,06/02/2025,15,Yes,Yes
87149,24071,Soybean,25,01/01/2025,45,Yes,Yes
82218,24080,Soybean,25,20/12/2024,50,Yes,Yes
101798,24083,Beans,40,05/02/2025,10,Yes,Yes
86745,24085,Soybean,50,06/01/2025,45,Yes,Yes
90083,21539,Soybean,25,02/01/2025,45,No,Yes
87036,21543,Soybean,25,02/01/2025,2,Yes,Yes
93715,21548,Soybean,25,28/12/2024,50,No,Yes
87453,21554,Soybean,25,01/01/2025,2,Yes,Yes
103174,21562,Beans,20,04/02/2025,45,No,Yes
102494,21576,Beans,20,05/02/2025,45,No,Yes
91057,21583,Soybean,25,12/01/2025,50,Yes,Yes
91326,21585,Soybean,25,11/01/2025,50,Yes,Yes
91325,21587,Soybean,75,08/01/2025,50,Yes,Yes
86859,21593,Soybean,25,07/01/2025,50,Yes,Yes
80696,21597,Soybean,25,15/12/2024,50,No,Yes
102487,21599,Beans,40,02/02/2025,10,No,Yes
102235,21607,Beans,20,02/02/2025,45,No,Yes
80655,21615,Soybean,25,14/12/2024,50,No,Yes
78158,21618,Soybean,25,11/12/2024,50,No,Yes
77920,21627,Soybean,25,28/11/2024,50,No,Yes
86331,21635,Soybean,50,28/12/2024,50,No,Yes
87563,21641,Soybean,25,07/01/2025,50,No,Yes
96110,21642,Soybean,50,09/01/2025,45,No,Yes
88410,24088,Soybean,50,01/01/2025,65,Yes,Yes
100288,24095,Groundnuts,20,27/11/2024,50,No,Yes
100556,24098,Groundnuts,20,28/11/2024,50,No,Yes
99678,24101,Groundnuts,20,27/11/2024,50,No,Yes
101017,24104,Groundnuts,20,20/11/2024,50,No,Yes
99768,24107,Groundnuts,20,06/12/2024,50,No,Yes
100290,24111,Groundnuts,20,03/12/2024,50,No,Yes
100436,24112,Groundnuts,20,03/12/2024,50,No,Yes
100431,24119,Groundnuts,20,18/12/2024,50,No,Yes
100559,24121,Groundnuts,20,30/11/2024,50,No,Yes
100434,24122,Groundnuts,28,31/12/2024,50,No,Yes
91758,21647,Soybean,25,03/01/2025,45,Yes,Yes
97056,21651,Soybean,25,28/12/2024,56,Yes,Yes
97384,21653,Soybean,25,04/01/2025,90,Yes,Yes
97381,21654,Soybean,25,01/01/2025,90,Yes,Yes
95407,21659,Soybean,25,21/12/2024,90,Yes,Yes
95385,21663,Soybean,25,17/12/2024,90,Yes,Yes
80305,21669,Soybean,8,15/12/2024,45,Yes,Yes
86656,21683,Soybean,25,05/01/2025,45,Yes,Yes
100438,24124,Groundnuts,20,26/11/2024,50,No,Yes
101036,24128,Groundnuts,20,04/12/2024,50,No,Yes
100979,24129,Groundnuts,20,18/12/2024,50,No,Yes
100859,24133,Groundnuts,20,29/11/2024,50,No,Yes
101015,24137,Groundnuts,20,14/11/2024,50,No,Yes
100555,24138,Groundnuts,20,16/12/2024,50,No,Yes
101126,24142,Groundnuts,20,16/11/2024,50,No,Yes
100284,24146,Groundnuts,20,21/11/2024,50,No,Yes
100898,24147,Groundnuts,20,15/12/2024,50,No,Yes
105947,24156,Beans,20,03/02/2025,50,No,Yes
103309,24161,Beans,40,04/02/2025,70,No,Yes
86769,24164,Soybean,25,03/01/2025,45,Yes,Yes
99776,24165,Soybean,25,01/01/2025,55,No,Yes
94593,24171,Soybean,25,22/12/2024,45,Yes,Yes
85390,24177,Soybean,25,04/01/2025,45,Yes,Yes
84017,24179,Soybean,25,01/01/2025,45,No,Yes
87767,24180,Soybean,25,06/01/2025,45,Yes,Yes
83980,24181,Soybean,25,09/12/2024,45,Yes,Yes
93101,24183,Groundnuts,20,03/12/2024,20,No,Yes
86224,24185,Soybean,25,21/12/2024,50,Yes,Yes
96090,21689,Soybean,25,17/01/2025,45,Yes,Yes
91102,21692,Soybean,25,26/01/2025,45,Yes,Yes
90093,21700,Soybean,50,03/12/2024,45,No,Yes
88678,21704,Soybean,25,01/01/2025,45,No,Yes
90075,21709,Soybean,25,04/01/2025,45,No,Yes
88703,21715,Soybean,25,29/12/2024,41,No,Yes
88697,21718,Soybean,25,20/12/2024,42,No,Yes
90101,21722,Soybean,25,01/01/2025,45,No,Yes
88695,21723,Soybean,25,14/12/2024,42,No,Yes
79685,21728,Soybean,25,10/12/2024,50,Yes,Yes
79682,21729,Soybean,20,13/12/2024,50,Yes,Yes
87984,21731,Soybean,20,02/01/2025,50,Yes,Yes
83289,21735,Soybean,13,29/11/2024,50,Yes,Yes
94068,21743,Soybean,25,05/01/2025,55,Yes,Yes
91034,21749,Soybean,25,02/01/2025,45,Yes,Yes
94569,21755,Soybean,75,13/01/2025,45,Yes,Yes
82368,21761,Groundnuts,20,10/12/2024,50,No,Yes
79437,21763,Soybean,25,13/12/2024,50,No,Yes
80697,21766,Soybean,25,10/12/2024,50,No,Yes
81685,21769,Soybean,25,17/12/2024,50,No,Yes
86930,24188,Soybean,25,02/01/2025,45,Yes,Yes
108668,24190,Beans,20,07/02/2025,20,No,Yes
88403,24194,Soybean,50,01/01/2025,65,Yes,Yes
83260,24195,Soybean,25,25/12/2024,50,Yes,Yes
79979,24200,Soybean,25,11/12/2024,60,Yes,Yes
101275,24208,Soybean,25,10/12/2024,50,Yes,Yes
104929,24211,Beans,40,01/02/2025,15,No,Yes
91262,24218,Soybean,25,03/01/2025,55,Yes,Yes
97912,24223,Soybean,50,15/12/2024,60,Yes,Yes
93616,24227,Soybean,25,30/12/2024,15,Yes,No
102440,24228,Beans,20,04/02/2025,80,No,No
103621,24235,Beans,20,02/02/2025,60,No,Yes
90002,24239,Soybean,25,20/12/2024,50,Yes,Yes
89996,24240,Soybean,50,20/12/2024,50,Yes,Yes
83413,24245,Groundnuts,120,26/12/2024,15,Yes,Yes
99933,24247,Groundnuts,20,29/12/2024,50,No,Yes
100286,24248,Groundnuts,20,26/11/2024,50,No,Yes
101481,24254,Groundnuts,20,03/12/2024,50,No,Yes
86100,21789,Soybean,25,10/12/2024,45,Yes,Yes
92026,21792,Soybean,25,04/01/2025,45,No,Yes
107124,21797,Beans,20,04/02/2025,10,No,Yes
108689,21798,Beans,20,05/02/2025,15,No,Yes
103168,21802,Beans,40,05/02/2025,10,No,Yes
108686,21806,Beans,20,03/02/2025,16,No,Yes
102639,21809,Beans,40,10/02/2025,50,No,Yes
103842,21813,Beans,40,07/02/2025,60,No,Yes
103369,21818,Beans,80,29/01/2025,75,No,Yes
108684,21827,Beans,20,06/02/2025,16,No,Yes
90748,21829,Soybean,50,15/12/2024,45,Yes,Yes
87965,21836,Soybean,25,06/01/2025,45,No,Yes
101792,24256,Beans,40,10/02/2025,15,Yes,Yes
101484,24258,Groundnuts,20,25/11/2024,50,No,Yes
106955,24265,Beans,20,05/02/2025,10,No,Yes
102083,24273,Beans,20,04/02/2025,62,No,Yes
103815,24278,Beans,20,09/02/2025,50,No,Yes
104337,24280,Beans,20,03/02/2025,10,Yes,Yes
103262,24281,Beans,20,29/01/2025,50,No,Yes
104334,24292,Beans,20,08/02/2025,10,Yes,Yes
103288,24294,Beans,40,06/02/2025,70,No,Yes
104329,24299,Beans,20,06/02/2025,10,Yes,Yes
103910,24300,Beans,40,03/02/2025,50,No,Yes
81213,24312,Groundnuts,60,27/11/2024,70,No,Yes
98298,24318,Soybean,25,23/01/2025,65,Yes,Yes
94189,24319,Soybean,25,08/01/2025,75,Yes,Yes
98308,24321,Soybean,25,23/01/2025,70,Yes,Yes
98301,24323,Soybean,25,17/01/2025,70,Yes,Yes
98303,24324,Soybean,20,17/01/2025,60,Yes,Yes
78458,24334,Groundnuts,20,30/11/2024,70,No,Yes
81850,24335,Groundnuts,80,27/01/2025,70,No,Yes
87964,21838,Soybean,50,06/01/2025,45,No,Yes
87966,21843,Soybean,25,06/01/2025,45,No,Yes
108681,21847,Beans,20,02/02/2025,16,No,Yes
90749,21849,Soybean,50,12/12/2024,45,Yes,Yes
108677,21850,Beans,20,08/02/2025,15,No,Yes
84435,21851,Soybean,50,25/12/2024,45,No,Yes
97926,21858,Soybean,50,17/12/2024,60,Yes,Yes
108680,21859,Beans,20,05/02/2025,15,No,Yes
86312,21870,Soybean,50,01/01/2025,50,No,Yes
86308,21872,Soybean,50,01/01/2025,45,No,Yes
88745,21876,Soybean,25,03/01/2025,50,No,Yes
82582,21877,Soybean,25,19/12/2024,50,No,Yes
82716,21889,Soybean,50,28/11/2024,45,Yes,Yes
102455,21905,Beans,40,05/02/2025,60,No,Yes
82587,21907,Soybean,25,28/12/2024,50,No,Yes
84523,21911,Soybean,25,01/01/2025,50,No,Yes
78526,21913,Soybean,25,10/12/2024,50,No,Yes
92417,21918,Soybean,50,18/12/2024,60,No,No
79322,21925,Soybean,100,05/12/2024,45,No,Yes
97393,21928,Beans,25,02/01/2025,90,Yes,Yes
86933,21931,Soybean,25,07/12/2024,45,No,Yes
92524,21934,Soybean,25,05/01/2025,55,Yes,Yes
102635,21936,Beans,40,10/02/2025,50,Yes,Yes
87248,21938,Soybean,25,10/12/2024,45,Yes,Yes
82790,21945,Soybean,25,10/12/2024,45,Yes,Yes
82878,21951,Soybean,25,10/12/2024,45,Yes,Yes
82792,21957,Soybean,25,10/12/2024,45,Yes,Yes
82856,21961,Soybean,25,10/12/2024,45,Yes,Yes
82891,21963,Soybean,50,28/12/2024,45,Yes,Yes
97394,21973,Soybean,25,30/12/2024,90,Yes,No
87251,24347,Soybean,50,01/01/2025,45,Yes,Yes
105189,24349,Beans,20,04/02/2025,10,No,Yes
87252,24354,Soybean,25,03/01/2025,35,Yes,Yes
106929,24355,Beans,40,04/02/2025,10,No,Yes
85343,24356,Soybean,100,10/12/2024,50,Yes,Yes
110788,24361,Beans,20,04/02/2025,10,No,Yes
87606,24363,Soybean,50,07/01/2025,45,Yes,Yes
102367,24364,Beans,20,06/02/2025,10,No,Yes
102864,24372,Beans,20,01/02/2025,10,Yes,Yes
102867,24382,Beans,20,05/02/2025,10,Yes,Yes
102997,24383,Beans,20,02/02/2025,10,Yes,Yes
87607,24387,Soybean,25,02/01/2025,45,Yes,Yes
103009,24389,Beans,40,09/02/2025,10,Yes,Yes
105973,24391,Beans,20,19/03/2025,10,Yes,Yes
88101,24392,Soybean,25,07/01/2025,45,Yes,Yes
107458,24397,Beans,20,01/02/2025,10,Yes,Yes
88102,24399,Soybean,50,07/01/2025,45,Yes,Yes
82701,24405,Soybean,25,08/12/2024,40,Yes,Yes
88104,24414,Soybean,25,02/01/2025,46,Yes,Yes
88539,24416,Soybean,25,02/01/2025,45,Yes,Yes
108666,24419,Beans,20,07/02/2025,30,No,Yes
112834,24432,Beans,80,05/02/2025,60,No,Yes
104713,24444,Beans,20,06/03/2025,15,Yes,Yes
105831,24450,Beans,20,01/02/2025,15,No,Yes
96953,21977,Soybean,25,15/12/2024,75,Yes,Yes
85770,21978,Soybean,25,11/01/2025,45,Yes,Yes
88744,21981,Soybean,25,03/01/2025,45,No,Yes
89123,21983,Soybean,25,04/01/2025,45,No,Yes
86314,21987,Soybean,25,04/01/2025,45,No,No
86587,21989,Soybean,25,07/01/2025,45,No,Yes
100378,21993,Soybean,25,01/01/2025,60,Yes,Yes
82110,21994,Soybean,25,09/12/2024,70,Yes,Yes
86593,21997,Soybean,25,06/01/2025,45,Yes,Yes
94167,22004,Soybean,25,07/01/2025,50,Yes,Yes
86370,22006,Groundnuts,20,01/01/2025,50,No,Yes
96143,22010,Soybean,25,05/01/2025,50,Yes,Yes
85458,22013,Groundnuts,20,03/01/2025,50,No,Yes
85477,22017,Groundnuts,20,02/01/2025,50,No,Yes
89319,22019,Groundnuts,40,04/01/2025,50,No,Yes
89930,22023,Groundnuts,40,03/01/2025,50,No,Yes
87617,22024,Groundnuts,20,04/01/2025,50,No,Yes
105283,24453,Beans,10,12/02/2025,10,No,Yes
102402,24459,Beans,10,12/02/2025,10,No,Yes
85729,24459,Groundnuts,30,30/12/2024,75,No,Yes
108788,24460,Beans,10,13/02/2025,10,No,Yes
85731,24460,Groundnuts,30,26/12/2024,75,No,Yes
105712,24466,Beans,10,15/02/2025,10,No,Yes
85734,24468,Groundnuts,30,30/12/2024,75,No,Yes
104962,24470,Beans,40,03/02/2025,15,No,Yes
104928,24471,Beans,40,01/02/2025,10,No,Yes
86621,24472,Groundnuts,30,26/12/2024,75,No,Yes
86633,24478,Groundnuts,30,25/12/2024,75,No,Yes
95496,22025,Soybean,25,01/01/2025,50,Yes,Yes
85480,22027,Groundnuts,40,02/01/2025,50,No,Yes
88752,22028,Groundnuts,20,05/01/2025,50,No,Yes
88742,22034,Soybean,25,03/01/2025,45,No,Yes
89124,22035,Soybean,25,04/01/2025,45,No,Yes
92548,22044,Soybean,50,08/01/2025,55,Yes,Yes
92433,22045,Soybean,50,17/12/2024,55,Yes,Yes
78527,22048,Soybean,25,08/12/2024,50,Yes,Yes
80613,22049,Soybean,25,15/12/2024,50,No,No
92466,22051,Soybean,25,06/01/2025,55,Yes,Yes
118522,22055,Beans,20,01/03/2025,50,No,Yes
107794,24480,Beans,10,10/02/2025,60,No,Yes
86571,24489,Groundnuts,30,24/12/2024,75,No,Yes
107800,24494,Beans,40,08/02/2025,60,No,Yes
86582,24496,Groundnuts,30,24/12/2024,75,No,Yes
107793,24499,Beans,10,08/02/2025,60,No,Yes
86576,24499,Groundnuts,30,24/12/2024,75,No,Yes
87627,24500,Groundnuts,30,24/12/2024,75,No,Yes
80317,24511,Soybean,25,15/12/2024,90,Yes,Yes
84278,24514,Soybean,75,05/12/2024,75,Yes,Yes
90500,24528,Soybean,25,03/01/2025,45,No,Yes
110274,24530,Beans,40,19/02/2025,60,No,Yes
109423,22057,Beans,20,25/02/2025,50,No,Yes
86447,22058,Groundnuts,20,16/11/2024,30,Yes,Yes
100329,22062,Groundnuts,20,08/11/2024,20,Yes,Yes
96874,22063,Soybean,25,18/12/2024,45,Yes,Yes
86606,22067,Groundnuts,20,10/12/2024,30,Yes,Yes
110296,24531,Beans,40,18/02/2025,60,No,Yes
110278,24532,Beans,40,20/02/2025,60,No,Yes
110158,24538,Beans,60,12/02/2025,70,No,Yes
105359,24539,Beans,20,01/02/2025,10,No,Yes
91222,24542,Soybean,50,09/12/2024,50,No,Yes
108955,24545,Beans,10,07/02/2025,60,No,Yes
108958,24548,Beans,10,08/02/2025,60,No,Yes
86772,24551,Groundnuts,30,24/12/2024,75,No,Yes
108962,24552,Beans,10,17/02/2025,60,No,Yes
108964,24554,Beans,10,08/02/2025,60,No,Yes
107799,24555,Beans,10,08/02/2025,60,No,Yes
108965,24556,Beans,10,08/02/2025,60,No,Yes
86448,22069,Groundnuts,20,13/11/2024,20,Yes,Yes
92443,22075,Soybean,50,20/12/2024,50,Yes,Yes
78852,22089,Soybean,25,16/12/2024,50,Yes,Yes
103854,22093,Beans,20,01/02/2025,50,No,Yes
108678,22094,Beans,20,04/02/2025,14,No,Yes
86149,22102,Soybean,25,27/12/2024,45,Yes,Yes
80057,22105,Soybean,5,15/12/2024,57,Yes,Yes
78818,22112,Soybean,50,15/12/2024,50,Yes,Yes
79242,22116,Soybean,25,16/12/2024,50,Yes,Yes
81638,22118,Soybean,25,15/12/2024,50,Yes,Yes
82943,22120,Soybean,25,20/12/2024,50,Yes,Yes
107805,24561,Beans,10,10/02/2025,60,No,Yes
108969,24567,Beans,10,08/02/2025,60,No,Yes
108971,24569,Beans,10,08/02/2025,60,No,Yes
108972,24570,Beans,10,08/02/2025,60,No,Yes
78804,24583,Groundnuts,20,18/11/2024,45,Yes,Yes
81702,24583,Soybean,25,21/11/2024,40,No,Yes
79258,24587,Groundnuts,20,23/12/2024,45,Yes,Yes
87057,24592,Soybean,25,17/12/2024,50,No,Yes
93588,24596,Soybean,25,29/12/2024,45,No,Yes
93587,24601,Soybean,25,29/12/2024,45,No,Yes
92643,24603,Soybean,25,31/12/2024,45,No,Yes
79559,22126,Soybean,100,29/11/2024,45,No,Yes
86383,22130,Soybean,25,01/01/2025,40,Yes,Yes
84112,22133,Soybean,25,10/12/2024,35,Yes,Yes
79537,22157,Soybean,50,11/12/2024,46,Yes,Yes
86826,22163,Soybean,50,06/01/2025,45,Yes,Yes
88293,22175,Soybean,25,06/12/2024,63,Yes,Yes
86687,22177,Soybean,125,05/12/2024,48,Yes,Yes
86864,22180,Soybean,25,06/12/2024,47,Yes,Yes
84061,22184,Soybean,25,01/01/2025,45,Yes,Yes
85697,22187,Soybean,50,01/01/2025,46,Yes,Yes
94955,22188,Soybean,50,30/12/2024,90,Yes,Yes
83497,22189,Soybean,25,01/01/2025,46,Yes,Yes
105444,24604,Beans,20,05/02/2025,80,No,No
87608,24642,Groundnuts,30,27/12/2024,75,No,Yes
86922,24644,Groundnuts,20,28/12/2024,75,No,Yes
88333,24646,Groundnuts,20,31/12/2024,75,No,Yes
87092,24647,Groundnuts,20,29/12/2024,75,No,Yes
88222,24654,Groundnuts,15,31/12/2024,75,No,Yes
88114,24658,Groundnuts,20,28/12/2024,75,No,Yes
94914,22191,Soybean,25,22/12/2024,48,Yes,Yes
93338,22192,Groundnuts,20,29/11/2024,35,Yes,Yes
90785,22200,Soybean,25,28/12/2024,50,Yes,Yes
89580,22203,Soybean,25,14/12/2024,50,Yes,Yes
89292,22205,Soybean,75,14/12/2024,50,Yes,Yes
118270,22207,Beans,20,12/03/2025,50,No,Yes
82531,22209,Soybean,25,19/12/2024,45,No,Yes
81994,22212,Soybean,25,19/12/2024,45,No,Yes
86881,22214,Soybean,25,21/12/2024,40,No,Yes
88683,22215,Soybean,25,18/12/2024,45,No,Yes
83869,22217,Soybean,50,29/12/2024,46,No,Yes
83875,22218,Soybean,50,19/12/2024,46,No,Yes
96865,22222,Soybean,25,08/12/2024,49,Yes,Yes
84546,22229,Soybean,50,17/12/2024,50,Yes,Yes
91050,22233,Soybean,50,11/12/2024,45,Yes,Yes
79369,22235,Groundnuts,40,20/11/2024,50,Yes,Yes
81375,22237,Soybean,50,22/12/2024,45,Yes,Yes
79401,22243,Soybean,25,15/12/2024,50,Yes,Yes
81027,22244,Groundnuts,20,17/12/2024,50,No,Yes
88375,22251,Groundnuts,20,04/01/2025,50,No,Yes
82056,22252,Groundnuts,20,07/12/2024,50,No,Yes
87882,22256,Groundnuts,20,04/01/2025,50,No,Yes
83873,22257,Soybean,25,10/12/2024,40,No,Yes
83885,22258,Soybean,25,15/12/2024,40,No,Yes
79287,22267,Soybean,50,15/12/2024,50,No,Yes
79842,22275,Groundnuts,20,18/11/2024,50,Yes,Yes
84541,22275,Soybean,50,08/12/2024,50,Yes,Yes
82065,22279,Groundnuts,20,18/12/2024,50,No,Yes
81374,22293,Soybean,50,23/12/2024,45,Yes,Yes
84544,22294,Soybean,50,25/12/2024,50,Yes,Yes
84543,22296,Soybean,25,25/12/2024,50,Yes,Yes
103876,22300,Beans,40,06/02/2025,50,No,Yes
87103,24662,Groundnuts,20,28/12/2024,75,No,Yes
81604,24682,Soybean,25,18/12/2024,45,Yes,Yes
82015,24684,Soybean,50,26/12/2024,45,No,Yes
81476,24685,Groundnuts,20,22/12/2024,45,No,Yes
85074,24686,Groundnuts,20,18/11/2024,45,No,Yes
110159,24688,Beans,40,07/02/2025,60,No,Yes
81975,24691,Soybean,25,20/12/2024,45,Yes,Yes
88028,24708,Soybean,25,02/01/2025,45,Yes,Yes
101784,24709,Beans,20,04/02/2025,15,No,Yes
84294,22301,Soybean,50,23/12/2024,2,Yes,Yes
89654,22311,Soybean,25,26/11/2024,50,Yes,Yes
86213,22322,Soybean,25,03/01/2025,50,Yes,Yes
91343,22323,Groundnuts,20,29/11/2024,50,Yes,Yes
86304,22326,Soybean,25,02/12/2024,50,Yes,Yes
103131,22334,Beans,40,05/02/2025,50,No,Yes
103811,22339,Beans,40,07/02/2025,60,No,Yes
84307,22344,Groundnuts,20,09/12/2024,50,No,Yes
107598,22345,Beans,20,12/02/2025,10,No,Yes
86591,22347,Soybean,25,07/01/2025,45,Yes,Yes
95126,22348,Soybean,25,04/01/2025,45,No,Yes
86939,22361,Soybean,25,04/01/2025,45,Yes,No
82263,24713,Soybean,25,07/12/2024,50,Yes,Yes
89718,24722,Soybean,25,19/12/2024,45,No,Yes
115245,24733,Beans,40,07/02/2025,55,No,Yes
89858,24734,Soybean,25,20/12/2024,50,Yes,Yes
83551,24735,Soybean,25,13/12/2024,50,Yes,Yes
80875,24744,Soybean,25,15/12/2024,50,No,Yes
82324,24746,Soybean,25,16/12/2024,50,No,Yes
90502,24747,Soybean,50,01/01/2025,45,No,Yes
80883,24748,Soybean,25,15/12/2024,50,No,Yes
83387,24758,Soybean,25,22/12/2024,50,Yes,Yes
81931,24759,Soybean,25,10/12/2024,50,Yes,Yes
88902,24763,Soybean,25,02/01/2025,46,Yes,Yes
88903,24765,Soybean,25,03/01/2025,45,Yes,Yes
86742,24774,Soybean,25,12/12/2024,47,Yes,Yes
89236,24777,Soybean,25,01/01/2025,45,Yes,Yes
111171,24780,Beans,20,04/02/2025,10,No,Yes
102489,24782,Beans,20,05/02/2025,10,No,Yes
81198,24784,Soybean,25,10/12/2024,45,Yes,Yes
85247,24792,Soybean,75,17/12/2024,60,Yes,Yes
88261,24797,Soybean,25,03/01/2025,65,Yes,Yes
87947,24801,Soybean,25,10/12/2024,50,Yes,Yes
90751,22368,Soybean,25,22/12/2024,45,Yes,Yes
85747,22375,Soybean,50,11/01/2025,45,Yes,Yes
85724,22379,Soybean,25,11/01/2025,45,Yes,Yes
79675,22385,Soybean,25,12/12/2024,50,Yes,Yes
78188,22388,Soybean,25,09/12/2024,50,Yes,Yes
83587,22390,Soybean,25,27/12/2024,45,Yes,Yes
95038,22394,Soybean,50,23/12/2024,90,Yes,Yes
95091,22396,Soybean,25,22/12/2024,75,Yes,Yes
95092,22397,Soybean,25,01/01/2025,49,Yes,Yes
79489,22402,Soybean,50,10/12/2024,50,Yes,Yes
79486,22404,Soybean,25,15/12/2024,50,Yes,Yes
97007,22407,Soybean,25,29/12/2024,90,Yes,Yes
95037,22408,Soybean,25,29/12/2024,90,Yes,Yes
95036,22409,Soybean,25,01/01/2025,81,Yes,Yes
89729,24809,Soybean,25,12/12/2024,50,Yes,Yes
111172,24819,Beans,20,04/02/2025,10,No,Yes
92644,24824,Soybean,25,29/12/2024,45,No,Yes
108335,24829,Beans,20,30/01/2025,8,No,No
81954,24831,Soybean,25,10/12/2024,50,Yes,Yes
90284,24832,Soybean,25,27/12/2024,60,Yes,No
84227,24836,Soybean,25,19/12/2024,50,Yes,Yes
79050,24847,Soybean,15,15/12/2024,50,Yes,Yes
108334,24860,Beans,20,08/02/2025,10,No,Yes
108321,24866,Beans,60,30/01/2025,15,No,No
84095,24868,Soybean,25,30/12/2024,45,Yes,Yes
80551,22414,Soybean,25,13/12/2024,50,No,Yes
89211,22417,Soybean,25,02/01/2025,45,Yes,Yes
103945,22421,Beans,20,05/02/2025,50,No,Yes
83665,22436,Groundnuts,20,14/12/2024,50,No,Yes
88125,22442,Soybean,25,03/01/2025,45,Yes,Yes
103946,22446,Beans,40,04/02/2025,50,No,Yes
91800,22451,Groundnuts,20,15/11/2024,50,Yes,Yes
105017,22473,Beans,20,08/02/2025,15,No,Yes
101569,22487,Soybean,50,04/12/2024,45,Yes,Yes
79485,22490,Soybean,50,11/12/2024,50,No,Yes
101571,22491,Soybean,50,08/12/2024,45,Yes,Yes
108336,24871,Beans,20,20/02/2025,8,No,No
102215,24876,Beans,20,28/01/2025,10,No,No
101753,24882,Beans,20,05/02/2025,10,Yes,Yes
101756,24886,Beans,20,06/02/2025,10,Yes,Yes
83268,24887,Soybean,25,15/12/2024,50,Yes,Yes
86153,24889,Soybean,25,03/01/2025,50,Yes,Yes
101768,24895,Beans,20,10/02/2025,10,Yes,Yes
92645,24897,Soybean,25,26/12/2024,50,No,Yes
101771,24899,Beans,20,05/02/2025,10,Yes,Yes
101772,24904,Beans,20,05/02/2025,10,Yes,Yes
85453,24906,Soybean,6,01/01/2025,9,Yes,Yes
100081,22507,Soybean,25,12/12/2024,45,Yes,Yes
86446,22509,Soybean,25,22/12/2024,45,Yes,Yes
95312,22514,Soybean,25,22/11/2024,45,Yes,Yes
98645,22515,Soybean,25,21/12/2024,45,Yes,Yes
83093,24909,Soybean,25,01/01/2025,50,Yes,Yes
87999,24916,Soybean,50,04/01/2025,45,No,Yes
101833,24924,Beans,20,05/02/2025,10,Yes,Yes
111935,24933,Beans,20,01/02/2025,40,Yes,Yes
114460,24934,Beans,60,20/02/2025,60,No,Yes
86948,24942,Soybean,25,24/12/2024,50,Yes,Yes
86942,24945,Soybean,25,29/12/2024,45,Yes,Yes
88466,24947,Soybean,25,11/12/2024,50,Yes,Yes
93806,22518,Soybean,25,20/11/2024,45,Yes,Yes
100339,22520,Soybean,25,13/12/2024,45,Yes,Yes
99327,22522,Groundnuts,20,15/11/2024,20,Yes,Yes
96873,22522,Soybean,25,20/11/2024,45,Yes,Yes
99303,22528,Groundnuts,20,14/11/2024,20,Yes,Yes
92078,22528,Soybean,25,16/12/2024,45,Yes,Yes
100095,22536,Soybean,15,13/12/2024,45,Yes,Yes
94134,22541,Soybean,25,17/11/2024,45,Yes,Yes
99977,22542,Soybean,25,19/12/2024,45,Yes,Yes
98076,22543,Groundnuts,20,22/12/2024,20,Yes,Yes
98636,22551,Soybean,25,20/12/2024,45,Yes,Yes
99295,22552,Soybean,25,22/11/2024,45,Yes,Yes
92081,22563,Soybean,25,04/01/2025,45,Yes,Yes
97771,22564,Soybean,25,20/11/2024,45,Yes,Yes
108994,23817,Beans,20,04/02/2025,75,No,Yes
108997,23819,Beans,10,04/02/2025,75,No,No
92142,23819,Groundnuts,30,25/12/2024,75,No,Yes
108999,23821,Beans,20,10/02/2025,75,No,Yes
108256,23835,Beans,20,10/02/2025,10,No,Yes
105949,23836,Beans,20,04/02/2025,50,No,Yes
93573,23841,Soybean,25,14/01/2025,15,Yes,Yes
85429,23842,Soybean,25,03/01/2025,15,Yes,Yes
93555,23846,Soybean,25,06/01/2025,15,Yes,Yes
104148,23849,Beans,20,01/02/2025,10,No,Yes
104448,23859,Beans,20,01/02/2025,10,No,Yes
100678,26233,Soybean,25,21/12/2024,50,Yes,Yes
100693,26237,Soybean,25,21/12/2024,50,Yes,Yes
100684,26238,Soybean,25,19/12/2024,50,Yes,Yes
91894,26240,Soybean,25,20/12/2024,50,Yes,Yes
99170,26250,Soybean,25,14/12/2024,50,Yes,Yes
91900,26259,Groundnuts,20,15/12/2024,20,Yes,Yes
100169,26264,Groundnuts,20,11/11/2024,30,Yes,Yes
99927,26268,Soybean,50,14/12/2024,45,Yes,Yes
93951,26272,Soybean,25,05/12/2024,45,Yes,Yes
91358,26273,Groundnuts,20,06/12/2024,30,Yes,Yes
108433,23863,Beans,20,11/02/2025,12,No,No
91986,23873,Soybean,50,20/12/2024,75,Yes,Yes
89756,23877,Soybean,13,04/01/2025,50,Yes,Yes
93565,23885,Soybean,25,11/01/2025,23,Yes,Yes
87670,23901,Soybean,25,05/01/2025,54,Yes,Yes
85298,23915,Soybean,25,28/12/2024,25,Yes,Yes
81130,23916,Soybean,25,19/12/2024,55,Yes,Yes
81705,23919,Soybean,25,12/12/2024,60,Yes,Yes
82919,23920,Soybean,25,14/12/2024,50,Yes,Yes
99925,26274,Soybean,25,13/12/2024,45,Yes,Yes
99928,26276,Groundnuts,20,03/12/2024,30,Yes,Yes
99442,26282,Soybean,25,26/12/2024,45,Yes,Yes
80986,26286,Groundnuts,20,10/12/2024,50,No,Yes
85380,26293,Groundnuts,20,01/01/2025,50,No,Yes
100167,26296,Soybean,25,10/12/2024,30,Yes,Yes
91365,26298,Soybean,25,02/12/2024,45,Yes,Yes
100172,26300,Groundnuts,20,02/12/2024,45,Yes,Yes
108656,26305,Beans,40,12/02/2025,60,No,Yes
94180,26310,Soybean,50,12/01/2025,65,Yes,Yes
84065,26311,Groundnuts,20,18/11/2024,30,Yes,Yes
84064,26312,Groundnuts,20,29/11/2024,25,Yes,Yes
103927,26318,Beans,40,02/02/2025,45,No,Yes
103889,26319,Beans,40,05/02/2025,60,No,Yes
104319,26326,Beans,80,05/02/2025,60,Yes,Yes
102517,26328,Beans,20,04/02/2025,25,No,Yes
115502,26329,Beans,20,05/02/2025,50,No,Yes
109207,26331,Beans,20,07/02/2025,50,No,Yes
88957,26334,Soybean,50,26/01/2025,45,Yes,Yes
94578,26335,Soybean,50,27/01/2025,45,Yes,Yes
96061,26336,Soybean,25,07/01/2025,45,Yes,Yes
96251,26337,Soybean,25,11/01/2025,45,No,Yes
81709,23921,Soybean,25,13/12/2024,50,Yes,Yes
92478,23923,Soybean,25,06/01/2025,55,Yes,Yes
101625,23928,Beans,20,05/02/2025,15,Yes,Yes
93561,23935,Soybean,25,25/12/2024,15,Yes,Yes
93567,23939,Soybean,25,05/01/2025,15,Yes,Yes
105675,23942,Beans,20,06/03/2025,15,Yes,Yes
81981,23950,Soybean,25,12/12/2024,50,Yes,Yes
85373,23953,Soybean,25,21/12/2024,50,Yes,Yes
105678,23954,Beans,20,08/03/2025,15,Yes,Yes
80017,23962,Soybean,25,17/12/2024,70,Yes,Yes
85690,23966,Soybean,25,13/12/2024,45,Yes,Yes
80269,23968,Soybean,25,05/12/2024,75,Yes,Yes
97167,23971,Soybean,25,04/01/2025,55,Yes,Yes
97203,23972,Soybean,50,02/01/2025,50,Yes,Yes
85585,23980,Soybean,25,08/01/2025,5,Yes,Yes
93577,23987,Soybean,25,10/12/2024,15,Yes,Yes
93579,23989,Soybean,25,04/01/2025,15,Yes,Yes
108375,23994,Beans,40,05/02/2025,75,No,Yes
85810,23996,Soybean,25,04/01/2025,45,Yes,Yes
86144,24022,Soybean,25,03/01/2025,45,Yes,Yes
103092,24024,Beans,20,07/02/2025,15,Yes,Yes
115572,26342,Beans,40,03/02/2025,50,No,Yes
115086,26344,Soybean,40,12/02/2025,50,No,Yes
96666,26349,Groundnuts,20,15/11/2024,30,No,Yes
99201,26351,Soybean,25,15/12/2024,45,Yes,Yes
99543,26353,Soybean,25,17/12/2024,45,Yes,Yes
107457,26358,Beans,40,08/02/2025,10,Yes,Yes
108855,26360,Beans,40,12/02/2025,50,No,Yes
100765,26365,Groundnuts,20,15/12/2024,25,No,Yes
100575,2637,Beans,40,04/02/2025,10,No,Yes
80447,26375,Groundnuts,20,09/12/2024,45,No,Yes
101860,2638,Beans,20,02/02/2025,60,No,Yes
89200,26382,Soybean,25,02/01/2025,65,Yes,Yes
88422,26387,Soybean,25,03/01/2025,65,Yes,Yes
89322,26389,Soybean,25,02/01/2025,65,Yes,Yes
98595,26391,Groundnuts,20,13/12/2024,15,No,Yes
88386,26397,Soybean,25,01/01/2025,65,Yes,Yes
98198,26406,Soybean,25,13/12/2024,40,Yes,Yes
88519,26408,Soybean,25,01/01/2025,65,Yes,Yes
102132,2641,Beans,20,05/02/2025,60,No,Yes
88522,26414,Soybean,25,01/01/2025,65,Yes,Yes
88393,26421,Beans,25,01/01/2025,65,Yes,Yes
112195,2643,Beans,20,06/02/2025,10,No,Yes
101831,26432,Beans,20,05/02/2025,10,Yes,Yes
80247,24025,Soybean,25,15/12/2024,47,Yes,Yes
104590,24035,Beans,40,05/02/2025,50,No,Yes
103516,24038,Beans,20,04/02/2025,450,No,Yes
104591,24039,Beans,40,04/02/2025,45,No,Yes
94672,24045,Soybean,25,01/01/2025,75,Yes,Yes
94687,24047,Soybean,25,06/01/2025,80,Yes,Yes
94708,24056,Soybean,25,05/01/2025,75,Yes,Yes
86655,24065,Soybean,25,04/01/2025,45,Yes,Yes
79679,24069,Soybean,25,10/12/2024,48,Yes,Yes
93574,24074,Soybean,25,08/01/2025,15,Yes,Yes
93576,24076,Soybean,25,18/12/2024,15,Yes,Yes
105446,24082,Beans,20,04/02/2025,80,No,No
103841,24084,Beans,40,13/02/2025,65,No,Yes
79399,24086,Soybean,17,15/12/2024,15,Yes,Yes
101018,24102,Groundnuts,20,18/12/2024,50,No,Yes
101058,24103,Groundnuts,20,25/11/2024,50,No,Yes
99818,24110,Groundnuts,20,29/11/2024,50,No,Yes
100558,24113,Groundnuts,20,29/11/2024,50,No,Yes
100741,24114,Groundnuts,20,27/12/2024,20,No,Yes
100903,24117,Groundnuts,20,21/11/2024,50,No,Yes
100901,24118,Groundnuts,20,24/11/2024,50,No,Yes
103538,26439,Beans,20,02/02/2025,60,No,Yes
103243,26446,Beans,40,08/02/2025,10,No,Yes
106321,26451,Beans,20,02/03/2025,50,No,Yes
112196,2647,Beans,20,04/02/2025,11,No,Yes
99579,26475,Soybean,25,02/01/2025,50,Yes,Yes
100958,26479,Groundnuts,20,20/11/2024,25,No,Yes
100748,26480,Groundnuts,20,20/11/2024,25,No,Yes
98140,26481,Groundnuts,20,14/11/2024,25,No,Yes
102868,26494,Beans,20,23/01/2025,10,Yes,Yes
88424,24123,Soybean,25,02/01/2025,65,Yes,Yes
101065,24130,Groundnuts,20,23/11/2024,50,No,Yes
100744,24131,Groundnuts,20,18/11/2024,50,No,Yes
100287,24134,Groundnuts,20,19/11/2024,50,Yes,Yes
101066,24140,Groundnuts,20,18/11/2024,50,No,Yes
78139,24144,Soybean,25,07/12/2024,50,Yes,Yes
85137,24150,Soybean,25,01/01/2025,65,Yes,Yes
100090,24155,Groundnuts,20,24/11/2024,50,No,Yes
103308,24167,Beans,20,05/02/2025,80,No,Yes
94590,24168,Soybean,50,22/12/2024,45,Yes,Yes
79994,24169,Soybean,25,14/12/2024,50,Yes,Yes
89196,24172,Soybean,25,01/01/2025,65,Yes,Yes
95525,24182,Soybean,25,06/01/2025,45,Yes,Yes
85545,24183,Soybean,25,27/12/2024,45,Yes,Yes
86266,24184,Soybean,25,01/01/2025,45,Yes,Yes
99838,24192,Soybean,25,03/01/2025,65,No,Yes
88520,24193,Soybean,50,01/01/2025,65,Yes,Yes
105933,24205,Beans,20,04/02/2025,10,No,Yes
101274,24209,Soybean,25,12/12/2024,45,Yes,Yes
105015,26499,Beans,20,07/02/2025,10,No,Yes
90222,26510,Soybean,25,19/01/2025,45,Yes,Yes
89429,26514,Soybean,50,20/12/2024,45,No,Yes
99534,26518,Soybean,25,24/12/2024,45,Yes,Yes
97170,26521,Soybean,25,06/01/2025,50,Yes,Yes
100956,26522,Soybean,25,16/12/2024,45,Yes,Yes
97747,26524,Groundnuts,20,19/12/2024,30,No,Yes
98609,26532,Groundnuts,20,09/11/2024,20,No,Yes
91259,26535,Soybean,50,02/01/2025,50,Yes,Yes
102096,2654,Beans,20,05/02/2025,60,No,Yes
88740,26542,Soybean,25,04/01/2025,50,No,Yes
104470,26550,Beans,20,10/02/2025,30,No,Yes
95855,26557,Soybean,75,18/12/2024,75,Yes,Yes
98904,26558,Soybean,50,09/12/2024,75,Yes,Yes
104472,26564,Beans,40,14/02/2025,40,No,Yes
103410,26566,Groundnuts,40,05/02/2025,50,No,Yes
96664,26567,Soybean,25,26/12/2024,48,Yes,Yes
88318,26570,Soybean,50,10/12/2024,60,No,Yes
90032,26571,Soybean,25,26/12/2024,60,Yes,No
105862,24210,Beans,20,03/02/2025,15,No,Yes
105860,24213,Beans,20,03/02/2025,15,No,Yes
103827,24214,Beans,20,19/02/2025,50,No,Yes
81068,24215,Soybean,25,20/12/2024,60,Yes,Yes
84347,24217,Soybean,50,01/01/2025,65,Yes,Yes
93623,24221,Soybean,50,07/12/2024,60,Yes,No
98743,24233,Soybean,25,29/12/2024,50,Yes,Yes
89994,24237,Soybean,25,15/12/2024,50,Yes,Yes
90791,24242,Soybean,25,02/01/2025,50,Yes,Yes
90255,24243,Soybean,50,26/12/2024,50,Yes,Yes
99013,26574,Groundnuts,20,17/12/2024,25,No,Yes
108637,26576,Beans,60,11/03/2025,60,No,Yes
114710,2658,Beans,20,09/02/2025,10,Yes,Yes
110288,26583,Beans,20,21/02/2025,60,No,Yes
109989,26595,Beans,20,20/02/2025,60,No,Yes
110320,26600,Beans,40,21/02/2025,60,No,Yes
98136,26609,Soybean,25,25/12/2024,45,Yes,Yes
102809,2661,Beans,20,04/02/2025,60,No,Yes
110268,26614,Beans,20,16/02/2025,60,No,Yes
99007,26629,Groundnuts,20,25/12/2024,25,No,Yes
88116,26638,Groundnuts,15,30/12/2024,75,No,Yes
86032,26652,Soybean,25,30/12/2024,45,No,Yes
90256,24244,Soybean,50,15/12/2024,50,Yes,Yes
101479,24257,Groundnuts,20,10/12/2024,50,No,Yes
101478,24259,Groundnuts,20,15/11/2024,50,No,Yes
111925,24264,Beans,20,04/02/2025,10,No,Yes
104712,24268,Beans,20,07/03/2025,15,Yes,Yes
97081,24282,Soybean,25,29/12/2024,55,Yes,Yes
99828,24289,Soybean,25,16/12/2024,50,No,Yes
99879,24290,Soybean,25,08/01/2025,50,No,Yes
94199,24306,Groundnuts,20,07/01/2025,60,No,Yes
89908,24310,Soybean,25,09/01/2025,85,Yes,Yes
98296,24316,Soybean,25,22/01/2025,65,Yes,Yes
98289,24317,Soybean,50,07/01/2025,60,Yes,Yes
97023,26658,Soybean,25,23/12/2024,90,Yes,Yes
103867,26659,Beans,20,13/02/2025,50,No,Yes
106858,26660,Beans,20,17/02/2025,50,No,Yes
104932,26665,Beans,20,12/02/2025,30,No,Yes
110266,26668,Beans,80,15/02/2025,60,No,No
106853,26672,Beans,20,24/02/2025,40,No,Yes
101695,26676,Beans,20,06/02/2025,50,No,Yes
101762,26680,Beans,20,12/02/2025,60,No,Yes
85331,26684,Soybean,25,05/01/2025,50,No,Yes
96656,26691,Soybean,25,22/12/2024,45,Yes,Yes
95041,26699,Soybean,25,21/12/2024,90,Yes,Yes
89462,26710,Soybean,25,01/01/2025,45,No,Yes
97735,26714,Soybean,25,29/10/2024,45,Yes,Yes
89294,26716,Soybean,50,27/12/2024,45,Yes,Yes
93739,26727,Groundnuts,20,01/01/2025,50,No,Yes
87042,26729,Groundnuts,20,01/01/2025,50,No,Yes
102097,2673,Beans,20,02/02/2025,60,No,Yes
84292,26731,Groundnuts,20,16/12/2024,50,No,Yes
94989,26743,Groundnuts,20,01/01/2025,50,No,Yes
89905,24320,Soybean,25,05/01/2025,75,Yes,Yes
81215,24327,Groundnuts,20,20/12/2024,85,No,Yes
94178,24330,Soybean,75,13/01/2025,60,Yes,Yes
94186,24332,Soybean,25,05/01/2025,60,Yes,Yes
81216,24337,Groundnuts,20,20/12/2024,68,No,Yes
99021,24341,Soybean,25,23/01/2025,60,Yes,Yes
87222,24345,Soybean,25,01/01/2025,45,Yes,Yes
102404,24367,Beans,20,05/02/2025,10,No,Yes
105247,24373,Beans,20,07/02/2025,10,No,Yes
105978,24375,Beans,40,07/02/2025,10,Yes,Yes
103014,24376,Beans,20,01/02/2025,10,Yes,Yes
107451,24377,Beans,20,15/02/2025,10,Yes,Yes
103002,24378,Beans,20,02/02/2025,10,Yes,Yes
107455,24379,Beans,20,05/02/2025,10,Yes,Yes
107456,24385,Beans,20,07/02/2025,10,Yes,Yes
107454,24393,Beans,20,01/02/2025,10,Yes,Yes
102998,24395,Beans,20,03/02/2025,10,Yes,Yes
107466,24400,Beans,40,01/02/2025,10,Yes,Yes
84191,24406,Soybean,100,19/12/2024,45,Yes,Yes
91947,24407,Soybean,25,03/12/2024,50,Yes,Yes
88540,24418,Soybean,25,03/01/2025,45,Yes,Yes
88541,24420,Soybean,50,02/01/2025,45,Yes,Yes
115573,24422,Beans,20,01/02/2025,50,No,Yes
88542,24423,Soybean,50,02/01/2025,45,Yes,Yes
113569,24424,Beans,20,13/03/2025,60,No,Yes
102863,2675,Beans,20,08/02/2025,10,Yes,Yes
91813,26751,Soybean,25,25/12/2024,50,No,Yes
84079,26754,Soybean,50,03/12/2024,45,Yes,Yes
105442,26764,Beans,20,05/02/2025,90,No,No
108488,26765,Beans,40,14/02/2025,40,No,Yes
93113,26767,Groundnuts,20,30/12/2024,20,No,Yes
93111,26767,Soybean,25,22/12/2024,45,Yes,Yes
79916,26769,Groundnuts,20,15/12/2024,30,No,Yes
79917,26770,Groundnuts,20,15/12/2024,30,No,Yes
79918,26771,Groundnuts,20,15/12/2024,30,No,Yes
91563,26772,Groundnuts,20,20/12/2024,20,No,Yes
79921,26775,Groundnuts,20,15/12/2024,30,No,Yes
110154,24425,Beans,40,08/02/2025,70,No,Yes
109604,24426,Beans,40,10/02/2025,70,No,Yes
110767,24427,Beans,80,10/02/2025,60,No,Yes
79223,24430,Soybean,25,28/11/2024,45,Yes,Yes
107378,24434,Beans,20,01/02/2025,50,No,Yes
88749,24435,Soybean,25,03/01/2025,45,Yes,Yes
108624,24437,Beans,20,10/02/2025,20,No,Yes
101778,24440,Beans,20,06/02/2025,10,Yes,Yes
106165,24448,Beans,20,06/03/2025,10,Yes,Yes
86619,24452,Groundnuts,30,25/12/2024,75,No,Yes
105282,24457,Beans,10,12/02/2025,10,No,Yes
107171,24458,Beans,10,13/02/2025,10,No,Yes
85730,24461,Groundnuts,30,25/12/2024,75,No,Yes
85735,24462,Groundnuts,30,25/12/2024,75,No,Yes
86626,24467,Groundnuts,30,27/12/2024,75,No,Yes
86620,24469,Groundnuts,30,25/12/2024,75,No,Yes
107769,24481,Beans,10,08/02/2025,60,No,Yes
86580,24490,Groundnuts,30,24/12/2024,75,No,Yes
107795,24500,Beans,10,08/02/2025,60,No,Yes
107396,24502,Beans,20,01/02/2025,45,No,Yes
80315,24510,Soybean,25,15/12/2024,90,Yes,Yes
101794,24516,Beans,20,08/02/2025,10,Yes,Yes
101644,24520,Beans,20,06/02/2025,10,Yes,Yes
93103,26778,Soybean,25,26/12/2024,45,Yes,Yes
85332,26781,Soybean,25,01/01/2025,50,No,Yes
82629,26782,Soybean,25,23/12/2024,50,No,Yes
85532,26784,Soybean,25,03/01/2025,50,No,Yes
81824,26785,Soybean,25,24/12/2024,50,Yes,Yes
103200,2679,Beans,20,01/02/2025,10,No,Yes
93107,26790,Soybean,25,25/12/2024,45,Yes,Yes
93510,26794,Soybean,25,02/01/2025,45,Yes,Yes
103377,26797,Beans,20,05/02/2025,69,No,Yes
92357,26799,Soybean,25,10/01/2025,45,Yes,Yes
91577,26801,Soybean,25,13/11/2024,45,Yes,Yes
108619,26805,Beans,20,06/02/2025,20,No,Yes
103372,26808,Beans,40,05/02/2025,75,No,Yes
91569,26810,Soybean,25,01/01/2025,45,Yes,Yes
108618,26811,Beans,20,15/02/2025,20,Yes,Yes
92337,26816,Soybean,25,24/12/2024,45,Yes,Yes
89544,26819,Groundnuts,20,25/11/2024,20,No,Yes
102100,2682,Beans,20,05/02/2025,60,No,Yes
93949,26827,Soybean,25,07/12/2024,45,Yes,Yes
93119,26828,Soybean,25,23/12/2024,20,Yes,Yes
103528,26832,Beans,20,05/01/2025,30,No,Yes
86232,26838,Groundnuts,20,20/11/2024,20,No,Yes
86250,26839,Soybean,25,25/11/2024,45,Yes,Yes
107351,24521,Beans,20,01/02/2025,50,No,Yes
113627,24522,Beans,20,10/02/2025,60,No,Yes
110273,24529,Beans,40,18/02/2025,60,No,Yes
110310,24536,Beans,40,19/02/2025,60,No,Yes
105830,24544,Beans,20,01/02/2025,15,No,Yes
88548,24545,Groundnuts,30,25/12/2024,75,No,Yes
108957,24547,Beans,10,05/02/2025,60,No,Yes
108961,24551,Beans,10,10/02/2025,60,No,Yes
86771,24554,Maize,30,24/12/2024,75,No,Yes
86777,24556,Groundnuts,30,24/12/2024,75,No,Yes
86774,24558,Groundnuts,30,24/12/2024,75,No,Yes
85541,26843,Soybean,25,25/12/2024,45,Yes,Yes
81768,26844,Soybean,20,25/12/2024,30,No,Yes
88619,26846,Soybean,50,27/12/2024,45,Yes,Yes
94242,26851,Soybean,50,27/12/2024,45,Yes,Yes
109297,26862,Beans,20,06/02/2025,10,No,No
110214,26863,Beans,20,18/02/2025,55,No,Yes
110218,26865,Beans,40,20/02/2025,55,No,Yes
104401,26873,Beans,20,07/02/2025,6,No,Yes
104396,26874,Beans,20,07/02/2025,60,No,Yes
104390,26877,Beans,40,05/02/2025,60,No,Yes
109298,26883,Beans,20,07/02/2025,14,No,No
87018,24560,Groundnuts,30,26/12/2024,75,No,Yes
87024,24562,Groundnuts,20,24/12/2024,75,No,Yes
107807,24564,Beans,10,10/02/2025,60,No,Yes
107808,24566,Beans,10,11/02/2025,60,No,Yes
87215,24570,Groundnuts,30,24/12/2024,75,No,Yes
81240,24574,Groundnuts,20,19/11/2024,45,No,Yes
89719,24576,Soybean,25,19/12/2024,45,No,Yes
87998,24580,Soybean,2,01/01/2025,50,No,Yes
82323,24590,Soybean,25,28/12/2024,501,No,Yes
87996,24602,Soybean,50,29/12/2024,45,No,Yes
103312,24609,Beans,20,07/02/2025,80,No,Yes
114203,26899,Beans,20,03/02/2025,14,No,No
109276,26901,Beans,20,05/02/2025,13,No,Yes
109292,26903,Beans,20,06/02/2025,13,No,No
108768,26904,Beans,20,02/02/2025,12,No,No
81186,26922,Groundnuts,20,01/12/2024,50,No,Yes
88098,26924,Groundnuts,20,04/12/2024,50,No,Yes
88811,26928,Groundnuts,20,01/01/2025,50,No,Yes
108734,26933,Beans,20,03/02/2025,11,No,Yes
109191,26946,Beans,20,06/02/2025,14,No,No
109281,26948,Beans,40,02/02/2025,13,No,No
85460,26952,Groundnuts,20,02/01/2025,50,No,Yes
85457,26954,Groundnuts,20,01/01/2025,50,No,Yes
89455,26959,Soybean,25,01/01/2025,8,No,Yes
109282,26964,Beans,28,07/02/2025,15,No,No
85060,26967,Soybean,25,19/12/2024,40,No,Yes
102147,2697,Beans,40,04/02/2025,60,No,Yes
83150,26970,Soybean,50,30/11/2024,45,Yes,Yes
84956,26974,Soybean,50,28/12/2024,40,No,Yes
115569,26985,Beans,20,01/02/2025,50,No,Yes
102148,2699,Beans,40,04/02/2025,60,No,Yes
81462,26990,Groundnuts,20,22/11/2024,50,Yes,Yes
84272,26995,Soybean,25,07/12/2024,40,No,Yes
84137,26999,Soybean,25,20/12/2024,45,No,Yes
103314,24612,Beans,20,09/02/2025,90,No,Yes
103315,24613,Beans,20,11/02/2025,80,No,Yes
86458,24615,Groundnuts,20,27/12/2024,75,No,Yes
86455,24617,Groundnuts,20,30/12/2024,75,No,Yes
86466,24618,Groundnuts,20,27/12/2024,0,No,Yes
101822,24620,Beans,30,05/02/2025,60,No,Yes
86462,24626,Groundnuts,20,30/12/2024,75,No,Yes
86465,24631,Groundnuts,20,26/12/2024,75,No,Yes
86912,24635,Groundnuts,30,27/12/2024,75,No,Yes
88219,24638,Groundnuts,10,01/01/2025,75,No,Yes
87093,24649,Groundnuts,20,28/12/2024,75,No,Yes
87760,24650,Groundnuts,20,28/12/2024,75,No,Yes
87761,24652,Groundnuts,20,29/12/2024,75,No,Yes
88338,24655,Groundnuts,20,27/12/2024,75,No,Yes
88348,24656,Groundnuts,15,01/01/2025,75,No,Yes
87766,24664,Groundnuts,20,31/12/2024,75,No,Yes
81949,27002,Groundnuts,20,23/12/2024,50,No,Yes
115560,27003,Beans,40,05/02/2025,50,No,Yes
89456,27004,Soybean,25,02/01/2025,45,No,Yes
86985,27005,Soybean,50,15/12/2024,45,Yes,Yes
102246,27022,Beans,20,03/02/2025,10,No,Yes
103570,27028,Beans,20,05/02/2025,50,No,Yes
112193,2703,Beans,20,02/02/2025,10,No,Yes
87109,27040,Groundnuts,20,29/12/2024,75,No,Yes
86101,27044,Soybean,25,04/01/2025,45,No,Yes
86807,27046,Soybean,25,07/01/2025,45,No,Yes
103792,27048,Beans,20,04/02/2025,45,No,No
103766,27049,Beans,40,04/02/2025,45,No,No
104692,2705,Beans,20,05/03/2025,10,Yes,Yes
103776,27052,Beans,40,04/02/2025,45,No,No
107121,27055,Beans,40,04/02/2025,15,No,Yes
107802,27060,Beans,20,08/02/2025,60,No,Yes
107122,27071,Beans,20,04/02/2025,15,No,Yes
107081,27072,Beans,20,16/02/2025,10,No,Yes
97016,27084,Soybean,25,09/01/2025,50,Yes,Yes
108614,27087,Beans,20,08/02/2025,20,No,Yes
103882,2709,Beans,40,04/02/2025,50,No,Yes
98302,27090,Soybean,25,21/01/2025,70,Yes,Yes
108889,27101,Beans,20,04/02/2025,75,No,Yes
109002,27103,Beans,10,07/02/2025,75,No,No
88221,24665,Groundnuts,20,31/12/2024,75,No,Yes
88662,24670,Groundnuts,10,01/01/2025,75,No,Yes
87011,24676,Groundnuts,20,26/12/2024,50,No,Yes
89238,24681,Soybean,50,05/01/2025,50,Yes,Yes
87545,24694,Soybean,25,11/12/2024,50,Yes,Yes
81474,24702,Groundnuts,20,15/11/2024,45,No,Yes
81626,24704,Soybean,25,10/12/2024,45,No,Yes
89320,24706,Groundnuts,20,05/01/2025,50,No,Yes
115561,24715,Beans,20,28/02/2025,50,No,Yes
113571,24717,Beans,40,16/02/2025,70,No,Yes
103439,24718,Beans,20,28/03/2025,10,No,Yes
83541,24721,Groundnuts,20,10/12/2024,45,No,Yes
115567,24723,Beans,20,05/02/2025,50,No,Yes
93590,24724,Soybean,25,23/12/2024,50,No,Yes
89855,24726,Soybean,25,07/12/2024,25,Yes,Yes
92224,27109,Soybean,5,05/01/2025,45,Yes,Yes
105462,27120,Beans,40,01/03/2025,30,No,Yes
88523,27124,Soybean,50,01/01/2025,65,Yes,Yes
105469,27127,Beans,20,05/02/2025,30,No,Yes
104324,2713,Beans,20,18/02/2025,10,Yes,Yes
108609,27136,Beans,20,13/02/2025,30,No,Yes
93197,27140,Soybean,25,19/12/2024,45,Yes,Yes
110153,27148,Beans,40,07/02/2025,70,No,Yes
101774,2715,Beans,40,05/02/2025,10,Yes,Yes
100442,27152,Groundnuts,20,13/01/2025,50,No,Yes
100469,27155,Groundnuts,20,25/01/2025,50,No,Yes
89375,24731,Soybean,25,27/11/2024,60,Yes,No
90504,24738,Soybean,25,19/12/2024,50,No,No
87063,24739,Soybean,50,30/12/2024,45,No,Yes
86093,24740,Soybean,25,20/12/2024,50,Yes,Yes
86739,24741,Soybean,25,10/12/2024,50,Yes,Yes
91221,24749,Soybean,25,10/01/2025,45,No,Yes
88894,24757,Soybean,25,03/01/2025,45,Yes,Yes
90689,24767,Soybean,25,14/12/2024,45,Yes,Yes
103387,24776,Beans,20,31/01/2025,74,Yes,Yes
81091,24783,Soybean,25,17/12/2024,55,Yes,Yes
89280,24786,Soybean,25,02/01/2025,45,Yes,Yes
102556,24787,Beans,20,05/02/2025,60,No,Yes
89281,24790,Soybean,25,02/01/2025,42,Yes,Yes
82394,24796,Soybean,25,14/12/2024,45,Yes,Yes
82288,24803,Soybean,25,17/12/2024,60,Yes,Yes
81959,24807,Soybean,25,20/12/2024,50,Yes,Yes
80159,24810,Soybean,25,08/12/2024,55,Yes,Yes
79949,24811,Soybean,25,11/12/2024,45,Yes,Yes
82236,24816,Soybean,25,20/12/2024,45,Yes,Yes
81937,24817,Soybean,25,19/12/2024,50,Yes,Yes
81542,24821,Soybean,50,30/11/2024,50,No,Yes
91704,24833,Soybean,25,10/12/2024,45,Yes,Yes
89980,24837,Soybean,25,18/12/2024,45,Yes,Yes
92666,24852,Soybean,25,06/01/2025,46,Yes,Yes
105046,24853,Beans,20,06/02/2025,10,No,Yes
103364,24854,Beans,20,08/02/2025,75,No,Yes
82333,24858,Soybean,25,20/12/2024,60,Yes,Yes
102683,2716,Beans,60,01/02/2025,10,No,Yes
102266,27170,Beans,20,15/02/2025,35,No,Yes
89730,27171,Groundnuts,20,15/11/2024,45,Yes,Yes
87212,27174,Soybean,25,26/12/2024,45,Yes,Yes
89643,27176,Soybean,25,28/12/2024,45,Yes,Yes
102537,27177,Beans,20,01/02/2025,60,No,Yes
97409,27180,Soybean,25,28/12/2024,50,Yes,Yes
97719,27182,Soybean,25,15/01/2025,50,Yes,Yes
87168,27187,Soybean,25,18/12/2024,45,Yes,Yes
90564,27190,Soybean,50,05/12/2024,45,Yes,Yes
87853,27202,Soybean,50,19/12/2024,45,Yes,Yes
97967,27207,Soybean,25,28/12/2024,55,No,Yes
101815,27210,Beans,20,15/02/2025,60,No,Yes
87203,27211,Groundnuts,40,16/12/2024,40,Yes,Yes
103908,27224,Beans,20,02/02/2025,60,No,Yes
104346,27225,Beans,20,05/02/2025,45,No,Yes
97969,27226,Soybean,25,12/12/2024,41,Yes,Yes
113563,27229,Beans,40,06/02/2025,6,No,Yes
104314,27230,Beans,20,02/02/2025,45,No,Yes
87138,27235,Soybean,270,12/12/2024,45,Yes,Yes
85282,27244,Soybean,25,03/01/2025,45,Yes,Yes
109611,27246,Beans,20,07/02/2025,60,No,Yes
93963,27248,Groundnuts,20,19/12/2024,45,Yes,Yes
93980,27248,Soybean,25,28/11/2024,45,Yes,Yes
102485,27260,Beans,20,29/01/2025,10,No,Yes
90611,27264,Groundnuts,20,15/11/2024,45,Yes,Yes
83766,27272,Soybean,25,28/12/2024,45,Yes,Yes
98003,27277,Soybean,25,23/12/2024,57,No,Yes
85371,27283,Groundnuts,20,11/11/2024,45,Yes,Yes
84088,27286,Groundnuts,20,26/11/2024,45,Yes,Yes
84135,27286,Soybean,25,01/12/2024,45,Yes,Yes
80495,27287,Groundnuts,20,18/11/2024,47,Yes,Yes
92197,27288,Groundnuts,20,30/11/2024,45,Yes,Yes
84142,24870,Soybean,75,13/12/2024,45,Yes,Yes
111780,24873,Beans,20,04/02/2025,10,No,Yes
93619,24874,Soybean,75,30/12/2024,15,No,Yes
101755,24884,Beans,20,05/02/2025,10,Yes,Yes
83548,24890,Soybean,25,18/12/2024,50,Yes,Yes
101758,24893,Beans,20,05/02/2025,10,Yes,Yes
101769,24896,Beans,40,05/02/2025,10,Yes,Yes
83084,24905,Soybean,25,31/12/2024,50,No,Yes
101826,24914,Beans,20,05/02/2025,10,Yes,Yes
101827,24920,Beans,20,05/02/2025,10,Yes,Yes
111929,24926,Beans,20,04/02/2025,10,Yes,Yes
114461,24935,Beans,20,25/02/2025,60,No,Yes
81739,24941,Soybean,25,10/12/2024,60,Yes,Yes
102559,24943,Beans,20,01/02/2025,60,No,Yes
103421,24944,Beans,20,05/02/2025,50,No,Yes
89861,24946,Soybean,25,20/12/2024,48,Yes,Yes
86781,24955,Soybean,25,13/12/2024,50,Yes,Yes
81744,24960,Soybean,25,28/11/2024,60,Yes,Yes
87056,24962,Soybean,25,06/01/2025,50,No,Yes
102561,24974,Beans,20,02/02/2025,60,No,Yes
89857,24976,Soybean,25,19/12/2024,25,Yes,Yes
79710,27289,Groundnuts,20,14/11/2024,45,Yes,Yes
94204,27290,Soybean,25,19/12/2024,45,Yes,Yes
94616,27292,Soybean,25,12/01/2025,45,Yes,Yes
88595,27298,Groundnuts,20,03/01/2025,50,No,Yes
87615,27300,Groundnuts,20,03/01/2025,50,No,Yes
90462,27302,Soybean,25,20/12/2024,45,Yes,Yes
87187,27306,Groundnuts,20,11/11/2024,45,Yes,Yes
94160,27311,Soybean,5,06/01/2025,45,Yes,Yes
90667,27318,Soybean,25,23/12/2024,45,Yes,Yes
102772,27328,Beans,20,18/02/2025,10,No,Yes
104450,27334,Beans,20,01/02/2025,10,No,Yes
92578,27341,Groundnuts,20,24/11/2024,45,Yes,Yes
92565,27341,Soybean,25,20/12/2024,45,Yes,Yes
94214,27346,Soybean,25,19/12/2024,45,Yes,Yes
83698,27349,Groundnuts,20,19/12/2024,45,Yes,Yes
84304,27351,Groundnuts,20,14/11/2024,45,Yes,Yes
84303,27351,Soybean,25,25/12/2024,45,No,Yes
84133,27352,Soybean,25,01/12/2024,45,Yes,Yes
85059,27356,Groundnuts,20,10/12/2024,45,Yes,Yes
101945,27362,Beans,20,08/02/2025,60,No,Yes
101704,27365,Beans,40,12/02/2025,90,No,Yes
103025,24980,Beans,20,04/02/2025,60,No,Yes
92579,24981,Soybean,25,01/01/2025,20,Yes,Yes
117152,24988,Beans,20,02/03/2025,10,No,Yes
82823,24990,Soybean,25,09/12/2024,50,Yes,Yes
82904,24995,Soybean,25,08/12/2024,50,Yes,Yes
111057,25006,Beans,20,01/02/2025,10,No,Yes
100307,27370,Soybean,25,13/12/2024,45,Yes,Yes
99981,27373,Soybean,25,15/11/2024,45,Yes,Yes
96631,27379,Soybean,25,18/12/2024,50,Yes,Yes
106162,2738,Beans,20,04/03/2025,10,Yes,Yes
99965,27381,Soybean,50,20/12/2024,45,Yes,Yes
93345,27385,Groundnuts,20,23/11/2024,35,Yes,Yes
105000,27389,Beans,20,04/02/2025,50,Yes,Yes
103366,27391,Beans,40,05/02/2025,70,No,Yes
104480,27400,Beans,20,02/02/2025,50,Yes,Yes
109025,27401,Beans,20,21/02/2025,50,Yes,Yes
113835,27403,Beans,20,10/02/2025,50,Yes,Yes
105932,27406,Beans,20,13/02/2025,50,Yes,Yes
79312,27407,Groundnuts,20,14/11/2024,50,Yes,Yes
114463,27411,Beans,20,26/02/2025,60,No,Yes
114464,27412,Beans,20,20/02/2025,60,No,Yes
118193,27416,Beans,20,09/03/2025,50,No,Yes
112809,27418,Beans,20,04/03/2025,50,No,Yes
106310,2742,Beans,20,01/02/2025,10,Yes,Yes
115830,27425,Beans,20,20/02/2025,60,No,Yes
119040,27426,Beans,20,16/02/2025,60,No,No
103224,27430,Beans,20,02/02/2025,10,No,Yes
103223,27432,Beans,20,03/02/2025,10,No,Yes
114942,27435,Beans,20,28/02/2025,60,No,Yes
118911,27437,Beans,20,17/02/2025,60,No,Yes
87165,25014,Soybean,25,02/01/2025,45,Yes,Yes
86112,25018,Soybean,25,02/01/2025,15,Yes,Yes
102701,25033,Beans,20,03/02/2025,10,No,Yes
117161,25042,Beans,20,01/03/2025,10,No,Yes
117163,25043,Beans,20,01/03/2025,10,No,Yes
117159,25044,Beans,160,22/02/2025,10,No,No
92922,25046,Soybean,25,20/12/2024,45,Yes,Yes
92923,25048,Soybean,25,02/01/2025,45,Yes,Yes
84506,25059,Soybean,25,20/12/2024,50,Yes,Yes
111930,25061,Beans,20,01/02/2025,10,Yes,Yes
108617,25064,Beans,20,15/02/2025,30,No,Yes
99164,25069,Soybean,25,09/12/2024,45,No,Yes
85907,25091,Soybean,25,19/12/2024,45,Yes,Yes
92929,25094,Soybean,25,02/01/2025,45,Yes,Yes
88043,25104,Soybean,25,19/12/2024,15,Yes,Yes
85958,25107,Soybean,25,03/01/2025,12,No,Yes
86014,25108,Soybean,25,30/12/2024,45,No,Yes
81674,2511,Soybean,25,25/12/2024,40,Yes,Yes
84387,25111,Soybean,25,25/12/2024,50,Yes,Yes
87993,25117,Soybean,50,15/12/2024,45,No,Yes
100404,27447,Groundnuts,20,26/12/2024,50,No,Yes
100406,27448,Groundnuts,20,29/12/2024,55,No,Yes
100407,27452,Groundnuts,20,18/01/2025,55,No,Yes
103175,27453,Beans,20,01/02/2025,60,No,Yes
110254,27454,Beans,20,18/02/2025,50,Yes,Yes
103915,27470,Beans,20,13/02/2025,50,No,Yes
100474,27479,Groundnuts,20,05/01/2025,70,No,Yes
102177,2748,Beans,80,01/02/2025,10,No,Yes
98010,27484,Soybean,25,30/12/2024,56,No,Yes
98018,27486,Soybean,25,19/12/2024,56,Yes,Yes
86737,25119,Soybean,25,19/12/2024,45,No,Yes
97846,2512,Soybean,25,08/01/2025,50,Yes,Yes
86831,25125,Soybean,25,11/12/2024,12,No,Yes
98288,25129,Soybean,50,12/01/2025,65,Yes,Yes
98624,2513,Soybean,25,08/01/2025,45,Yes,Yes
86841,25130,Soybean,25,11/12/2024,5,No,Yes
88048,25131,Soybean,50,15/12/2024,45,No,Yes
101474,25139,Groundnuts,20,04/12/2024,50,No,Yes
101670,25142,Groundnuts,20,02/12/2024,50,No,Yes
101489,25144,Groundnuts,20,27/11/2024,50,Yes,Yes
102697,25151,Beans,20,06/02/2025,10,No,Yes
86867,25158,Beans,25,11/12/2024,45,No,Yes
96936,2516,Soybean,50,16/12/2024,50,Yes,Yes
86860,25160,Soybean,25,10/12/2024,45,No,Yes
86909,25161,Soybean,25,11/12/2024,45,No,Yes
86923,25168,Soybean,25,19/12/2024,45,No,Yes
86926,25169,Soybean,25,20/12/2024,45,No,Yes
96934,2517,Soybean,75,26/12/2024,45,No,Yes
86924,25170,Soybean,25,02/01/2025,6,No,Yes
91140,25177,Soybean,50,14/12/2024,50,No,Yes
91141,25178,Soybean,50,21/12/2024,50,No,Yes
93618,25189,Soybean,25,15/12/2024,15,Yes,Yes
92736,27503,Soybean,25,22/12/2024,60,No,Yes
91347,27521,Soybean,50,17/12/2024,50,Yes,Yes
109659,27533,Beans,60,20/02/2025,60,No,Yes
102999,2754,Beans,40,01/02/2025,10,Yes,Yes
111964,27541,Beans,20,22/02/2025,10,No,Yes
107025,27542,Beans,20,20/02/2025,10,Yes,Yes
115081,27543,Beans,20,01/03/2025,10,No,Yes
117925,27546,Beans,20,25/02/2025,10,No,Yes
111418,27549,Beans,20,17/02/2025,10,No,Yes
107026,27555,Beans,20,19/02/2025,10,No,Yes
111966,27558,Beans,20,17/02/2025,10,No,Yes
118308,27560,Beans,20,22/02/2025,10,No,Yes
108244,27561,Beans,20,24/02/2025,10,No,Yes
89634,27565,Soybean,25,07/12/2024,50,No,Yes
81282,27568,Soybean,25,31/12/2024,50,No,Yes
114582,27571,Beans,20,08/03/2025,50,No,Yes
118145,27576,Beans,20,07/03/2025,50,Yes,Yes
118190,27578,Beans,20,08/03/2025,50,No,No
102092,27582,Beans,20,22/02/2025,85,No,Yes
102020,27583,Beans,20,01/02/2025,75,No,Yes
86031,27590,Soybean,25,25/12/2024,50,Yes,Yes
87388,27594,Soybean,25,26/12/2024,50,Yes,Yes
97841,2760,Soybean,75,10/01/2025,50,Yes,No
83406,25207,Groundnuts,20,21/11/2024,45,Yes,Yes
103057,25213,Beans,20,01/02/2025,55,No,Yes
102079,25215,Beans,40,04/02/2025,51,No,Yes
88209,25221,Soybean,25,01/01/2025,50,Yes,Yes
90127,25223,Soybean,25,16/12/2024,70,No,Yes
97173,25226,Soybean,25,15/12/2024,45,Yes,Yes
97622,25230,Soybean,50,10/12/2024,60,Yes,Yes
97631,25240,Soybean,25,15/12/2024,60,Yes,Yes
96455,25245,Soybean,25,28/12/2024,60,Yes,Yes
98928,25247,Soybean,100,03/01/2025,90,Yes,Yes
118982,25258,Beans,20,25/02/2025,60,No,Yes
116381,27600,Beans,20,27/02/2025,50,No,Yes
90770,27601,Soybean,50,03/12/2024,45,Yes,Yes
114550,27609,Beans,60,13/02/2025,60,No,Yes
108649,27610,Beans,20,20/02/2025,50,No,Yes
108647,27614,Beans,100,13/02/2025,60,No,Yes
109663,27615,Beans,20,13/02/2025,60,No,Yes
87320,27626,Soybean,25,26/12/2024,50,Yes,Yes
85918,27627,Soybean,25,27/12/2024,50,Yes,Yes
113629,27630,Beans,20,13/02/2025,60,No,Yes
101889,27632,Beans,20,08/02/2025,8,No,Yes
102103,27633,Beans,20,06/02/2025,9,No,Yes
83390,25259,Groundnuts,20,13/11/2024,45,No,Yes
83389,25259,Soybean,25,12/12/2024,45,No,Yes
82729,25262,Groundnuts,20,13/11/2024,45,No,Yes
83111,25266,Soybean,50,10/12/2024,45,No,Yes
82971,25275,Soybean,75,20/12/2024,45,Yes,Yes
84143,25284,Soybean,25,04/12/2024,50,Yes,Yes
99748,25290,Soybean,50,03/01/2025,50,Yes,Yes
90300,25291,Soybean,25,01/01/2025,50,Yes,Yes
90296,25292,Soybean,25,01/01/2025,50,Yes,Yes
97163,25293,Soybean,25,23/12/2024,45,Yes,Yes
99901,25295,Soybean,25,01/12/2024,50,Yes,Yes
102104,27634,Beans,20,04/02/2025,8,No,Yes
99056,2764,Soybean,25,19/12/2024,45,Yes,Yes
100923,27642,Soybean,25,17/01/2025,50,Yes,Yes
100880,27643,Soybean,25,20/12/2024,50,Yes,Yes
100863,27648,Soybean,25,06/12/2024,50,Yes,Yes
102231,2765,Beans,40,02/02/2025,60,No,Yes
110379,27654,Beans,20,05/02/2025,60,No,Yes
102529,2766,Beans,20,06/02/2025,60,No,Yes
116404,27660,Beans,40,10/03/2025,50,No,Yes
113582,27665,Beans,20,10/02/2025,60,No,Yes
102534,2767,Beans,40,02/02/2025,60,No,Yes
96313,27670,Groundnuts,20,10/11/2024,15,No,Yes
95161,27675,Soybean,25,19/11/2024,50,Yes,Yes
105341,27685,Beans,25,14/02/2025,90,Yes,Yes
102530,2769,Beans,40,09/02/2025,60,No,Yes
110004,27693,Beans,20,06/02/2025,75,No,Yes
103193,2770,Beans,40,05/02/2025,60,No,Yes
103703,27700,Beans,40,04/02/2025,60,No,Yes
102290,27702,Soybean,25,16/01/2025,50,Yes,Yes
97022,27706,Soybean,25,05/01/2025,50,Yes,Yes
96278,27708,Soybean,25,11/01/2025,50,Yes,Yes
84320,25296,Soybean,50,10/12/2024,45,Yes,Yes
99086,25307,Soybean,50,18/12/2024,50,Yes,Yes
79256,25311,Groundnuts,20,12/11/2024,45,Yes,Yes
100155,25313,Soybean,25,30/11/2024,50,Yes,Yes
84624,25318,Groundnuts,20,12/11/2024,30,No,Yes
99914,25320,Soybean,25,01/12/2024,45,Yes,Yes
99680,25321,Soybean,25,03/01/2025,45,Yes,Yes
79255,25325,Groundnuts,20,15/11/2024,45,No,Yes
99166,27709,Soybean,25,14/12/2024,50,No,Yes
103211,2771,Beans,40,02/02/2025,60,No,No
96279,27711,Soybean,25,11/01/2025,50,Yes,Yes
95306,27713,Soybean,25,11/01/2025,50,Yes,Yes
97021,27717,Soybean,25,10/01/2025,50,Yes,Yes
100860,27721,Soybean,25,17/12/2024,50,Yes,Yes
100882,27723,Soybean,25,28/12/2024,50,Yes,Yes
97425,27726,Soybean,25,03/01/2025,50,Yes,Yes
99062,27729,Soybean,25,07/01/2025,50,Yes,Yes
94925,27730,Soybean,25,07/01/2025,45,Yes,Yes
82464,25340,Soybean,25,21/12/2024,45,No,Yes
113634,25348,Beans,20,17/02/2025,60,No,Yes
94032,25361,Soybean,50,28/12/2024,60,Yes,Yes
96384,25364,Soybean,25,04/01/2025,60,Yes,Yes
96443,25367,Soybean,25,04/01/2025,60,Yes,Yes
96783,25375,Soybean,50,11/12/2024,15,Yes,Yes
97918,25378,Soybean,25,26/12/2024,60,Yes,No
110155,25383,Beans,80,05/02/2025,90,No,Yes
89967,25390,Soybean,75,17/12/2024,50,Yes,Yes
85790,25399,Soybean,50,02/01/2025,45,Yes,Yes
92105,2540,Soybean,50,22/12/2024,50,Yes,Yes
91920,25416,Soybean,25,02/01/2025,45,Yes,Yes
92696,25417,Soybean,50,05/01/2025,45,Yes,Yes
91992,25418,Soybean,75,27/11/2024,75,No,Yes
94684,25419,Soybean,25,17/12/2024,79,Yes,Yes
100894,25420,Soybean,25,09/01/2025,60,Yes,Yes
94059,25422,Soybean,25,29/11/2024,55,Yes,Yes
107935,25427,Beans,20,01/02/2025,50,No,Yes
102449,25431,Beans,20,06/02/2025,15,No,Yes
88139,25432,Groundnuts,20,23/12/2024,75,No,Yes
88140,25433,Groundnuts,20,23/12/2024,75,No,Yes
88142,25435,Groundnuts,20,23/12/2024,75,No,Yes
88143,25436,Groundnuts,20,22/12/2024,75,No,Yes
94927,27731,Soybean,25,27/12/2024,45,Yes,Yes
102192,27745,Beans,60,01/02/2025,8,No,Yes
105447,27751,Beans,20,04/02/2025,80,No,No
102911,27752,Beans,2,05/02/2025,100,No,Yes
102904,27753,Beans,20,05/02/2025,80,Yes,Yes
103534,27758,Beans,20,01/02/2025,60,No,Yes
103533,27759,Beans,20,02/02/2025,10,No,Yes
103189,2776,Beans,40,04/02/2025,60,No,Yes
95159,27766,Soybean,25,08/11/2024,50,Yes,Yes
103190,2777,Beans,40,08/02/2025,60,No,Yes
84619,27792,Groundnuts,20,20/11/2024,30,No,Yes
83599,27794,Soybean,25,18/12/2024,45,Yes,Yes
96355,25438,Soybean,25,05/01/2025,45,Yes,Yes
92112,2544,Soybean,25,04/01/2025,50,Yes,Yes
96357,25440,Soybean,50,01/01/2025,45,Yes,Yes
96635,25450,Soybean,25,14/12/2024,55,Yes,Yes
107954,25452,Beans,20,01/02/2025,45,No,Yes
93241,25460,Soybean,25,05/01/2025,45,Yes,Yes
103924,25463,Beans,40,02/02/2025,45,No,Yes
111706,25464,Beans,10,08/02/2025,7,No,Yes
111708,25470,Beans,10,09/02/2025,7,No,Yes
88148,25473,Groundnuts,20,23/12/2024,75,No,Yes
88150,25476,Groundnuts,20,23/12/2024,75,No,Yes
88151,25477,Groundnuts,20,23/12/2024,75,No,Yes
88136,25481,Groundnuts,20,22/12/2024,75,No,Yes
99991,25488,Soybean,25,01/12/2024,50,Yes,Yes
85760,2549,Soybean,50,12/12/2024,55,Yes,Yes
101939,25491,Beans,20,03/02/2025,15,No,Yes
108054,25492,Beans,40,30/01/2025,45,No,Yes
92924,25507,Soybean,25,15/12/2024,45,Yes,Yes
108055,25508,Beans,20,31/01/2025,50,No,Yes
97545,25517,Soybean,25,04/01/2025,50,No,Yes
81075,2552,Soybean,25,14/12/2024,10,Yes,Yes
116777,25520,Beans,20,08/03/2025,50,No,Yes
92925,25525,Soybean,25,20/12/2024,45,Yes,Yes
97555,25528,Soybean,25,04/01/2025,50,No,Yes
100242,27796,Soybean,50,23/12/2024,50,Yes,Yes
92808,27798,Groundnuts,20,12/11/2024,20,No,Yes
94581,27801,Soybean,25,30/12/2024,45,Yes,Yes
99714,27802,Soybean,25,07/12/2024,45,Yes,Yes
83604,27803,Soybean,25,17/11/2024,50,Yes,Yes
99722,27806,Groundnuts,20,26/11/2024,30,No,Yes
99725,27806,Soybean,25,22/12/2024,45,Yes,Yes
100373,27812,Groundnuts,20,10/01/2025,50,No,Yes
86369,27812,Soybean,25,25/12/2024,50,Yes,Yes
81644,27839,Soybean,25,27/12/2024,45,Yes,Yes
83904,27857,Groundnuts,20,03/01/2025,30,No,Yes
88920,27857,Soybean,25,03/01/2025,25,Yes,Yes
101924,27858,Beans,20,08/02/2025,10,Yes,Yes
83620,27863,Soybean,25,27/12/2024,50,Yes,Yes
100157,27866,Groundnuts,20,15/11/2024,20,No,Yes
92799,27867,Soybean,25,23/12/2024,45,Yes,Yes
85056,27871,Groundnuts,20,19/11/2024,10,Yes,Yes
85058,27873,Groundnuts,20,22/11/2024,10,Yes,Yes
84230,27874,Groundnuts,20,08/11/2024,10,Yes,Yes
80869,27875,Groundnuts,5,28/11/2024,10,Yes,Yes
85136,27876,Soybean,25,31/12/2024,5,Yes,Yes
87794,2554,Soybean,50,15/12/2024,60,Yes,Yes
100924,25540,Groundnuts,40,29/12/2024,20,No,Yes
99604,25546,Soybean,25,04/01/2025,20,Yes,Yes
92926,25551,Soybean,25,02/01/2025,45,Yes,Yes
101645,25552,Beans,20,06/02/2025,15,Yes,Yes
108069,25554,Beans,20,01/02/2025,45,No,Yes
108330,25556,Beans,20,05/02/2025,15,No,No
92306,25565,Soybean,25,14/11/2024,45,Yes,Yes
85767,2557,Soybean,50,13/12/2024,60,Yes,Yes
92928,25575,Soybean,25,20/12/2024,45,Yes,Yes
83511,25576,Soybean,50,19/12/2024,7,Yes,Yes
88154,25579,Groundnuts,20,23/12/2024,75,No,Yes
84972,27878,Soybean,50,14/12/2024,5,Yes,Yes
85029,27879,Groundnuts,20,14/11/2024,10,Yes,Yes
85291,27880,Soybean,25,18/12/2024,5,Yes,Yes
82437,27885,Groundnuts,20,08/11/2024,10,Yes,Yes
83213,27886,Soybean,25,27/12/2024,5,Yes,Yes
83978,27888,Groundnuts,20,18/11/2024,10,Yes,Yes
82612,27890,Soybean,25,21/11/2024,5,Yes,Yes
104564,27902,Beans,25,19/02/2025,80,No,Yes
118162,27906,Beans,25,15/02/2025,50,No,Yes
102524,2791,Beans,20,07/02/2025,60,No,Yes
100150,27919,Groundnuts,20,20/11/2024,30,No,Yes
92789,27921,Groundnuts,20,26/12/2024,20,No,Yes
104187,27926,Beans,20,02/02/2025,50,No,No
104082,27927,Beans,20,03/03/2025,65,No,Yes
81793,27931,Groundnuts,20,14/11/2024,10,Yes,Yes
92946,27932,Soybean,25,24/12/2024,5,Yes,Yes
84606,27939,Groundnuts,20,20/11/2024,30,No,Yes
84662,27943,Soybean,50,28/12/2024,50,Yes,Yes
84071,27944,Soybean,50,06/12/2024,50,Yes,Yes
84975,27947,Groundnuts,20,20/11/2024,10,Yes,Yes
104225,27949,Beans,20,01/02/2025,50,No,Yes
111199,27963,Beans,20,25/02/2025,60,No,Yes
92397,2558,Soybean,25,05/01/2025,55,Yes,Yes
109063,25581,Beans,10,08/02/2025,7,No,Yes
111702,25584,Beans,10,06/02/2025,7,No,Yes
88163,25589,Groundnuts,20,23/12/2024,75,No,Yes
109056,25590,Beans,10,04/02/2025,7,No,Yes
88165,25591,Groundnuts,20,22/12/2024,75,No,Yes
118211,25596,Beans,20,11/03/2025,50,No,Yes
88085,25604,Soybean,25,31/12/2024,45,Yes,Yes
93066,2561,Soybean,25,03/01/2025,55,Yes,Yes
94767,25611,Groundnuts,20,21/12/2024,45,Yes,Yes
93067,2562,Soybean,25,02/01/2025,60,Yes,Yes
84317,25626,Soybean,50,01/01/2025,65,Yes,No
85036,25629,Soybean,25,29/12/2024,40,No,Yes
111703,25637,Beans,10,07/02/2025,7,No,Yes
88167,25637,Groundnuts,20,22/12/2024,75,No,Yes
88168,25638,Groundnuts,20,23/12/2024,75,No,Yes
88439,25639,Groundnuts,20,22/12/2024,75,No,Yes
88441,25641,Groundnuts,20,23/12/2024,75,No,Yes
88444,25646,Groundnuts,20,22/12/2024,75,No,Yes
109051,25648,Beans,10,08/02/2025,7,No,Yes
109050,25649,Beans,10,05/02/2025,7,No,Yes
102521,2797,Beans,20,05/02/2025,60,No,Yes
100173,27973,Soybean,25,16/12/2024,45,Yes,Yes
99666,27978,Soybean,25,12/12/2024,45,Yes,Yes
108645,27990,Beans,40,11/02/2025,60,No,Yes
97408,27993,Soybean,25,29/12/2024,45,Yes,Yes
91521,27994,Soybean,12,08/01/2025,45,Yes,Yes
90937,28006,Groundnuts,20,13/11/2024,50,Yes,Yes
94524,28018,Soybean,25,26/12/2024,5,Yes,Yes
98534,28021,Soybean,50,31/12/2024,60,Yes,Yes
94520,28022,Groundnuts,20,08/12/2024,10,Yes,Yes
84344,28024,Soybean,25,04/01/2025,5,Yes,Yes
103765,28026,Beans,20,05/02/2025,40,No,Yes
103775,28029,Beans,40,04/02/2025,41,No,Yes
103785,28030,Beans,20,04/02/2025,45,No,No
103795,28033,Beans,20,04/02/2025,45,No,No
103794,28038,Beans,20,04/02/2025,46,No,No
84910,28046,Groundnuts,20,25/12/2024,10,No,Yes
84924,28049,Groundnuts,20,08/11/2024,10,No,Yes
103276,28061,Beans,20,04/02/2025,60,No,Yes
103104,28065,Soybean,25,28/12/2024,50,No,Yes
103280,28068,Beans,20,03/02/2025,60,No,Yes
93146,2566,Soybean,25,09/12/2024,75,Yes,Yes
86115,25688,Soybean,25,04/01/2025,7,Yes,Yes
108074,25696,Beans,20,31/01/2025,50,No,Yes
93552,25699,Soybean,25,17/11/2024,55,Yes,Yes
93169,2570,Soybean,50,05/12/2024,50,Yes,Yes
88395,25703,Soybean,50,02/01/2025,65,Yes,Yes
89427,25704,Soybean,25,03/01/2025,40,No,Yes
81991,25706,Soybean,50,01/01/2025,40,No,Yes
91151,25713,Soybean,50,15/12/2024,50,No,Yes
85418,25719,Soybean,25,01/01/2025,40,No,Yes
88396,25721,Soybean,25,01/01/2025,65,Yes,Yes
92292,25741,Groundnuts,25,12/01/2025,45,Yes,Yes
94777,25746,Groundnuts,20,15/12/2024,45,Yes,Yes
99256,2576,Soybean,25,07/12/2024,45,Yes,Yes
87131,25768,Soybean,25,26/12/2024,7,Yes,Yes
89432,25769,Soybean,25,04/01/2025,40,No,Yes
94776,25770,Groundnuts,20,20/12/2024,45,Yes,Yes
117919,25778,Beans,20,01/03/2025,5,No,Yes
90778,2578,Soybean,25,10/12/2024,50,Yes,Yes
107717,25781,Beans,40,19/02/2025,50,No,Yes
117917,25784,Beans,20,05/03/2025,5,No,No
88993,28070,Groundnuts,20,23/12/2024,35,No,Yes
97349,28081,Soybean,25,02/01/2025,50,No,Yes
83200,28082,Soybean,25,20/12/2024,5,No,Yes
84211,28086,Groundnuts,20,10/12/2024,10,Yes,Yes
87820,28087,Groundnuts,20,12/11/2024,10,Yes,Yes
85005,28090,Soybean,25,12/12/2024,5,Yes,Yes
98542,28111,Soybean,25,31/12/2024,65,Yes,Yes
97352,28112,Soybean,25,10/01/2025,45,No,Yes
103197,28116,Beans,20,04/02/2025,60,No,No
103105,28118,Soybean,25,27/12/2024,50,No,Yes
103272,28124,Beans,20,03/02/2025,60,No,Yes
88538,25787,Soybean,50,06/01/2025,45,Yes,Yes
87133,25793,Soybean,50,30/12/2024,8,Yes,Yes
82454,25799,Soybean,25,11/12/2024,10,Yes,Yes
88406,25804,Soybean,25,01/01/2025,65,Yes,Yes
83570,25812,Soybean,25,29/12/2024,45,Yes,Yes
88075,25815,Soybean,25,28/12/2024,45,Yes,Yes
82083,25816,Soybean,25,26/12/2024,45,Yes,Yes
91844,25817,Soybean,50,23/12/2024,45,Yes,Yes
94435,25818,Groundnuts,20,21/12/2024,45,Yes,Yes
88413,25825,Soybean,25,01/01/2025,65,Yes,Yes
88391,25826,Soybean,50,01/01/2025,65,Yes,Yes
89019,28131,Soybean,20,20/12/2024,45,No,Yes
84992,28145,Groundnuts,20,23/11/2024,10,Yes,Yes
116574,28150,Beans,20,01/03/2025,30,No,Yes
84920,28153,Groundnuts,20,28/11/2024,10,No,Yes
82171,22579,Groundnuts,20,15/12/2024,50,No,Yes
83005,22582,Soybean,25,07/12/2024,50,Yes,Yes
89054,22584,Groundnuts,20,03/01/2025,50,No,Yes
86741,24953,Soybean,25,11/12/2024,50,Yes,Yes
80945,24957,Soybean,125,10/11/2024,50,No,Yes
90017,24961,Soybean,50,03/01/2025,45,Yes,Yes
111055,24963,Beans,20,01/02/2025,10,No,Yes
90470,24966,Soybean,25,03/01/2025,45,Yes,Yes
89630,24970,Soybean,25,08/12/2024,45,Yes,Yes
89627,24978,Soybean,25,18/12/2024,50,Yes,Yes
90461,24982,Soybean,25,04/01/2025,45,Yes,Yes
87037,24992,Soybean,25,11/12/2024,45,Yes,Yes
86202,22585,Groundnuts,20,29/12/2024,50,No,Yes
98637,22589,Groundnuts,20,18/12/2024,20,Yes,Yes
98083,22590,Groundnuts,20,13/11/2024,20,Yes,Yes
83914,22596,Soybean,50,27/12/2024,50,Yes,Yes
99322,22599,Soybean,25,19/12/2024,45,Yes,Yes
98632,22600,Groundnuts,20,08/12/2024,20,Yes,Yes
100085,22603,Soybean,25,14/12/2024,45,Yes,Yes
83006,22608,Soybean,25,13/12/2024,50,Yes,Yes
85305,24996,Soybean,25,27/12/2024,48,Yes,Yes
93997,25002,Groundnuts,20,01/01/2025,50,No,Yes
102397,25012,Beans,20,05/02/2025,10,No,Yes
85736,25012,Groundnuts,30,23/12/2024,75,No,Yes
94752,25013,Soybean,50,01/01/2025,45,Yes,Yes
82825,25016,Soybean,25,09/12/2024,50,Yes,Yes
83529,25028,Soybean,25,17/12/2024,10,Yes,Yes
88798,25031,Soybean,25,08/01/2025,7,Yes,Yes
82874,25032,Soybean,25,17/12/2024,50,Yes,Yes
89769,25034,Soybean,25,10/12/2024,45,Yes,Yes
117173,25041,Beans,20,28/02/2025,10,No,Yes
103712,22619,Beans,20,11/02/2025,50,No,Yes
91532,22620,Soybean,50,03/01/2025,45,Yes,Yes
87270,22621,Groundnuts,20,04/01/2025,50,No,Yes
81688,22636,Soybean,25,16/12/2024,50,No,Yes
88821,22640,Soybean,25,13/12/2024,50,No,Yes
85950,22643,Soybean,100,24/12/2024,45,Yes,Yes
87484,22645,Soybean,50,31/12/2024,45,Yes,Yes
85944,22648,Soybean,100,26/12/2024,45,Yes,Yes
97245,22658,Soybean,25,29/12/2024,90,Yes,Yes
87603,25051,Soybean,25,11/12/2024,15,Yes,Yes
88037,25052,Soybean,25,28/12/2024,15,Yes,Yes
85866,25055,Soybean,25,19/12/2024,45,No,Yes
105480,25058,Beans,20,13/02/2025,30,No,Yes
86611,25060,Soybean,25,20/12/2024,50,No,Yes
83473,25068,Soybean,25,10/12/2024,50,Yes,Yes
85807,25070,Soybean,25,07/01/2025,45,Yes,Yes
96282,25073,Soybean,25,05/01/2025,50,Yes,Yes
79953,25077,Soybean,25,13/12/2024,50,Yes,Yes
88363,25083,Soybean,25,03/01/2025,45,Yes,Yes
86786,25089,Soybean,25,19/12/2024,45,No,Yes
103386,25093,Beans,20,02/02/2025,71,No,Yes
88106,25099,Soybean,20,15/12/2024,45,No,Yes
86794,25100,Soybean,25,11/12/2024,45,No,Yes
85936,22663,Groundnuts,25,28/12/2024,45,No,Yes
80443,22665,Groundnuts,60,16/12/2024,45,No,Yes
87488,22666,Groundnuts,40,28/12/2024,45,No,Yes
87490,22670,Groundnuts,40,27/12/2024,45,No,Yes
85947,22673,Groundnuts,60,26/12/2024,45,Yes,Yes
80440,22674,Groundnuts,20,08/12/2024,45,No,Yes
99520,22688,Soybean,50,12/01/2025,45,Yes,Yes
80549,22692,Soybean,25,14/12/2024,50,No,Yes
89210,22694,Soybean,50,01/01/2025,45,Yes,Yes
88049,25112,Soybean,50,15/12/2024,45,No,No
86170,25113,Soybean,25,04/01/2025,45,Yes,Yes
86206,25118,Soybean,25,11/01/2025,45,No,Yes
88134,25122,Soybean,25,20/12/2024,45,No,Yes
86770,25124,Soybean,25,01/01/2025,45,No,Yes
98286,25126,Groundnuts,20,15/12/2024,75,No,Yes
94187,25127,Groundnuts,40,08/01/2025,65,No,Yes
98297,25128,Groundnuts,20,21/01/2025,70,No,Yes
101668,25134,Groundnuts,20,22/11/2024,50,No,Yes
101473,25137,Groundnuts,20,18/11/2024,50,No,Yes
86299,25145,Soybean,25,21/12/2024,45,Yes,Yes
101617,25147,Groundnuts,20,29/11/2024,50,No,Yes
101671,25149,Groundnuts,20,16/12/2024,50,No,Yes
91702,25152,Soybean,25,12/12/2024,45,Yes,Yes
84096,25154,Soybean,50,22/12/2024,45,Yes,Yes
84291,25156,Soybean,25,28/11/2024,50,Yes,Yes
78827,22695,Soybean,25,10/12/2024,50,No,Yes
91976,22704,Soybean,25,18/12/2024,50,Yes,Yes
95131,22705,Soybean,25,10/12/2024,50,Yes,Yes
97410,22706,Soybean,25,13/01/2025,50,Yes,Yes
91974,22725,Soybean,25,09/12/2024,50,Yes,Yes
95135,22726,Soybean,25,08/01/2025,50,Yes,Yes
79299,22731,Soybean,25,18/12/2024,50,Yes,Yes
82527,22732,Soybean,25,01/01/2025,45,No,Yes
83041,22744,Soybean,50,19/12/2024,47,No,Yes
83871,22745,Soybean,25,29/12/2024,43,No,Yes
86318,25158,Soybean,25,19/12/2024,45,No,Yes
86894,25163,Beans,25,10/12/2024,45,Yes,Yes
86925,25171,Beans,25,17/12/2024,45,No,No
79858,25182,Soybean,25,12/12/2024,45,No,Yes
96760,25190,Soybean,62,16/12/2024,15,Yes,Yes
97634,25194,Soybean,25,16/12/2024,60,Yes,Yes
98698,25197,Soybean,25,22/12/2024,60,Yes,Yes
85764,25204,Soybean,25,15/12/2024,45,No,Yes
105603,25214,Beans,20,04/02/2025,55,No,Yes
103052,25217,Beans,20,04/02/2025,60,No,No
88203,25219,Soybean,25,03/01/2025,50,Yes,Yes
83037,22750,Soybean,25,02/01/2025,40,No,Yes
86871,22754,Soybean,25,29/12/2024,40,No,Yes
88580,22771,Soybean,50,18/12/2024,45,Yes,Yes
95137,22773,Soybean,25,09/01/2025,50,Yes,Yes
79300,22779,Soybean,25,28/11/2024,55,Yes,Yes
95052,22792,Soybean,25,21/12/2024,50,Yes,Yes
99175,22794,Soybean,25,14/12/2024,25,Yes,Yes
87684,22795,Soybean,25,16/12/2024,50,Yes,Yes
87682,22796,Groundnuts,20,18/12/2024,50,Yes,Yes
99178,22802,Groundnuts,20,14/12/2024,20,Yes,Yes
99181,22806,Soybean,25,14/12/2024,50,Yes,Yes
92854,2522,Soybean,2,13/12/2024,50,Yes,Yes
90842,25220,Soybean,25,01/01/2025,50,Yes,Yes
90283,25222,Soybean,25,28/12/2024,50,Yes,Yes
90254,25225,Soybean,75,15/12/2024,50,Yes,Yes
97084,25228,Soybean,25,02/01/2025,55,Yes,Yes
97611,25229,Soybean,25,30/12/2024,60,Yes,Yes
100453,25234,Groundnuts,20,09/01/2025,50,No,Yes
97605,25239,Soybean,25,11/12/2024,60,Yes,Yes
96408,25243,Soybean,25,20/12/2024,60,Yes,Yes
96419,25244,Soybean,25,10/01/2025,60,Yes,Yes
96928,25246,Soybean,50,10/12/2024,45,Yes,Yes
99188,22816,Soybean,25,21/12/2024,50,Yes,Yes
99190,22817,Soybean,25,20/12/2024,50,Yes,Yes
99194,22820,Soybean,50,13/12/2024,50,Yes,Yes
99198,22821,Groundnuts,20,17/12/2024,20,Yes,Yes
91895,22824,Soybean,25,19/12/2024,50,Yes,Yes
100671,22825,Groundnuts,20,16/12/2024,20,Yes,Yes
85890,22839,Soybean,50,27/12/2024,45,Yes,Yes
89505,22842,Soybean,50,20/12/2024,45,Yes,Yes
85952,22845,Soybean,25,28/12/2024,45,Yes,Yes
86647,22846,Soybean,50,22/12/2024,45,Yes,Yes
88483,22849,Soybean,25,29/12/2024,45,Yes,Yes
85959,22851,Soybean,50,19/12/2024,45,Yes,Yes
88486,22856,Soybean,25,29/12/2024,45,Yes,Yes
87250,22866,Soybean,25,03/01/2025,45,Yes,Yes
87194,22867,Soybean,25,03/01/2025,45,Yes,Yes
88367,22884,Soybean,25,05/01/2025,45,Yes,Yes
86993,22886,Soybean,25,30/12/2024,50,Yes,Yes
95828,25248,Soybean,25,17/12/2024,90,Yes,Yes
96700,25251,Soybean,25,15/12/2024,65,Yes,Yes
100721,25278,Soybean,25,20/11/2024,45,Yes,Yes
89636,25282,Soybean,25,02/12/2024,50,Yes,Yes
83358,25285,Soybean,25,14/11/2024,45,No,Yes
85367,25298,Soybean,25,27/12/2024,45,Yes,Yes
109260,25304,Beans,10,07/02/2025,7,No,Yes
81627,25308,Soybean,25,10/12/2024,45,No,Yes
99906,25310,Soybean,25,21/12/2024,45,Yes,Yes
90946,25324,Soybean,25,19/12/2024,50,Yes,Yes
79165,22895,Soybean,25,09/12/2024,50,Yes,Yes
81833,22910,Soybean,25,19/12/2024,50,Yes,Yes
81791,22913,Soybean,25,17/12/2024,50,Yes,Yes
86203,22914,Soybean,25,04/01/2025,50,Yes,Yes
83228,22928,Soybean,25,11/12/2024,50,Yes,Yes
81183,22930,Soybean,25,11/12/2024,50,Yes,Yes
83384,22942,Soybean,25,31/12/2024,46,Yes,Yes
99827,22943,Soybean,25,08/12/2024,50,No,Yes
79303,25327,Groundnuts,20,12/11/2024,45,No,Yes
99089,25330,Groundnuts,20,16/11/2024,20,No,Yes
81209,25339,Soybean,25,11/12/2024,45,No,Yes
79948,25343,Groundnuts,20,20/11/2024,45,No,Yes
98416,25350,Soybean,25,09/01/2025,50,Yes,Yes
97231,25354,Soybean,25,28/12/2024,55,Yes,Yes
96784,25357,Soybean,75,11/12/2024,15,Yes,Yes
94070,25365,Soybean,50,02/01/2025,60,Yes,Yes
96440,25369,Soybean,25,02/01/2025,60,Yes,Yes
94062,25370,Soybean,50,02/01/2025,55,Yes,Yes
97599,25371,Soybean,25,17/12/2024,60,Yes,Yes
92462,22949,Soybean,50,07/01/2025,50,Yes,Yes
92542,22952,Soybean,25,10/01/2025,55,Yes,Yes
99880,22957,Soybean,25,09/01/2025,50,No,Yes
99857,22958,Soybean,25,05/01/2025,50,No,Yes
89192,22961,Soybean,25,17/12/2024,50,Yes,Yes
81199,22965,Soybean,75,17/12/2024,50,Yes,Yes
84136,22966,Soybean,25,12/12/2024,50,Yes,Yes
84101,22967,Soybean,25,17/12/2024,50,Yes,Yes
81968,22969,Soybean,50,15/12/2024,50,Yes,Yes
79064,22971,Soybean,25,11/12/2024,50,Yes,Yes
82155,22974,Soybean,25,26/12/2024,50,Yes,Yes
83667,22979,Soybean,50,01/12/2024,45,Yes,Yes
83823,22981,Soybean,25,29/12/2024,45,Yes,Yes
83824,22982,Soybean,25,30/12/2024,45,Yes,Yes
83672,22984,Soybean,50,01/01/2025,45,Yes,Yes
99832,23008,Soybean,25,08/12/2024,50,No,Yes
79843,23014,Groundnuts,20,17/12/2024,50,Yes,Yes
81378,23015,Groundnuts,20,28/11/2024,50,Yes,Yes
88872,23024,Groundnuts,20,16/12/2024,50,No,Yes
87424,23035,Soybean,25,14/12/2024,60,No,No
93621,25374,Soybean,25,25/12/2024,15,No,Yes
98699,25377,Soybean,25,17/12/2024,60,No,Yes
109614,25384,Beans,40,11/02/2025,70,No,Yes
85222,25388,Soybean,25,02/01/2025,45,Yes,Yes
89966,25391,Soybean,25,02/01/2025,50,Yes,Yes
91912,25396,Soybean,25,04/01/2025,45,Yes,Yes
109661,25409,Beans,60,15/02/2025,60,No,Yes
108856,25410,Beans,40,13/02/2025,40,No,Yes
86008,25414,Soybean,25,02/01/2025,45,Yes,Yes
103849,25426,Beans,40,02/02/2025,60,No,Yes
89618,25428,Soybean,25,06/01/2025,45,Yes,Yes
88141,25434,Groundnuts,20,23/12/2024,75,No,Yes
111705,25435,Beans,10,06/02/2025,7,No,Yes
96353,25441,Soybean,50,03/01/2025,45,Yes,Yes
85786,25445,Soybean,50,01/01/2025,45,Yes,Yes
91503,2545,Soybean,100,13/12/2024,45,Yes,Yes
107995,25457,Beans,20,31/01/2025,60,No,Yes
88144,25465,Groundnuts,20,22/12/2024,75,No,Yes
108044,25466,Beans,40,30/01/2025,45,No,Yes
88145,25467,Groundnuts,20,22/12/2024,75,No,Yes
88146,25468,Groundnuts,20,23/12/2024,75,No,Yes
111709,25471,Beans,10,07/02/2025,7,No,Yes
111712,25474,Beans,10,06/02/2025,7,No,Yes
92406,23038,Soybean,45,04/01/2025,50,Yes,Yes
88866,23043,Groundnuts,20,28/12/2024,50,No,Yes
92498,23050,Soybean,50,14/12/2024,55,Yes,Yes
85210,23059,Soybean,25,18/12/2024,60,Yes,Yes
98417,23066,Soybean,25,08/01/2025,50,Yes,Yes
84819,23075,Soybean,50,16/12/2024,45,Yes,Yes
84815,23076,Groundnuts,40,29/11/2024,50,Yes,Yes
84933,23078,Soybean,25,28/01/2025,50,Yes,Yes
83671,23081,Soybean,50,28/12/2024,45,Yes,Yes
83690,23083,Soybean,50,01/01/2025,45,Yes,Yes
88879,23084,Groundnuts,40,17/12/2024,50,No,Yes
101903,23091,Beans,20,03/02/2025,10,No,Yes
98421,23094,Soybean,25,06/01/2025,50,Yes,Yes
99939,23099,Soybean,25,06/01/2025,50,Yes,Yes
99940,23102,Soybean,25,04/01/2025,50,Yes,Yes
86787,23105,Soybean,25,12/12/2024,60,Yes,Yes
87353,23108,Soybean,25,12/12/2024,60,No,No
87445,23110,Soybean,25,02/01/2025,60,No,No
87439,23112,Soybean,25,27/12/2024,60,No,No
85207,23114,Soybean,25,09/12/2024,60,Yes,Yes
87436,23115,Soybean,25,01/01/2025,60,No,No
88149,25475,Groundnuts,20,23/12/2024,75,No,Yes
111715,25477,Beans,10,08/02/2025,7,No,Yes
109233,25482,Beans,10,05/02/2025,7,No,Yes
104158,25487,Beans,40,05/02/2025,50,No,Yes
102706,25490,Beans,80,05/02/2025,50,No,Yes
98925,25495,Soybean,125,03/01/2025,90,Yes,Yes
98913,25497,Soybean,25,16/11/2024,90,Yes,Yes
99372,25498,Soybean,25,08/12/2024,90,Yes,Yes
98894,25505,Soybean,25,09/12/2024,90,Yes,Yes
93043,25516,Soybean,25,01/01/2025,50,No,Yes
97546,25524,Soybean,25,04/01/2025,50,No,Yes
85211,23117,Soybean,25,04/12/2024,60,Yes,Yes
82922,23120,Soybean,25,01/01/2025,45,Yes,Yes
83827,23121,Soybean,50,29/12/2024,45,Yes,Yes
87076,23151,Soybean,25,01/01/2025,45,Yes,Yes
89095,23153,Soybean,25,01/01/2025,45,Yes,Yes
89038,23154,Soybean,50,29/12/2024,45,Yes,Yes
103561,23157,Beans,40,04/02/2025,50,No,Yes
103562,23158,Beans,20,04/02/2025,50,No,Yes
103498,23163,Beans,40,04/02/2025,50,No,Yes
87310,23165,Soybean,25,02/01/2025,45,Yes,Yes
97548,25530,Soybean,25,01/01/2025,50,No,Yes
99584,25538,Soybean,25,08/12/2024,20,Yes,Yes
99271,25541,Groundnuts,80,04/12/2024,20,No,Yes
92312,25557,Groundnuts,20,14/11/2024,45,Yes,Yes
92314,25558,Groundnuts,20,15/11/2024,45,Yes,Yes
92299,25564,Soybean,25,28/12/2024,45,Yes,Yes
108314,25566,Beans,40,02/02/2025,10,No,Yes
113623,25569,Beans,40,05/02/2025,60,No,Yes
92927,25571,Soybean,25,02/01/2025,45,Yes,Yes
113620,25582,Beans,40,07/02/2025,60,No,Yes
88158,25584,Groundnuts,20,22/12/2024,75,No,Yes
101138,23169,Soybean,25,17/12/2024,60,No,Yes
82560,23172,Soybean,25,17/12/2024,50,No,Yes
87552,23174,Soybean,50,02/01/2025,10,Yes,Yes
80148,23175,Soybean,100,10/12/2024,45,Yes,Yes
101142,23186,Beans,25,14/12/2024,50,No,Yes
90266,23188,Groundnuts,40,22/12/2024,50,Yes,Yes
83086,23199,Soybean,2,21/12/2024,50,No,Yes
89040,23207,Soybean,25,01/01/2025,45,Yes,Yes
89128,23209,Soybean,25,01/01/2025,45,Yes,Yes
85488,23211,Groundnuts,20,22/12/2024,45,No,Yes
87925,23214,Soybean,50,11/01/2025,45,Yes,Yes
88159,25585,Groundnuts,20,23/12/2024,1,No,Yes
88160,25586,Groundnuts,20,22/12/2024,75,No,Yes
109059,25587,Beans,10,06/02/2025,7,No,Yes
109058,25588,Beans,10,08/02/2025,7,No,Yes
88164,25590,Groundnuts,20,23/12/2024,75,No,Yes
109055,25591,Beans,10,05/02/2025,7,No,Yes
83517,25600,Soybean,25,05/01/2025,5,Yes,Yes
101690,25601,Beans,20,08/02/2025,10,No,Yes
92310,25603,Soybean,25,14/11/2024,45,Yes,Yes
88082,25607,Groundnuts,20,12/12/2024,45,Yes,Yes
92296,25612,Soybean,25,12/11/2024,45,Yes,Yes
94762,25613,Soybean,25,22/12/2024,45,Yes,Yes
89062,23215,Soybean,50,01/01/2025,45,Yes,Yes
93023,23218,Soybean,25,15/12/2024,45,Yes,Yes
86270,23221,Soybean,75,01/01/2025,45,Yes,Yes
85340,23222,Soybean,50,12/12/2024,45,Yes,Yes
91370,23227,Soybean,25,02/12/2024,60,Yes,No
95489,23234,Soybean,25,19/12/2024,60,Yes,Yes
93174,23235,Soybean,25,27/12/2024,60,Yes,Yes
88316,23243,Soybean,250,07/11/2024,60,Yes,No
88295,23245,Soybean,25,09/12/2024,82,Yes,Yes
88297,23246,Soybean,25,24/12/2024,90,Yes,Yes
88305,23248,Soybean,50,25/12/2024,75,Yes,Yes
83582,25616,Groundnuts,20,18/12/2024,45,Yes,Yes
92290,25617,Soybean,25,27/12/2024,45,Yes,Yes
107372,25618,Beans,40,03/02/2025,50,No,Yes
83523,25621,Soybean,50,05/12/2024,10,Yes,Yes
89443,25624,Soybean,25,09/01/2025,40,No,Yes
84070,25632,Soybean,25,20/12/2024,45,No,Yes
86118,25636,Soybean,25,02/01/2025,7,Yes,Yes
109053,25638,Beans,10,07/02/2025,7,No,Yes
109052,25639,Beans,10,05/02/2025,7,No,Yes
109226,25647,Beans,10,07/02/2025,7,No,Yes
88445,25647,Groundnuts,20,23/12/2024,75,No,Yes
92489,23252,Soybean,25,03/01/2025,50,Yes,Yes
85349,23261,Soybean,25,02/01/2025,50,Yes,Yes
96396,23262,Soybean,25,07/01/2025,60,Yes,Yes
96458,23263,Soybean,25,22/01/2025,60,Yes,Yes
96473,23264,Soybean,50,04/01/2025,60,Yes,Yes
94052,23267,Soybean,25,08/12/2024,60,Yes,Yes
98422,23272,Soybean,25,02/01/2025,50,Yes,Yes
88469,23276,Soybean,50,02/12/2024,45,Yes,Yes
96434,23279,Soybean,25,02/01/2025,60,Yes,Yes
96452,23281,Soybean,50,02/01/2025,60,Yes,Yes
107967,23284,Beans,20,12/02/2025,10,No,Yes
90052,23287,Soybean,25,26/12/2024,75,Yes,Yes
107977,23290,Beans,60,09/02/2025,10,No,Yes
107959,23291,Beans,20,06/02/2025,15,No,Yes
85106,23292,Soybean,50,19/12/2024,45,Yes,Yes
87195,23294,Soybean,50,19/12/2024,45,Yes,Yes
83506,23299,Soybean,50,19/12/2024,45,Yes,Yes
88524,23301,Soybean,25,26/12/2024,45,Yes,Yes
83507,23303,Soybean,25,10/12/2024,45,Yes,Yes
107968,23309,Beans,20,05/02/2025,15,No,Yes
88908,23311,Groundnuts,20,20/12/2024,30,No,Yes
118201,25651,Beans,40,04/03/2025,50,No,Yes
88447,25652,Groundnuts,20,23/12/2024,75,No,Yes
109229,25654,Beans,10,07/02/2025,7,No,Yes
88086,25665,Soybean,25,20/12/2024,45,Yes,Yes
94771,25667,Groundnuts,20,28/12/2024,45,Yes,Yes
94772,25667,Soybean,25,28/12/2024,45,Yes,Yes
81523,25670,Groundnuts,20,13/11/2024,45,Yes,Yes
91848,25673,Soybean,25,27/12/2024,45,Yes,Yes
81654,25678,Soybean,25,22/12/2024,45,Yes,Yes
102655,25690,Beans,80,01/02/2025,10,No,Yes
81972,25691,Soybean,50,29/12/2024,40,No,Yes
84422,25698,Soybean,25,07/01/2025,45,No,Yes
87381,23315,Soybean,25,03/01/2025,45,Yes,Yes
88922,23316,Groundnuts,25,06/12/2024,25,No,Yes
107982,23318,Beans,20,09/02/2025,15,No,Yes
85006,23322,Soybean,50,10/12/2024,45,Yes,Yes
84464,23327,Groundnuts,20,18/12/2024,50,Yes,Yes
84465,23330,Groundnuts,20,12/12/2024,50,Yes,Yes
84472,23332,Groundnuts,20,31/12/2024,50,Yes,Yes
85179,23339,Groundnuts,20,10/12/2024,50,No,Yes
85091,23348,Soybean,50,07/01/2025,45,Yes,Yes
101526,23362,Soybean,25,12/12/2024,45,Yes,Yes
101522,23364,Soybean,25,12/12/2024,45,Yes,Yes
101531,23366,Soybean,25,12/12/2024,45,Yes,Yes
107971,23370,Beans,20,07/02/2025,10,No,Yes
82835,23375,Soybean,25,01/01/2025,45,Yes,Yes
85143,23385,Soybean,25,12/12/2024,45,Yes,Yes
85032,23392,Soybean,50,14/12/2024,45,Yes,Yes
82116,23409,Soybean,25,15/12/2024,50,Yes,Yes
92545,23410,Soybean,25,04/01/2025,55,Yes,Yes
104839,23422,Beans,20,10/03/2025,20,No,Yes
86258,23424,Groundnuts,20,12/11/2024,20,No,Yes
90960,23429,Groundnuts,20,29/12/2024,20,No,Yes
90066,23437,Groundnuts,20,03/01/2025,50,Yes,Yes
84360,25700,Soybean,50,01/01/2025,65,Yes,Yes
91135,25711,Soybean,50,26/12/2024,50,No,Yes
91146,25714,Soybean,50,17/12/2024,50,No,Yes
91147,25716,Soybean,50,18/12/2024,50,No,Yes
87129,25723,Soybean,50,12/12/2024,7,Yes,Yes
79651,25727,Groundnuts,20,27/11/2024,45,Yes,Yes
81520,25729,Groundnuts,20,20/12/2024,45,Yes,Yes
81519,25729,Soybean,25,19/12/2024,45,Yes,Yes
96582,25730,Soybean,25,15/12/2024,12,No,Yes
79329,23450,Groundnuts,20,27/11/2024,20,Yes,Yes
89554,23453,Groundnuts,20,26/12/2024,20,No,Yes
85549,23455,Soybean,25,31/12/2024,45,Yes,Yes
101934,23458,Beans,20,03/02/2025,10,No,Yes
111056,23460,Beans,20,01/02/2025,10,No,Yes
102257,23461,Beans,20,01/02/2025,10,No,Yes
90165,23463,Soybean,25,27/12/2024,45,Yes,Yes
91787,23465,Soybean,25,05/12/2024,46,Yes,Yes
91814,23466,Soybean,25,07/12/2024,50,Yes,Yes
108324,23471,Beans,40,31/01/2025,15,No,Yes
92681,25734,Groundnuts,20,19/12/2024,45,Yes,Yes
81528,25735,Soybean,25,14/12/2024,45,Yes,Yes
89437,25739,Soybean,50,01/01/2025,45,No,Yes
80669,25745,Groundnuts,20,19/12/2024,45,Yes,Yes
91850,25745,Soybean,25,20/12/2024,45,Yes,Yes
80970,25786,Soybean,25,14/12/2024,45,No,Yes
81221,25806,Soybean,25,15/12/2024,45,Yes,Yes
83574,25812,Groundnuts,20,21/12/2024,45,Yes,Yes
82086,25816,Groundnuts,20,27/12/2024,45,Yes,Yes
89194,25820,Soybean,25,01/01/2025,65,Yes,Yes
81651,25821,Groundnuts,20,18/12/2024,45,Yes,Yes
81653,25821,Soybean,25,20/12/2024,45,Yes,Yes
81922,25822,Soybean,25,15/12/2024,7,Yes,Yes
88428,25823,Soybean,25,01/01/2025,65,Yes,Yes
88536,25846,Soybean,25,08/01/2025,45,Yes,Yes
92683,25848,Groundnuts,20,26/12/2024,45,Yes,Yes
95888,25862,Soybean,25,29/12/2024,45,Yes,Yes
83954,25873,Soybean,25,19/12/2024,35,No,Yes
88077,25877,Soybean,25,03/01/2025,45,Yes,Yes
102553,23475,Beans,20,05/02/2025,60,No,Yes
108328,23481,Beans,60,29/01/2025,10,No,Yes
108327,23484,Beans,60,30/01/2025,10,No,Yes
103443,23490,Beans,20,10/03/2025,60,No,Yes
112172,23491,Beans,20,03/02/2025,10,No,Yes
108322,23499,Beans,40,01/02/2025,8,No,No
108564,23504,Beans,20,01/02/2025,10,No,No
86861,23507,Soybean,50,05/12/2024,45,Yes,Yes
86830,23513,Soybean,25,07/01/2025,45,Yes,Yes
111050,23516,Beans,40,01/02/2025,10,No,Yes
111058,23517,Beans,40,01/02/2025,10,No,Yes
108566,23523,Beans,20,01/02/2025,5,No,Yes
85173,23539,Groundnuts,20,25/11/2024,50,No,Yes
85178,23541,Groundnuts,20,20/12/2024,50,No,Yes
85172,23542,Groundnuts,20,25/11/2024,50,No,Yes
100283,23545,Groundnuts,20,27/11/2024,50,No,Yes
80436,23549,Soybean,20,16/12/2024,50,Yes,Yes
84384,23551,Soybean,25,19/12/2024,45,Yes,Yes
85233,23554,Soybean,25,02/01/2025,45,No,Yes
89440,25887,Soybean,25,08/01/2025,40,No,Yes
84366,25893,Groundnuts,20,29/12/2024,50,No,Yes
82087,25897,Groundnuts,20,20/12/2024,50,No,Yes
85351,25899,Soybean,25,01/01/2025,50,No,Yes
85296,25901,Groundnuts,20,02/01/2025,50,No,Yes
84352,25905,Groundnuts,20,28/12/2024,50,No,Yes
80993,25910,Groundnuts,20,18/12/2024,50,No,Yes
85388,25915,Groundnuts,20,27/12/2024,50,No,Yes
83498,25916,Groundnuts,20,21/12/2024,50,No,Yes
83478,25919,Groundnuts,20,21/12/2024,50,No,Yes
86050,25943,Soybean,25,24/12/2024,45,Yes,Yes
85084,23563,Soybean,25,25/12/2024,15,Yes,Yes
85231,23565,Soybean,25,10/12/2024,23,No,Yes
85080,23566,Soybean,50,15/11/2024,15,Yes,Yes
85228,23568,Soybean,50,14/12/2024,45,Yes,Yes
79798,23572,Soybean,25,15/12/2024,50,Yes,Yes
82802,23579,Soybean,25,08/12/2024,45,Yes,Yes
87334,23580,Soybean,25,04/12/2024,45,Yes,Yes
97433,25947,Groundnuts,20,13/11/2024,15,No,Yes
108373,25950,Beans,20,06/02/2025,65,No,Yes
103588,25953,Beans,20,07/02/2025,75,No,Yes
96826,25955,Soybean,25,20/12/2024,50,Yes,Yes
87685,25961,Soybean,25,15/12/2024,50,Yes,Yes
99211,25962,Soybean,25,22/12/2024,50,Yes,Yes
91897,25971,Soybean,25,01/01/2025,50,Yes,Yes
86044,25974,Groundnuts,20,23/12/2024,45,Yes,Yes
86042,25974,Soybean,25,27/12/2024,45,Yes,Yes
83567,25976,Soybean,25,17/12/2024,45,Yes,Yes
96327,25979,Soybean,25,05/01/2025,45,Yes,Yes
108249,25981,Beans,20,06/02/2025,10,No,Yes
97878,25987,Groundnuts,20,18/11/2024,15,No,Yes
103418,25988,Beans,20,02/02/2025,50,No,Yes
83192,25995,Soybean,50,20/12/2024,45,Yes,Yes
96802,25998,Soybean,25,02/01/2025,15,Yes,Yes
96806,26007,Soybean,25,03/01/2025,45,Yes,Yes
95892,26011,Soybean,25,21/12/2024,45,Yes,Yes
102563,26015,Beans,20,03/02/2025,60,No,Yes
96824,26016,Groundnuts,20,08/11/2024,15,No,Yes
95165,26030,Soybean,25,03/01/2025,50,Yes,Yes
81085,26031,Groundnuts,40,16/12/2024,50,No,Yes
85478,26032,Groundnuts,20,02/01/2025,50,No,Yes
87269,26036,Groundnuts,20,07/01/2025,50,No,Yes
100745,23588,Groundnuts,20,25/11/2024,50,No,Yes
86212,23602,Soybean,50,29/12/2024,50,Yes,Yes
85543,23609,Soybean,25,24/12/2024,45,Yes,Yes
85424,23615,Soybean,25,27/12/2024,15,Yes,Yes
103583,23626,Beans,40,03/02/2025,50,No,Yes
81881,23633,Soybean,25,11/12/2024,45,Yes,Yes
81829,23635,Soybean,50,10/12/2024,40,Yes,Yes
79213,23644,Soybean,25,07/12/2024,50,Yes,Yes
82683,23646,Soybean,25,16/12/2024,57,Yes,Yes
103356,23657,Beans,20,30/01/2025,50,No,Yes
103416,26046,Beans,40,29/01/2025,50,No,Yes
106857,26053,Beans,20,28/02/2025,50,No,Yes
106856,26054,Beans,20,25/02/2025,50,No,Yes
85599,26056,Soybean,25,15/12/2024,45,Yes,Yes
95145,26057,Soybean,50,17/12/2024,50,Yes,Yes
99332,26064,Groundnuts,20,18/12/2024,20,Yes,Yes
94915,26065,Soybean,25,09/01/2025,45,Yes,Yes
98235,26074,Groundnuts,20,13/11/2024,15,No,Yes
98247,26074,Soybean,25,04/01/2025,45,Yes,Yes
103506,23658,Beans,40,11/02/2025,45,No,Yes
104604,23659,Beans,20,04/02/2025,45,No,Yes
86003,23662,Soybean,25,12/12/2024,60,Yes,Yes
82545,23666,Soybean,25,18/12/2024,45,Yes,Yes
103491,23671,Beans,20,06/02/2025,35,No,Yes
103513,23674,Beans,40,05/02/2025,50,No,Yes
81717,23675,Soybean,25,23/12/2024,60,Yes,Yes
81758,23683,Soybean,25,21/12/2024,30,Yes,Yes
87440,23684,Soybean,25,02/01/2025,60,Yes,No
103495,23689,Beans,20,05/02/2025,45,No,Yes
108250,23704,Beans,20,03/02/2025,10,No,Yes
104699,23709,Beans,20,10/02/2025,60,No,Yes
102978,23710,Beans,20,04/02/2025,50,No,Yes
104446,23717,Beans,20,01/02/2025,10,No,Yes
104447,23718,Beans,5,03/02/2025,10,No,Yes
102766,23719,Beans,20,06/02/2025,10,No,Yes
79037,23725,Groundnuts,20,01/12/2024,3,Yes,Yes
79046,23729,Groundnuts,20,01/12/2024,45,Yes,Yes
79035,23731,Groundnuts,20,01/12/2024,45,Yes,Yes
78772,23735,Groundnuts,20,02/12/2024,2,No,Yes
103518,23740,Beans,20,04/02/2025,45,No,No
104620,23743,Beans,20,04/02/2025,50,No,Yes
103578,23748,Beans,20,05/02/2025,50,No,Yes
102270,23750,Beans,20,10/02/2025,10,Yes,Yes
103494,23756,Beans,40,04/02/2025,45,No,Yes
103520,23757,Beans,20,04/02/2025,45,No,Yes
103519,23762,Beans,40,10/02/2025,50,No,Yes
102694,23773,Beans,20,01/02/2025,10,No,Yes
92509,23776,Soybean,50,01/01/2025,50,Yes,Yes
98746,23788,Soybean,25,02/01/2025,55,Yes,Yes
90596,23794,Groundnuts,30,24/12/2024,75,No,Yes
90602,23801,Groundnuts,30,25/12/2024,75,No,Yes
108878,23802,Beans,20,04/02/2025,75,No,No
90593,23802,Groundnuts,30,24/12/2024,75,Yes,Yes
90606,23806,Groundnuts,30,26/12/2024,75,No,Yes
94181,26075,Soybean,25,08/01/2025,70,Yes,Yes
95153,26080,Soybean,25,31/12/2024,50,Yes,Yes
95166,26082,Soybean,50,29/12/2024,20,Yes,Yes
96307,26091,Soybean,25,22/12/2024,45,Yes,Yes
83186,26093,Groundnuts,20,10/11/2024,15,Yes,Yes
96311,26099,Soybean,25,22/12/2024,45,Yes,Yes
111606,26114,Beans,20,10/02/2025,90,No,Yes
118168,26121,Beans,20,06/03/2025,50,No,Yes
114128,26137,Beans,40,03/03/2025,75,No,Yes
118752,26140,Beans,20,12/03/2025,75,No,Yes
114126,26145,Beans,40,05/03/2025,90,No,No
80968,26146,Groundnuts,60,06/12/2024,50,No,Yes
112523,26151,Beans,20,08/03/2025,50,No,Yes
84748,26152,Groundnuts,20,14/12/2024,50,No,Yes
84749,26155,Groundnuts,20,01/01/2025,50,No,Yes
84750,26157,Groundnuts,20,01/01/2025,50,No,Yes
119303,26158,Beans,20,08/03/2025,90,No,Yes
85695,26162,Groundnuts,20,20/12/2024,50,No,Yes
85799,26166,Groundnuts,20,15/12/2024,50,No,Yes
82908,26173,Groundnuts,20,01/12/2024,60,No,Yes
84306,26175,Groundnuts,20,15/12/2024,50,No,Yes
87039,26194,Groundnuts,20,01/01/2025,50,No,Yes
94981,26198,Groundnuts,20,02/01/2025,50,No,Yes
94984,26202,Groundnuts,20,03/01/2025,50,No,Yes
81330,26206,Groundnuts,20,14/12/2024,50,No,Yes
80621,26207,Groundnuts,20,07/12/2024,50,No,Yes
82225,26220,Groundnuts,40,03/12/2024,50,No,Yes
85090,26222,Groundnuts,20,01/01/2025,50,No,Yes
99335,26229,Groundnuts,20,14/12/2024,20,Yes,Yes
100674,26230,Soybean,50,20/12/2024,50,Yes,Yes
100679,26234,Soybean,25,12/12/2024,50,Yes,Yes
100682,26236,Groundnuts,20,17/12/2024,20,Yes,Yes
100689,26247,Soybean,25,20/12/2024,50,Yes,Yes
108634,23807,Beans,20,08/02/2025,75,No,Yes
90607,23807,Groundnuts,30,25/12/2024,75,No,Yes
90608,23808,Groundnuts,30,24/12/2024,75,No,Yes
90656,23809,Groundnuts,30,26/12/2024,75,No,Yes
108993,23815,Beans,40,04/02/2025,75,No,Yes
90663,23816,Groundnuts,30,27/12/2024,75,No,Yes
109000,23822,Beans,20,09/02/2025,75,No,Yes
92145,23823,Groundnuts,30,27/12/2024,75,No,Yes
83083,23824,Soybean,25,01/01/2025,55,Yes,Yes
104457,23826,Beans,20,09/02/2025,30,No,Yes
103994,23830,Beans,40,10/02/2025,40,No,Yes
103409,23839,Beans,20,29/01/2025,50,No,Yes
79400,23843,Soybean,25,10/12/2024,15,Yes,Yes
91904,26248,Groundnuts,20,15/12/2024,20,Yes,Yes
91909,26251,Soybean,50,03/12/2024,50,Yes,Yes
91908,26257,Groundnuts,20,14/12/2024,20,Yes,Yes
100168,26264,Soybean,25,09/12/2024,45,Yes,Yes
91360,26265,Groundnuts,20,02/12/2024,45,Yes,Yes
86598,2627,Soybean,25,01/01/2025,60,Yes,Yes
92619,26270,Groundnuts,20,17/12/2024,45,Yes,Yes
91359,26273,Soybean,25,03/12/2024,45,Yes,Yes
99926,26279,Groundnuts,20,11/12/2024,45,Yes,Yes
93583,23847,Soybean,25,28/12/2024,15,Yes,Yes
85420,23848,Soybean,25,03/01/2025,15,Yes,Yes
85422,23855,Soybean,25,03/01/2025,15,Yes,Yes
102783,23861,Beans,20,06/02/2025,13,No,Yes
80164,23865,Soybean,25,20/12/2024,60,Yes,Yes
85336,23866,Soybean,25,26/12/2024,50,Yes,Yes
89126,23867,Soybean,25,03/01/2025,50,Yes,Yes
81066,23871,Soybean,25,04/12/2024,50,Yes,Yes
94223,23872,Soybean,25,20/12/2024,80,Yes,Yes
93586,23880,Soybean,25,10/01/2025,15,Yes,Yes
93560,23886,Soybean,25,10/01/2025,15,Yes,Yes
78741,2628,Maize,10,14/12/2024,75,No,Yes
80996,26283,Groundnuts,20,09/12/2024,50,Yes,Yes
81371,26284,Groundnuts,20,01/12/2024,50,No,Yes
81385,26287,Groundnuts,20,02/12/2024,50,No,Yes
80634,26289,Groundnuts,20,01/12/2024,50,No,Yes
92627,26295,Groundnuts,10,28/12/2024,30,Yes,Yes
113728,26302,Beans,20,08/03/2025,5,Yes,Yes
108659,26306,Beans,80,11/02/2025,60,No,Yes
85243,26316,Soybean,25,01/01/2025,45,Yes,Yes
114543,26320,Beans,60,13/02/2025,60,No,Yes
114548,26321,Beans,40,15/02/2025,60,No,Yes
82178,23898,Soybean,25,12/12/2024,60,Yes,Yes
86838,23904,Soybean,25,02/01/2025,60,Yes,Yes
101642,23911,Beans,20,05/02/2025,10,Yes,Yes
106168,23912,Beans,20,02/03/2025,10,Yes,Yes
86839,23917,Soybean,25,12/12/2024,48,Yes,Yes
79397,23929,Soybean,10,14/12/2024,15,Yes,Yes
85427,23930,Soybean,25,29/12/2024,15,Yes,Yes
93585,23931,Soybean,25,04/01/2025,15,Yes,Yes
82896,23947,Soybean,25,11/12/2024,50,Yes,Yes
96907,23960,Soybean,25,27/12/2024,50,Yes,Yes
86207,23967,Soybean,5,21/12/2024,45,Yes,Yes
89762,23969,Soybean,12,28/12/2024,50,Yes,Yes
96387,23973,Soybean,25,07/01/2025,50,Yes,Yes
96416,23974,Soybean,25,12/01/2025,60,Yes,Yes
104739,23976,Beans,20,05/03/2025,15,Yes,Yes
85584,23978,Soybean,50,02/01/2025,47,Yes,Yes
86634,23981,Groundnuts,30,25/12/2024,75,No,Yes
85423,23991,Soybean,25,05/01/2025,15,Yes,Yes
93572,23992,Soybean,25,14/01/2025,15,Yes,Yes
103266,23997,Beans,20,02/02/2025,50,No,Yes
85808,23998,Soybean,25,02/01/2025,45,Yes,Yes
117738,26325,Beans,20,26/02/2025,60,No,Yes
110315,26330,Beans,40,22/02/2025,60,No,Yes
115568,26346,Beans,60,04/02/2025,50,No,Yes
102095,2635,Beans,40,03/02/2025,60,No,Yes
115243,26352,Beans,20,02/02/2025,20,No,Yes
102361,2636,Beans,40,07/02/2025,60,No,Yes
99775,26364,Soybean,25,28/12/2024,60,Yes,Yes
88420,26376,Soybean,25,01/01/2025,65,Yes,Yes
88405,26384,Soybean,25,01/01/2025,65,Yes,Yes
88402,26396,Soybean,25,01/01/2025,65,Yes,Yes
98597,26398,Soybean,25,11/11/2024,50,Yes,Yes
101861,2640,Beans,20,04/02/2025,6,No,Yes
89374,26400,Soybean,50,02/01/2025,65,Yes,Yes
88415,26403,Soybean,25,02/01/2025,65,Yes,Yes
88407,26405,Soybean,25,01/01/2025,65,Yes,Yes
94648,26416,Soybean,25,28/12/2024,50,Yes,Yes
102532,2642,Beans,20,07/02/2025,60,No,Yes
102363,26426,Beans,20,06/02/2025,10,No,Yes
97447,2644,Soybean,50,25/12/2024,55,Yes,Yes
102908,26440,Beans,20,05/02/2025,60,No,Yes
103537,26441,Beans,20,03/02/2025,60,No,Yes
103237,26445,Beans,20,02/02/2025,10,No,Yes
106323,26450,Beans,20,03/03/2025,50,No,Yes
109579,26453,Beans,20,02/03/2025,50,No,Yes
103233,26456,Beans,20,04/02/2025,10,No,Yes
88390,26458,Soybean,25,01/01/2025,65,Yes,Yes
96084,26465,Soybean,100,03/01/2025,45,Yes,Yes
90382,26468,Soybean,25,19/01/2025,45,Yes,Yes
98202,26476,Soybean,25,29/12/2024,50,Yes,Yes
89450,26477,Soybean,25,01/01/2025,6,No,Yes
98074,26478,Groundnuts,20,17/11/2024,25,No,Yes
89451,26486,Soybean,25,02/01/2025,45,No,Yes
103244,2649,Beans,20,03/02/2025,60,No,Yes
100746,26491,Groundnuts,20,18/11/2024,25,No,Yes
85825,23999,Soybean,50,03/01/2025,45,Yes,Yes
84033,24012,Soybean,25,02/01/2025,45,Yes,Yes
103271,24015,Beans,20,03/02/2025,50,No,Yes
106093,24017,Beans,20,08/03/2025,15,Yes,Yes
83311,24018,Soybean,25,12/12/2024,50,Yes,Yes
86186,24023,Soybean,50,03/01/2025,45,Yes,Yes
103571,24040,Beans,20,04/02/2025,50,No,Yes
86691,24042,Soybean,25,07/01/2025,45,Yes,Yes
81708,24043,Soybean,25,19/12/2024,60,Yes,Yes
85645,24044,Soybean,50,08/01/2025,46,Yes,Yes
94681,24046,Soybean,25,27/11/2024,80,Yes,Yes
94711,24054,Soybean,25,05/01/2025,78,Yes,Yes
94714,24058,Soybean,25,05/01/2025,78,Yes,Yes
94699,24060,Soybean,25,17/01/2025,80,Yes,Yes
94226,24061,Soybean,25,06/01/2025,65,Yes,Yes
93556,24068,Soybean,50,05/01/2025,15,Yes,Yes
79950,24073,Soybean,25,07/12/2024,45,Yes,Yes
93570,24087,Soybean,25,10/01/2025,15,Yes,Yes
103307,24090,Beans,40,07/02/2025,80,No,Yes
81940,24093,Soybean,25,20/12/2024,50,Yes,Yes
86761,24094,Soybean,50,01/01/2025,45,Yes,Yes
101059,24096,Groundnuts,20,28/11/2024,50,No,Yes
100934,24099,Groundnuts,20,16/12/2024,50,No,Yes
100762,26493,Soybean,50,25/12/2024,45,Yes,Yes
100037,26496,Groundnuts,20,17/11/2024,25,No,Yes
101863,2650,Beans,20,02/02/2025,60,No,Yes
100994,26500,Groundnuts,20,21/11/2024,25,No,Yes
103182,26503,Beans,45,04/02/2025,45,No,Yes
102071,26506,Beans,20,10/02/2025,45,No,Yes
86827,26511,Soybean,25,06/01/2025,45,Yes,Yes
99540,26515,Groundnuts,20,17/11/2024,25,No,Yes
99559,26516,Soybean,25,18/12/2024,45,Yes,Yes
104902,26517,Beans,20,10/02/2025,30,No,Yes
99203,26525,Soybean,25,17/12/2024,45,Yes,Yes
100092,24100,Groundnuts,20,20/12/2024,50,No,Yes
100899,24105,Groundnuts,20,28/11/2024,50,No,Yes
100430,24106,Groundnuts,20,27/11/2024,50,No,Yes
100955,24115,Groundnuts,20,22/11/2024,50,No,Yes
100954,24120,Groundnuts,20,27/12/2024,50,No,Yes
100439,24126,Groundnuts,20,28/11/2024,50,No,Yes
101220,24127,Groundnuts,20,10/11/2024,50,No,Yes
99934,24139,Groundnuts,20,16/11/2024,50,No,Yes
100433,24141,Groundnuts,20,27/11/2024,50,No,Yes
100437,24149,Groundnuts,20,26/12/2024,50,No,Yes
100557,24151,Groundnuts,20,28/11/2024,50,No,Yes
99819,24152,Groundnuts,20,23/11/2024,50,No,Yes
100743,24157,Groundnuts,20,28/11/2024,50,No,Yes
100091,24158,Groundnuts,20,27/12/2024,50,No,Yes
86768,24160,Soybean,25,03/01/2025,45,Yes,Yes
87227,24163,Soybean,25,18/12/2024,50,Yes,Yes
86927,24166,Soybean,50,03/01/2025,45,Yes,Yes
86928,24173,Soybean,25,06/01/2025,45,Yes,Yes
80015,24174,Soybean,25,20/12/2024,60,Yes,Yes
87026,24175,Soybean,25,18/12/2024,50,Yes,Yes
103689,2653,Beans,20,02/02/2025,60,No,Yes
93204,26531,Soybean,25,27/12/2024,50,Yes,Yes
99521,26534,Soybean,25,18/12/2024,45,Yes,Yes
104919,26539,Beans,40,10/02/2025,30,No,Yes
110291,26543,Beans,40,19/02/2025,60,No,Yes
90426,26549,Soybean,25,27/12/2024,45,Yes,Yes
98901,26555,Soybean,25,09/12/2024,90,Yes,Yes
99016,26574,Soybean,25,17/12/2024,45,Yes,Yes
109669,26577,Beans,20,24/02/2025,60,No,Yes
110317,26581,Beans,40,25/02/2025,60,No,Yes
109992,26593,Beans,40,13/02/2025,60,No,Yes
103162,26596,Beans,20,05/02/2025,60,No,Yes
110286,26597,Beans,20,19/02/2025,60,No,Yes
110275,26598,Beans,40,18/02/2025,60,No,Yes
98138,26603,Soybean,25,20/12/2024,45,Yes,Yes
95381,26608,Soybean,25,21/12/2024,90,Yes,Yes
110285,26612,Beans,20,26/02/2025,60,No,Yes
101952,2662,Beans,60,05/02/2025,60,No,Yes
110302,26620,Beans,20,20/02/2025,60,No,Yes
108411,26623,Beans,80,12/02/2025,15,No,Yes
110300,26625,Beans,40,17/02/2025,60,No,Yes
96658,26630,Soybean,25,24/12/2024,45,Yes,Yes
101694,26632,Beans,20,08/02/2025,60,Yes,Yes
104960,24176,Beans,20,01/02/2025,10,No,Yes
103731,24178,Beans,2,03/02/2025,75,No,Yes
86265,24184,Groundnuts,20,30/12/2024,50,No,Yes
86929,24187,Soybean,25,02/01/2025,45,Yes,Yes
78090,24196,Soybean,25,15/12/2024,60,Yes,Yes
105448,24204,Beans,20,05/02/2025,80,No,No
98691,24225,Soybean,50,10/12/2024,60,Yes,Yes
100939,24232,Soybean,25,12/12/2024,60,Yes,Yes
103956,24234,Beans,60,02/02/2025,50,No,Yes
89993,24236,Soybean,25,23/12/2024,25,Yes,Yes
101701,26634,Beans,20,03/02/2025,50,Yes,Yes
102909,26641,Beans,20,05/02/2025,70,No,Yes
103535,26643,Beans,20,01/02/2025,10,No,Yes
102945,26647,Beans,20,05/02/2025,80,No,No
103407,26654,Beans,40,03/02/2025,50,No,Yes
96660,26655,Soybean,25,10/12/2024,45,Yes,Yes
103866,26664,Beans,20,19/02/2025,50,No,Yes
110265,26669,Beans,20,15/02/2025,60,No,Yes
110283,26671,Beans,20,19/02/2025,60,No,Yes
100039,26674,Groundnuts,20,25/12/2024,45,No,Yes
96662,26675,Soybean,25,03/01/2025,45,Yes,Yes
103184,26677,Beans,40,01/02/2025,75,No,Yes
101703,26678,Beans,20,12/02/2025,80,No,Yes
98590,26681,Groundnuts,20,19/12/2024,20,No,Yes
97957,26682,Soybean,25,12/12/2024,43,No,Yes
85528,26686,Soybean,25,05/01/2025,50,No,Yes
85328,26688,Soybean,25,06/01/2025,50,No,Yes
86064,26692,Soybean,25,21/12/2024,50,Yes,Yes
90428,26693,Soybean,25,29/12/2024,48,Yes,Yes
101782,26695,Beans,20,13/02/2025,20,No,No
98064,26696,Soybean,50,22/12/2024,45,Yes,Yes
104936,26697,Beans,40,10/02/2025,30,No,Yes
89454,26703,Soybean,50,01/01/2025,45,No,Yes
89995,24238,Soybean,25,17/12/2024,50,Yes,Yes
91199,24241,Soybean,25,16/12/2024,50,Yes,Yes
99935,24246,Groundnuts,20,19/11/2024,50,No,Yes
100285,24249,Groundnuts,20,27/11/2024,50,No,Yes
101483,24251,Groundnuts,20,03/12/2024,50,No,Yes
101485,24252,Groundnuts,20,04/12/2024,50,No,Yes
106163,24271,Beans,20,09/03/2025,15,No,Yes
103816,24276,Beans,20,05/02/2025,50,No,Yes
97215,24283,Soybean,100,15/01/2025,55,Yes,Yes
97162,24285,Soybean,25,08/12/2024,45,Yes,Yes
86176,24286,Soybean,25,06/12/2024,40,Yes,No
97750,26704,Groundnuts,20,19/12/2024,30,No,Yes
104937,26706,Beans,20,14/02/2025,30,No,Yes
111048,26715,Beans,20,01/02/2025,10,No,Yes
89300,26717,Soybean,50,27/12/2024,45,Yes,Yes
96668,26719,Soybean,25,22/12/2024,48,Yes,Yes
94234,26723,Soybean,50,21/12/2024,45,Yes,Yes
103838,26724,Beans,20,02/02/2025,50,Yes,Yes
83646,26726,Groundnuts,20,12/11/2024,42,No,Yes
88371,26733,Groundnuts,20,04/01/2025,50,No,Yes
81623,26735,Groundnuts,40,05/12/2024,50,No,Yes
99233,24296,Soybean,50,28/12/2024,50,Yes,No
103425,24297,Beans,20,03/02/2025,50,No,Yes
102696,24301,Beans,20,12/02/2025,10,No,Yes
115091,24302,Beans,20,09/02/2025,50,No,Yes
101715,24303,Beans,20,01/02/2025,10,No,Yes
94196,24329,Soybean,25,15/01/2025,65,Yes,Yes
94183,24331,Soybean,25,08/01/2025,60,Yes,Yes
81846,24333,Soybean,25,17/12/2024,60,No,Yes
94182,24344,Soybean,50,07/01/2025,75,Yes,Yes
110868,24346,Beans,40,05/02/2025,10,No,Yes
111937,24350,Beans,20,01/02/2025,10,Yes,Yes
102480,24351,Beans,20,06/02/2025,10,No,Yes
103011,24352,Beans,40,01/02/2025,10,Yes,Yes
102541,24360,Beans,20,06/02/2025,10,No,Yes
102866,24362,Beans,40,07/02/2025,10,Yes,Yes
107453,24366,Beans,20,01/02/2025,10,Yes,Yes
107440,24370,Beans,40,01/02/2025,10,Yes,Yes
105976,24381,Beans,20,01/03/2025,10,Yes,Yes
103016,24384,Beans,60,02/02/2025,10,Yes,Yes
87044,26741,Groundnuts,20,01/01/2025,50,No,Yes
94988,26742,Groundnuts,20,07/01/2025,50,No,Yes
94990,26744,Groundnuts,20,04/01/2025,50,No,Yes
93830,26747,Groundnuts,20,02/01/2025,50,No,Yes
97356,28156,Soybean,25,09/12/2024,45,No,Yes
97376,28158,Groundnuts,20,09/12/2024,35,No,Yes
89029,28161,Soybean,25,03/12/2024,50,Yes,No
89035,28163,Soybean,25,20/12/2024,45,No,Yes
97365,28166,Soybean,25,19/12/2024,50,No,Yes
97379,28172,Soybean,25,18/12/2024,45,No,Yes
84915,28173,Groundnuts,20,16/12/2024,10,No,Yes
86110,25827,Soybean,25,29/12/2024,7,Yes,Yes
89088,25831,Soybean,25,13/12/2024,15,Yes,Yes
88431,25836,Soybean,50,02/01/2025,65,Yes,Yes
83525,25837,Soybean,25,17/12/2024,10,Yes,Yes
108080,25843,Beans,20,01/02/2025,60,No,Yes
88535,25847,Soybean,50,02/01/2025,45,Yes,Yes
95072,25852,Groundnuts,20,29/12/2024,45,Yes,Yes
79689,25860,Groundnuts,20,14/11/2024,45,Yes,Yes
84988,25865,Soybean,25,04/01/2025,65,Yes,Yes
93166,2587,Soybean,25,09/12/2024,50,Yes,Yes
94923,25874,Soybean,50,18/12/2024,45,Yes,Yes
79778,28174,Groundnuts,20,15/12/2024,20,No,Yes
115388,28181,Beans,20,05/02/2025,80,Yes,Yes
106540,28188,Beans,20,06/02/2025,70,No,Yes
106534,28193,Beans,20,06/02/2025,70,No,Yes
106571,28196,Beans,20,06/02/2025,70,No,Yes
106547,28202,Beans,20,05/02/2025,70,No,Yes
106564,28205,Beans,40,06/02/2025,70,No,Yes
116865,28211,Beans,20,08/03/2025,50,No,Yes
78203,2822,Soybean,25,14/12/2024,50,Yes,Yes
91456,28220,Groundnuts,20,01/01/2025,45,No,Yes
95697,28221,Soybean,25,24/12/2024,45,Yes,Yes
91437,28222,Groundnuts,20,05/01/2025,45,No,Yes
91446,28225,Groundnuts,20,01/01/2025,45,No,Yes
118513,28229,Beans,20,10/03/2025,50,No,Yes
91432,28233,Groundnuts,20,28/12/2024,45,No,Yes
102746,2824,Beans,60,03/02/2025,45,No,Yes
105481,28240,Beans,20,16/02/2025,40,No,Yes
91925,28245,Groundnuts,40,01/01/2025,45,No,Yes
91929,28246,Groundnuts,20,22/12/2024,45,No,Yes
86126,28249,Groundnuts,20,23/12/2024,50,Yes,Yes
86125,28250,Groundnuts,20,26/12/2024,50,Yes,Yes
87781,28253,Groundnuts,20,19/12/2024,45,No,Yes
118204,28254,Beans,20,05/03/2025,50,No,Yes
98293,28258,Soybean,25,21/01/2025,65,Yes,Yes
89911,28259,Soybean,50,08/01/2025,60,Yes,Yes
96319,25889,Groundnuts,20,07/11/2024,15,No,Yes
96325,25889,Soybean,25,05/01/2025,45,Yes,Yes
98237,25891,Groundnuts,20,08/12/2024,15,No,Yes
82892,25892,Groundnuts,20,16/12/2024,50,No,Yes
80524,25895,Groundnuts,20,16/12/2024,50,No,Yes
85280,25896,Groundnuts,20,01/01/2025,50,No,Yes
98401,25898,Groundnuts,20,10/01/2025,50,No,Yes
79991,25907,Groundnuts,20,16/12/2024,50,No,Yes
85436,25913,Groundnuts,20,02/01/2025,50,No,Yes
80547,25914,Groundnuts,20,18/12/2024,50,No,Yes
82990,25927,Groundnuts,20,17/12/2024,50,No,Yes
89903,28262,Groundnuts,20,20/12/2024,70,No,Yes
94201,28263,Soybean,25,05/01/2025,60,Yes,Yes
98291,28269,Groundnuts,20,20/12/2024,70,No,Yes
103166,28293,Beans,20,06/02/2025,10,No,Yes
102488,28294,Beans,40,02/02/2025,10,No,Yes
94379,28298,Soybean,25,10/12/2024,40,No,Yes
79145,2830,Soybean,50,10/12/2024,50,Yes,Yes
102801,28302,Beans,40,10/02/2025,75,No,Yes
79428,2831,Soybean,50,18/12/2024,50,Yes,Yes
88503,28311,Soybean,50,27/12/2024,45,No,Yes
84879,28318,Soybean,25,29/12/2024,45,No,Yes
80429,28320,Groundnuts,20,25/11/2024,45,No,Yes
82955,25931,Groundnuts,20,30/12/2024,50,No,Yes
97431,25947,Soybean,25,08/12/2024,50,Yes,Yes
102408,25948,Beans,20,04/02/2025,70,No,Yes
92685,2595,Soybean,25,14/12/2024,50,Yes,Yes
99207,25959,Soybean,25,18/12/2024,50,Yes,Yes
99210,25960,Groundnuts,20,15/12/2024,20,Yes,Yes
100672,25963,Soybean,50,20/12/2024,50,Yes,Yes
99209,25966,Soybean,25,13/12/2024,50,Yes,Yes
100673,25969,Soybean,25,21/12/2024,50,Yes,Yes
79544,25977,Groundnuts,20,07/11/2024,45,Yes,Yes
96819,25986,Groundnuts,20,14/11/2024,45,No,Yes
79712,28326,Groundnuts,20,11/11/2024,45,No,Yes
79634,28328,Soybean,50,21/12/2024,45,Yes,Yes
84896,28332,Soybean,25,12/12/2024,45,No,Yes
112643,28344,Beans,20,01/03/2025,50,No,Yes
105379,28351,Beans,20,18/02/2025,50,No,Yes
113227,28354,Beans,20,28/02/2025,90,No,Yes
115432,28356,Beans,15,03/03/2025,50,Yes,Yes
105378,28358,Beans,20,17/02/2025,50,No,Yes
100727,28367,Groundnuts,40,18/12/2024,20,No,Yes
82914,2839,Soybean,25,09/12/2024,50,Yes,Yes
82441,28394,Soybean,25,13/12/2024,15,No,Yes
106918,25999,Beans,20,09/02/2025,10,No,Yes
117916,26000,Beans,20,05/03/2025,5,No,No
113727,26002,Beans,20,01/03/2025,5,No,Yes
107716,26005,Beans,20,03/03/2025,50,No,Yes
103417,26014,Beans,20,03/02/2025,50,No,Yes
102564,26018,Beans,20,05/02/2025,60,No,Yes
85479,26033,Groundnuts,20,01/01/2025,50,No,Yes
83453,26034,Groundnuts,20,27/12/2024,50,No,Yes
88723,26037,Groundnuts,20,04/01/2025,50,Yes,Yes
103408,26039,Beans,100,01/02/2025,50,No,Yes
97369,28396,Groundnuts,20,09/12/2024,30,No,Yes
97373,28403,Soybean,25,01/01/2025,45,No,Yes
88986,28410,Groundnuts,20,19/12/2024,30,No,Yes
83431,28414,Groundnuts,20,15/11/2024,45,No,Yes
111403,28420,Beans,40,22/02/2025,60,No,Yes
89999,28424,Soybean,50,17/12/2024,50,Yes,Yes
112459,28427,Beans,20,20/02/2025,50,No,Yes
86480,28430,Soybean,25,23/12/2024,50,Yes,Yes
108532,28431,Beans,20,27/02/2025,20,No,Yes
100351,28434,Groundnuts,20,08/11/2024,20,Yes,Yes
98859,28436,Soybean,50,25/12/2024,40,Yes,Yes
100338,28437,Groundnuts,20,15/11/2024,20,Yes,Yes
96823,26050,Groundnuts,20,20/11/2024,15,No,Yes
96821,26050,Soybean,25,14/11/2024,45,Yes,Yes
94943,26060,Groundnuts,20,17/12/2024,20,No,Yes
94951,26067,Groundnuts,20,08/11/2024,20,No,Yes
103413,26072,Beans,40,02/02/2025,50,No,Yes
89907,26076,Soybean,50,05/01/2025,75,Yes,Yes
89433,26089,Soybean,25,20/12/2024,40,No,Yes
95705,26093,Soybean,25,15/01/2025,45,Yes,Yes
97435,26101,Soybean,25,17/12/2024,45,Yes,Yes
95168,26102,Soybean,25,04/01/2025,50,Yes,Yes
98243,26107,Soybean,25,16/12/2024,50,Yes,Yes
90988,26112,Soybean,25,18/12/2024,50,Yes,Yes
112234,26113,Beans,80,10/02/2025,60,No,Yes
91764,26116,Soybean,25,17/01/2025,45,No,Yes
118744,26122,Beans,20,05/03/2025,90,No,Yes
119300,26123,Beans,20,10/03/2025,50,No,Yes
117542,26125,Beans,20,05/03/2025,75,No,No
119449,26128,Beans,20,06/03/2025,90,No,Yes
118325,26132,Beans,40,06/03/2025,90,No,No
114121,26133,Beans,20,27/02/2025,90,No,Yes
117546,26135,Beans,20,06/03/2025,75,No,Yes
112527,26136,Beans,20,05/03/2025,90,No,Yes
119448,26138,Beans,60,07/03/2025,90,No,No
100340,28437,Soybean,25,13/12/2024,45,Yes,Yes
100364,28440,Soybean,25,13/12/2024,45,Yes,Yes
83201,28447,Soybean,25,27/12/2024,5,No,Yes
108531,28449,Beans,40,14/02/2025,20,No,Yes
87480,28452,Groundnuts,20,08/11/2024,45,No,Yes
79772,28456,Groundnuts,20,26/11/2024,45,No,Yes
82169,28457,Soybean,25,19/12/2024,45,No,Yes
108530,28463,Beans,20,13/02/2025,15,No,Yes
84856,28469,Groundnuts,20,29/12/2024,45,No,Yes
108184,28479,Beans,60,10/02/2025,60,No,Yes
99309,28487,Soybean,25,20/12/2024,20,Yes,Yes
98999,28491,Soybean,25,18/12/2024,50,Yes,Yes
118753,26141,Beans,20,05/03/2025,90,No,No
82988,26144,Groundnuts,20,01/01/2025,50,No,Yes
119298,26154,Beans,20,08/03/2025,90,No,Yes
85993,26164,Groundnuts,20,15/12/2024,50,No,Yes
85906,26165,Groundnuts,80,10/12/2024,50,No,Yes
85832,26169,Groundnuts,20,10/12/2024,50,No,Yes
90449,26174,Groundnuts,20,20/12/2024,50,No,Yes
84103,26177,Groundnuts,20,10/12/2024,50,No,Yes
86298,26188,Groundnuts,20,29/12/2024,50,No,Yes
87041,26190,Groundnuts,20,01/01/2025,50,No,Yes
88809,26195,Groundnuts,20,02/01/2025,50,No,Yes
94983,26200,Groundnuts,20,05/01/2025,50,No,Yes
81386,26208,Groundnuts,20,02/12/2024,50,No,Yes
82223,26211,Groundnuts,20,05/12/2024,50,No,Yes
81353,26213,Groundnuts,20,01/12/2024,50,No,Yes
80656,26215,Groundnuts,20,10/12/2024,50,No,Yes
80638,26216,Groundnuts,20,08/12/2024,50,No,Yes
82224,26218,Groundnuts,20,03/12/2024,50,No,Yes
85073,26221,Groundnuts,20,06/01/2025,50,No,Yes
80990,26227,Groundnuts,20,20/11/2024,50,No,Yes
91892,26235,Groundnuts,20,14/12/2024,20,Yes,Yes
99171,26239,Groundnuts,20,14/12/2024,20,Yes,Yes
100681,26243,Groundnuts,20,14/12/2024,20,Yes,Yes
100687,26244,Soybean,25,20/12/2024,50,Yes,Yes
91907,26257,Soybean,25,15/12/2024,50,Yes,Yes
91903,26258,Soybean,25,20/12/2024,50,Yes,Yes
91363,26261,Groundnuts,20,04/12/2024,30,Yes,Yes
91366,26262,Groundnuts,20,02/12/2024,45,Yes,Yes
100163,26266,Soybean,25,29/12/2024,45,Yes,Yes
92077,28492,Soybean,25,28/11/2024,45,Yes,Yes
94249,28501,Soybean,50,14/11/2024,45,Yes,Yes
80299,28507,Soybean,25,20/12/2024,45,No,Yes
88501,28510,Soybean,50,29/12/2024,45,No,Yes
83425,28514,Soybean,25,15/12/2024,45,No,Yes
83426,28524,Soybean,25,10/12/2024,45,No,Yes
83430,28526,Soybean,25,16/12/2024,45,No,Yes
84893,28535,Soybean,25,05/12/2024,45,No,Yes
102824,28547,Beans,20,29/01/2025,80,No,Yes
102682,28557,Beans,20,06/02/2025,10,No,Yes
98543,28559,Soybean,50,29/12/2024,56,Yes,Yes
94278,28565,Soybean,25,01/01/2025,65,Yes,Yes
98517,28566,Soybean,25,01/01/2025,60,Yes,Yes
98518,28567,Soybean,25,20/12/2024,60,Yes,Yes
98519,28568,Soybean,25,30/12/2024,60,Yes,Yes
89227,28570,Groundnuts,20,20/11/2024,45,No,Yes
89233,28573,Groundnuts,20,07/12/2024,45,No,Yes
86485,28583,Groundnuts,20,10/11/2024,30,No,No
99948,28589,Soybean,25,20/12/2024,45,Yes,Yes
98644,28591,Soybean,25,22/11/2024,45,Yes,Yes
100097,28593,Groundnuts,20,14/11/2024,20,Yes,Yes
100065,28595,Soybean,25,13/12/2024,45,Yes,Yes
99157,28598,Soybean,25,18/12/2024,25,Yes,Yes
100101,28607,Soybean,25,10/11/2024,45,Yes,Yes
99310,28612,Soybean,25,23/11/2024,45,Yes,Yes
84861,28616,Groundnuts,20,26/11/2024,45,No,Yes
88514,28622,Soybean,50,20/12/2024,45,No,Yes
97862,28627,Soybean,25,01/01/2025,60,Yes,Yes
97868,28629,Soybean,25,01/01/2025,65,Yes,Yes
96812,28631,Groundnuts,20,17/11/2024,15,No,Yes
96297,28637,Groundnuts,20,20/11/2024,15,No,Yes
99444,26269,Soybean,25,25/12/2024,45,Yes,Yes
91362,26277,Groundnuts,28,03/12/2024,45,Yes,Yes
99664,26281,Soybean,25,18/12/2024,45,Yes,Yes
82221,26285,Groundnuts,40,15/12/2024,50,No,Yes
85071,26288,Groundnuts,20,10/12/2024,50,No,Yes
81594,26292,Soybean,25,15/12/2024,50,Yes,Yes
100164,26299,Soybean,25,17/12/2024,45,Yes,Yes
103690,2631,Beans,60,04/02/2025,60,No,Yes
87158,26315,Soybean,25,04/01/2025,45,Yes,Yes
87757,26332,Soybean,150,06/01/2025,45,Yes,Yes
110314,26339,Beans,40,17/02/2025,60,No,Yes
110303,26340,Beans,40,26/02/2025,60,No,Yes
115565,26345,Beans,20,03/02/2025,50,No,Yes
110305,26347,Beans,20,26/02/2025,60,No,Yes
110313,26348,Beans,20,26/02/2025,60,No,Yes
100041,26354,Groundnuts,20,15/12/2024,25,No,Yes
103013,26357,Beans,40,01/02/2025,10,Yes,Yes
100754,26359,Soybean,50,20/12/2024,45,Yes,Yes
89302,26362,Soybean,25,27/12/2024,45,Yes,Yes
99429,26363,Soybean,25,28/12/2024,60,Yes,Yes
88510,28645,Soybean,25,02/01/2025,45,Yes,Yes
79738,28662,Soybean,25,18/11/2024,45,Yes,Yes
81348,28664,Groundnuts,20,16/12/2024,45,No,Yes
81342,28664,Soybean,25,18/01/2025,45,No,Yes
81346,28668,Groundnuts,20,28/11/2024,45,No,Yes
81341,28668,Soybean,25,18/12/2024,45,No,Yes
85816,28675,Soybean,25,30/12/2024,60,Yes,Yes
95786,28685,Soybean,25,26/12/2024,50,No,Yes
102880,28689,Beans,20,01/02/2025,60,No,Yes
100232,2869,Soybean,50,09/12/2024,50,Yes,Yes
102125,28693,Beans,20,07/02/2025,60,No,Yes
99529,26367,Groundnuts,20,19/12/2024,25,No,Yes
99524,26368,Groundnuts,20,18/12/2024,25,No,Yes
98650,26370,Soybean,50,21/12/2024,45,Yes,Yes
89431,26371,Soybean,50,01/01/2025,45,No,Yes
98654,26373,Soybean,50,18/12/2024,45,Yes,Yes
103844,26378,Beans,20,03/02/2025,75,No,Yes
98584,26379,Soybean,50,15/12/2024,50,Yes,Yes
107610,26380,Beans,20,10/02/2025,10,No,Yes
98586,26381,Groundnuts,20,14/11/2024,20,No,Yes
98652,26383,Groundnuts,20,21/11/2024,25,No,Yes
88417,26386,Soybean,25,01/01/2025,65,Yes,Yes
102807,2639,Beans,20,08/02/2025,60,No,Yes
102827,28704,Beans,20,08/02/2025,100,No,Yes
102831,28706,Beans,20,04/02/2025,100,No,Yes
109788,28710,Beans,28,04/02/2025,60,No,Yes
108338,28711,Soybean,20,07/03/2025,60,No,Yes
95788,28716,Soybean,25,10/01/2025,43,No,Yes
95277,28717,Soybean,25,23/12/2024,40,No,Yes
104492,28723,Beans,20,09/02/2025,30,No,Yes
92349,28733,Soybean,25,23/12/2024,45,Yes,Yes
102241,28738,Beans,20,08/02/2025,45,No,Yes
91565,28739,Soybean,50,18/11/2024,45,Yes,Yes
93097,28741,Soybean,25,24/12/2024,30,Yes,Yes
110322,28747,Beans,40,20/02/2025,60,No,Yes
110325,28752,Beans,20,16/02/2025,60,No,Yes
101626,28755,Beans,20,09/02/2025,14,No,Yes
101637,28761,Beans,20,17/02/2025,12,No,No
104215,28767,Beans,20,02/02/2025,50,No,Yes
104102,28773,Beans,20,03/03/2025,50,No,Yes
104193,28774,Beans,20,03/02/2025,60,No,Yes
104111,28777,Beans,20,05/03/2025,12,No,Yes
102422,28778,Beans,20,15/02/2025,15,No,Yes
104176,2878,Beans,60,06/02/2025,65,No,Yes
102505,28781,Beans,20,06/02/2025,12,No,Yes
105615,28785,Beans,20,10/02/2025,10,No,Yes
102671,28786,Beans,20,03/02/2025,10,No,Yes
98648,26390,Groundnuts,20,17/11/2024,25,No,Yes
97829,26393,Groundnuts,20,12/11/2024,20,No,Yes
88412,26401,Soybean,50,01/01/2025,65,Yes,Yes
88419,26411,Soybean,25,05/01/2025,65,Yes,Yes
88404,26412,Soybean,25,02/01/2025,65,Yes,Yes
85828,26418,Soybean,25,25/11/2024,45,Yes,Yes
88429,26419,Soybean,25,01/01/2025,65,Yes,Yes
89202,26420,Soybean,25,02/01/2025,65,Yes,Yes
88416,26423,Soybean,25,04/01/2025,65,Yes,Yes
103607,26434,Beans,20,01/02/2025,60,No,Yes
103294,26438,Beans,40,04/02/2025,100,No,Yes
103536,26442,Beans,20,02/02/2025,60,No,Yes
98396,2645,Soybean,50,08/01/2025,45,Yes,Yes
106319,26454,Beans,20,05/03/2025,50,No,No
103215,26455,Beans,60,02/02/2025,10,No,Yes
97446,2646,Soybean,50,08/01/2025,55,Yes,Yes
101799,26461,Beans,20,02/02/2025,15,No,Yes
101803,26463,Beans,20,03/02/2025,15,No,Yes
95177,26472,Soybean,25,28/12/2024,50,Yes,No
92012,26473,Soybean,25,22/12/2024,45,Yes,Yes
100780,26474,Soybean,25,16/12/2024,60,Yes,Yes
99626,26483,Soybean,25,23/12/2024,45,Yes,Yes
93999,26484,Soybean,25,10/01/2025,50,Yes,Yes
105416,28787,Beans,20,07/02/2025,10,No,Yes
102672,28792,Beans,20,11/02/2025,10,No,Yes
104220,28807,Beans,20,02/02/2025,50,No,Yes
110279,28814,Beans,20,21/02/2025,60,No,Yes
102499,28819,Beans,20,05/02/2025,15,No,No
107479,28823,Beans,20,04/02/2025,10,Yes,Yes
105424,28828,Beans,20,05/02/2025,15,No,Yes
105375,28829,Beans,20,05/02/2025,15,No,Yes
105495,28830,Beans,20,05/02/2025,5,No,Yes
105367,28834,Beans,20,04/02/2025,10,No,Yes
102425,28836,Beans,20,04/02/2025,4,No,Yes
95469,28843,Soybean,25,11/01/2025,55,Yes,Yes
104410,28845,Beans,20,06/02/2025,60,No,Yes
95690,28854,Soybean,25,21/01/2025,50,Yes,Yes
95678,28856,Groundnuts,20,12/01/2025,50,Yes,Yes
95695,28859,Soybean,25,18/01/2025,52,Yes,Yes
95675,28861,Soybean,25,17/01/2025,50,Yes,Yes
95470,28863,Groundnuts,40,11/01/2025,56,Yes,Yes
95465,28870,Beans,25,01/01/2025,50,Yes,Yes
95667,28876,Soybean,25,12/01/2025,57,Yes,Yes
95676,28879,Soybean,25,21/01/2025,50,Yes,Yes
95462,28880,Groundnuts,20,11/01/2025,50,Yes,Yes
105952,26490,Beans,40,03/02/2025,50,No,Yes
89081,26492,Soybean,25,19/12/2024,40,No,Yes
89452,26497,Soybean,25,03/01/2025,45,No,Yes
95737,26502,Soybean,50,25/12/2024,45,Yes,Yes
102495,26505,Beans,20,09/02/2025,45,No,Yes
101864,2651,Beans,20,02/02/2025,60,No,Yes
98142,26512,Groundnuts,20,21/11/2024,25,No,Yes
97087,26519,Soybean,50,04/01/2025,55,Yes,Yes
102581,2652,Beans,20,02/02/2025,60,No,Yes
98752,26520,Soybean,25,04/01/2025,50,Yes,Yes
89453,26526,Soybean,50,19/12/2024,45,No,Yes
84507,26527,Soybean,100,17/01/2025,45,No,Yes
91387,26528,Soybean,25,27/12/2024,60,Yes,No
88317,26530,Soybean,25,07/12/2024,60,Yes,Yes
100988,26533,Soybean,1,18/12/2024,45,Yes,Yes
91257,26536,Soybean,50,02/01/2025,50,Yes,Yes
97817,26537,Soybean,25,14/11/2024,50,Yes,Yes
97814,26540,Soybean,25,11/11/2024,50,Yes,Yes
110308,26544,Beans,40,21/02/2025,60,No,Yes
108511,26546,Beans,20,11/02/2025,50,Yes,Yes
108512,26547,Beans,340,13/02/2025,50,No,No
95843,26553,Soybean,25,18/12/2024,75,Yes,Yes
98907,26554,Soybean,25,15/12/2024,90,Yes,Yes
95822,26559,Soybean,75,13/12/2024,75,Yes,Yes
101940,2656,Beans,20,05/02/2025,60,No,Yes
96654,26560,Soybean,25,20/12/2024,45,Yes,Yes
104471,26562,Beans,20,12/02/2025,30,No,Yes
98071,26565,Groundnuts,20,14/11/2024,25,No,Yes
116240,26578,Beans,80,16/02/2025,60,No,Yes
110287,26584,Beans,40,23/01/2025,60,No,Yes
97826,26587,Soybean,25,19/12/2024,45,Yes,Yes
112192,2659,Beans,20,06/02/2025,11,No,No
95442,26591,Soybean,25,17/12/2024,75,Yes,Yes
95670,28882,Groundnuts,20,01/01/2025,50,Yes,Yes
95693,28887,Soybean,25,19/01/2025,58,Yes,Yes
95447,28889,Groundnuts,20,04/01/2025,48,Yes,Yes
93135,2889,Soybean,25,30/11/2024,50,Yes,Yes
95687,28892,Groundnuts,20,11/01/2025,50,Yes,Yes
109043,28895,Beans,80,18/02/2025,60,No,Yes
110513,28896,Beans,40,18/02/2025,60,No,Yes
98515,28897,Soybean,25,01/01/2025,60,Yes,Yes
98513,28899,Soybean,25,01/01/2025,60,Yes,Yes
82613,28901,Soybean,12,09/12/2024,18,Yes,Yes
94277,28903,Soybean,25,01/01/2025,60,Yes,Yes
93134,2891,Soybean,50,26/12/2024,45,Yes,Yes
98153,28910,Soybean,25,01/01/2025,60,Yes,Yes
98152,28911,Soybean,28,01/01/2025,60,Yes,Yes
97861,28912,Soybean,25,01/01/2025,60,Yes,Yes
98511,28914,Soybean,25,01/01/2025,65,Yes,Yes
86181,28918,Soybean,25,30/12/2024,70,Yes,Yes
93862,28925,Soybean,25,01/01/2025,65,Yes,Yes
97872,28928,Soybean,25,01/01/2025,12,Yes,Yes
93091,28931,Soybean,25,28/12/2024,45,Yes,Yes
94516,28936,Soybean,25,05/01/2025,20,Yes,Yes
107480,28937,Beans,20,03/02/2025,10,No,Yes
95117,2894,Soybean,25,09/01/2025,45,Yes,Yes
102673,28952,Beans,20,09/02/2025,10,No,Yes
100006,28957,Soybean,25,28/12/2024,50,Yes,Yes
92841,28958,Soybean,25,20/12/2024,50,Yes,Yes
100789,2896,Soybean,50,02/01/2025,45,Yes,Yes
100005,28960,Soybean,50,01/01/2025,50,Yes,Yes
99312,28967,Soybean,25,22/11/2024,45,Yes,Yes
100355,28973,Soybean,25,08/11/2024,45,Yes,Yes
99314,28974,Soybean,25,23/11/2024,45,Yes,Yes
86443,28980,Soybean,25,19/12/2024,45,Yes,Yes
97768,28987,Soybean,25,27/12/2024,45,Yes,Yes
100359,28990,Soybean,25,10/12/2024,45,Yes,Yes
99961,28994,Soybean,25,21/12/2024,50,Yes,Yes
86450,28997,Groundnuts,20,14/11/2024,20,Yes,Yes
99950,28998,Soybean,25,20/12/2024,20,Yes,Yes
95019,29006,Soybean,25,02/01/2025,50,No,Yes
117535,29012,Beans,20,09/03/2025,75,No,Yes
87253,29019,Soybean,25,27/11/2024,50,No,Yes
105333,29027,Beans,20,10/02/2025,15,No,Yes
93121,29036,Soybean,25,06/01/2025,45,Yes,Yes
83018,29038,Groundnuts,20,20/12/2024,20,No,Yes
99672,29040,Soybean,25,21/12/2024,45,Yes,Yes
99586,26592,Soybean,25,29/12/2024,90,Yes,Yes
106977,26594,Beans,20,16/02/2025,60,No,Yes
110527,26599,Beans,40,17/02/2025,45,No,Yes
108410,26610,Beans,20,06/03/2025,15,No,Yes
110267,26613,Beans,40,15/02/2025,60,No,Yes
110284,26615,Beans,40,21/02/2025,60,No,Yes
110304,26616,Beans,20,22/02/2025,60,No,Yes
95733,26624,Groundnuts,20,17/12/2024,35,No,Yes
89298,26636,Soybean,25,27/12/2024,45,Yes,Yes
103661,26640,Beans,20,02/02/2025,60,No,Yes
102434,26644,Beans,20,04/02/2025,80,No,No
103624,26645,Beans,20,02/02/2025,60,No,Yes
109753,26646,Beans,20,06/02/2025,75,No,Yes
102912,26648,Beans,20,14/02/2025,100,No,Yes
99556,26651,Soybean,25,24/12/2024,45,Yes,Yes
95384,26656,Soybean,25,21/12/2024,90,Yes,Yes
106852,26662,Beans,20,27/02/2025,40,No,Yes
103269,26663,Beans,20,10/02/2025,60,No,Yes
106854,26666,Beans,20,24/02/2025,40,No,Yes
110319,26670,Beans,40,20/02/2025,60,No,Yes
106859,26673,Beans,20,24/02/2025,50,No,Yes
103198,26679,Beans,20,05/02/2025,70,No,Yes
81785,26689,Soybean,25,26/12/2024,50,No,Yes
117119,26700,Soybean,5,29/12/2024,90,Yes,Yes
97959,26702,Soybean,25,13/12/2024,53,No,Yes
98603,26705,Groundnuts,20,16/11/2024,20,No,Yes
100258,29046,Groundnuts,20,10/01/2025,60,No,Yes
100259,29048,Groundnuts,20,13/01/2025,60,No,Yes
101554,29052,Groundnuts,20,18/01/2025,70,No,Yes
100388,29067,Groundnuts,20,17/01/2025,70,No,Yes
83016,29070,Soybean,25,27/12/2024,45,No,Yes
92620,29090,Soybean,25,11/12/2024,45,Yes,Yes
84083,29109,Groundnuts,40,26/12/2024,20,No,Yes
81775,29111,Soybean,25,21/12/2024,30,No,Yes
92330,29112,Soybean,25,09/01/2025,45,Yes,Yes
83921,29113,Soybean,25,24/12/2024,45,Yes,Yes
107118,29117,Beans,20,05/02/2025,15,No,Yes
107117,29118,Beans,20,06/02/2025,10,No,Yes
107123,29119,Beans,20,05/02/2025,15,No,Yes
93501,2912,Soybean,25,09/01/2025,50,Yes,Yes
95796,26708,Soybean,50,25/12/2024,48,Yes,Yes
101650,2671,Beans,100,05/02/2025,70,No,Yes
92189,26713,Soybean,50,27/11/2024,45,Yes,Yes
85897,26730,Groundnuts,20,06/12/2024,50,Yes,Yes
88465,26736,Groundnuts,20,28/12/2024,50,No,Yes
81790,26745,Groundnuts,20,05/12/2024,50,No,Yes
79642,26756,Soybean,25,27/12/2024,48,Yes,Yes
91585,26759,Soybean,50,03/01/2025,45,Yes,Yes
103728,2676,Beans,20,05/02/2025,75,Yes,Yes
104020,26762,Beans,20,02/02/2025,60,No,Yes
79911,26768,Groundnuts,20,16/12/2024,30,No,Yes
79920,26774,Groundnuts,20,18/12/2024,30,No,Yes
103662,2678,Beans,120,08/02/2025,10,No,Yes
85330,26786,Soybean,25,06/01/2025,50,No,Yes
90958,26795,Groundnuts,20,18/12/2024,20,No,Yes
89552,26801,Groundnuts,20,26/11/2024,20,No,Yes
117920,26802,Beans,20,06/03/2025,5,No,No
93105,26806,Soybean,25,26/12/2024,45,Yes,Yes
102099,2681,Beans,20,07/02/2025,60,No,Yes
108527,26813,Beans,20,14/02/2025,30,No,Yes
108524,29120,Beans,20,26/02/2025,20,No,Yes
105468,29121,Beans,20,09/02/2025,30,No,Yes
87630,29123,Soybean,50,21/12/2024,45,Yes,Yes
92355,29124,Soybean,25,22/12/2024,45,Yes,Yes
98462,2913,Soybean,25,04/01/2025,50,Yes,Yes
92624,29135,Soybean,25,11/12/2024,45,Yes,Yes
93947,29136,Soybean,25,04/12/2024,45,Yes,Yes
99438,29138,Soybean,25,17/12/2024,45,Yes,Yes
108368,29146,Beans,20,10/02/2025,30,No,Yes
94814,29148,Soybean,25,07/01/2025,45,Yes,Yes
88912,29150,Groundnuts,20,25/12/2024,20,No,Yes
88928,29159,Soybean,25,20/12/2024,45,Yes,Yes
88906,29160,Soybean,50,28/12/2024,45,Yes,Yes
99708,29161,Soybean,25,07/12/2024,45,No,Yes
88914,29163,Groundnuts,20,25/12/2024,20,No,Yes
108518,29164,Beans,20,06/02/2025,20,No,Yes
108501,29167,Beans,20,06/02/2025,20,No,Yes
86234,26814,Soybean,25,29/11/2024,45,Yes,Yes
92336,26817,Soybean,25,24/12/2024,45,Yes,Yes
92347,26818,Soybean,50,06/01/2025,45,Yes,Yes
108607,26821,Beans,20,14/02/2025,20,No,Yes
91571,26824,Groundnuts,20,15/12/2024,20,No,Yes
91573,26824,Soybean,25,23/12/2024,45,Yes,Yes
103688,2683,Beans,20,02/02/2025,20,No,Yes
90970,26839,Groundnuts,20,28/11/2024,20,No,Yes
83923,26840,Groundnuts,20,10/12/2024,20,No,Yes
83699,26842,Groundnuts,20,12/11/2024,20,No,Yes
81244,26845,Groundnuts,20,20/12/2024,20,Yes,Yes
84403,26847,Soybean,25,17/12/2024,45,Yes,Yes
91953,26848,Groundnuts,20,29/11/2024,20,No,Yes
102251,2685,Beans,20,02/02/2025,60,No,Yes
81771,26852,Soybean,25,21/12/2024,40,No,Yes
102615,26855,Beans,20,08/02/2025,35,No,Yes
103668,26857,Beans,20,25/01/2025,30,No,Yes
110212,26867,Beans,40,15/02/2025,55,No,Yes
102138,2687,Beans,20,01/02/2025,60,No,Yes
104400,26872,Beans,20,06/02/2025,60,No,Yes
105315,26876,Beans,20,05/02/2025,60,No,Yes
104398,26878,Beans,40,05/02/2025,60,No,Yes
104153,29170,Beans,20,07/02/2025,30,No,Yes
108497,29176,Beans,20,04/02/2025,20,No,Yes
98777,29178,Groundnuts,20,20/12/2024,30,Yes,Yes
98220,29180,Groundnuts,20,16/12/2024,20,No,Yes
107116,29188,Beans,20,05/02/2025,15,No,Yes
105471,29193,Beans,20,19/02/2025,40,No,Yes
93948,29196,Soybean,25,04/12/2024,45,Yes,Yes
85450,2920,Soybean,25,28/12/2024,60,Yes,Yes
105316,26882,Beans,20,06/02/2025,61,No,Yes
110599,26889,Beans,40,14/02/2025,60,No,No
110600,26893,Beans,20,15/02/2025,60,No,Yes
110220,26894,Beans,40,14/02/2025,60,No,No
89963,26907,Soybean,25,01/01/2025,50,Yes,Yes
81999,26908,Soybean,25,31/12/2024,50,Yes,Yes
83000,26909,Soybean,25,29/12/2024,50,No,Yes
108774,26935,Beans,40,29/01/2025,12,No,Yes
109188,26937,Beans,40,04/02/2025,13,No,No
108828,26938,Beans,20,15/02/2025,14,No,No
109189,26939,Beans,40,09/02/2025,14,No,No
108832,26940,Beans,20,09/02/2025,15,No,No
109277,26941,Beans,40,11/02/2025,13,No,Yes
111687,29211,Beans,20,04/02/2025,12,No,No
92786,29215,Soybean,25,02/01/2025,50,Yes,Yes
93946,29221,Soybean,25,06/12/2024,45,Yes,Yes
80644,29222,Groundnuts,20,22/11/2024,20,No,Yes
99264,29229,Soybean,25,18/01/2025,20,Yes,Yes
94415,29235,Groundnuts,20,01/01/2025,45,No,Yes
91450,29236,Groundnuts,20,03/01/2025,45,No,Yes
91425,29243,Soybean,20,04/01/2025,45,No,Yes
94419,29245,Groundnuts,20,02/01/2025,45,No,Yes
91434,29253,Groundnuts,20,03/01/2025,45,No,Yes
93500,2926,Soybean,25,03/01/2025,50,Yes,Yes
97707,29260,Soybean,50,26/12/2024,50,Yes,Yes
114235,26943,Beans,20,05/02/2025,13,No,No
109190,26945,Beans,20,05/02/2025,12,No,Yes
108722,26947,Beans,20,03/02/2025,12,No,No
102808,2695,Beans,40,08/02/2025,60,No,Yes
89439,26958,Soybean,25,08/01/2025,40,No,Yes
89918,26969,Soybean,50,14/12/2024,45,Yes,Yes
102146,2698,Beans,40,05/02/2025,50,No,Yes
93196,26982,Soybean,25,27/12/2024,60,No,No
78437,26993,Groundnuts,40,10/11/2024,50,Yes,Yes
115084,26996,Beans,20,10/02/2025,50,No,Yes
102149,2700,Beans,20,05/02/2025,60,No,Yes
114715,2701,Beans,20,02/02/2025,10,Yes,Yes
109212,27010,Beans,20,08/02/2025,50,No,No
83339,27011,Groundnuts,20,01/01/2025,50,No,Yes
102569,27015,Beans,1,04/02/2025,60,No,Yes
102571,27017,Beans,20,03/02/2025,60,No,Yes
102955,27019,Beans,20,01/02/2025,60,No,Yes
103951,2702,Beans,80,04/02/2025,50,No,Yes
102228,27020,Beans,20,07/02/2025,60,No,Yes
103555,27029,Beans,20,04/02/2025,50,No,Yes
91797,27036,Groundnuts,20,15/11/2024,50,Yes,Yes
86121,27039,Soybean,25,03/01/2025,45,No,Yes
86673,27045,Soybean,25,05/01/2025,45,Yes,Yes
109445,27057,Beans,40,05/02/2025,75,No,Yes
101942,27058,Beans,20,09/02/2025,60,No,No
81373,27061,Groundnuts,20,14/11/2024,50,Yes,Yes
103781,27062,Beans,20,04/02/2025,46,No,Yes
103789,27063,Beans,20,04/02/2025,45,No,Yes
103771,27065,Beans,20,05/02/2025,42,No,No
103793,27069,Beans,20,05/02/2025,46,No,Yes
103797,27070,Beans,20,05/02/2025,46,No,Yes
103761,27074,Beans,20,05/02/2025,40,No,No
103764,27076,Beans,20,05/02/2025,45,No,Yes
102590,2708,Beans,20,05/02/2025,40,No,Yes
107120,27080,Beans,20,06/02/2025,10,No,Yes
97014,27081,Soybean,25,08/01/2025,50,Yes,Yes
97015,27082,Soybean,25,05/01/2025,50,Yes,Yes
98310,27093,Groundnuts,20,24/01/2025,65,No,Yes
98292,27095,Groundnuts,20,18/12/2024,60,No,Yes
105463,27098,Beans,20,07/02/2025,30,No,Yes
108613,27099,Beans,20,05/02/2025,30,No,Yes
109003,27106,Beans,10,09/02/2025,75,No,Yes
82198,27109,Groundnuts,20,22/12/2024,45,Yes,Yes
87071,27110,Groundnuts,20,15/11/2024,45,Yes,Yes
83477,27111,Groundnuts,20,16/11/2024,45,Yes,Yes
81239,29267,Soybean,25,12/12/2024,45,No,Yes
89705,29270,Soybean,50,12/12/2024,45,No,Yes
83449,29272,Soybean,25,10/12/2024,45,No,Yes
90235,2928,Soybean,25,08/01/2025,50,Yes,Yes
84460,29282,Soybean,25,02/01/2025,50,Yes,Yes
92574,29289,Groundnuts,20,21/12/2024,25,Yes,Yes
92567,29289,Soybean,25,18/12/2024,50,Yes,Yes
85505,29292,Soybean,50,04/12/2024,45,Yes,Yes
102056,29298,Beans,40,07/02/2025,75,No,Yes
102058,29300,Beans,20,08/02/2025,75,No,Yes
89305,29312,Soybean,50,25/12/2024,45,Yes,Yes
95532,29313,Soybean,25,22/12/2024,45,Yes,Yes
95533,29315,Soybean,25,26/12/2024,50,Yes,Yes
95528,29316,Soybean,25,21/12/2024,45,Yes,Yes
95539,29317,Soybean,25,25/12/2024,45,Yes,Yes
95543,29320,Soybean,25,28/11/2024,45,Yes,Yes
85494,29321,Groundnuts,20,20/11/2024,25,Yes,Yes
106283,29327,Beans,20,06/02/2025,75,No,Yes
102069,29329,Beans,20,07/02/2025,75,No,Yes
95529,29331,Soybean,25,27/12/2024,50,Yes,Yes
95556,29336,Soybean,25,29/12/2024,50,Yes,Yes
106280,29345,Beans,40,06/02/2025,75,No,Yes
102107,29354,Beans,20,10/02/2025,10,No,Yes
99638,29360,Soybean,50,19/12/2024,45,Yes,Yes
99635,29361,Groundnuts,20,03/12/2024,25,No,Yes
95739,29365,Soybean,50,20/12/2024,45,Yes,Yes
99077,29388,Soybean,25,16/12/2024,45,Yes,Yes
94851,2939,Soybean,50,03/01/2025,50,Yes,Yes
97805,29390,Soybean,25,18/12/2024,50,Yes,Yes
98130,29391,Soybean,25,20/12/2024,45,Yes,Yes
97811,29398,Soybean,50,10/12/2024,50,Yes,Yes
97823,29399,Soybean,25,20/12/2024,50,Yes,Yes
100964,29401,Soybean,25,17/12/2024,45,Yes,Yes
97784,29411,Soybean,50,28/11/2024,50,Yes,Yes
85245,27115,Groundnuts,20,20/11/2024,45,Yes,Yes
101970,2712,Beans,20,03/02/2025,50,No,Yes
100458,27129,Groundnuts,20,21/01/2025,70,No,Yes
93170,27138,Soybean,25,29/11/2024,45,Yes,Yes
93190,27139,Soybean,25,30/01/2025,45,Yes,Yes
93245,27142,Soybean,25,06/01/2025,45,Yes,Yes
85156,27143,Soybean,25,04/01/2025,45,Yes,Yes
92253,27145,Groundnuts,20,30/11/2024,45,Yes,Yes
109610,27146,Beans,80,07/02/2025,70,No,Yes
100465,27149,Groundnuts,20,18/01/2025,70,No,Yes
100452,27150,Groundnuts,20,11/01/2025,70,No,Yes
100462,27153,Groundnuts,20,11/01/2025,50,No,Yes
99010,29413,Soybean,25,30/12/2024,45,Yes,Yes
97724,29420,Soybean,50,27/12/2024,45,Yes,Yes
97787,29423,Soybean,25,29/11/2024,50,Yes,Yes
100760,29426,Groundnuts,20,08/12/2024,25,No,Yes
99154,2943,Soybean,50,10/01/2025,50,Yes,Yes
93109,29431,Soybean,25,23/12/2024,45,Yes,Yes
99676,29444,Groundnuts,20,23/11/2024,20,No,Yes
103700,29448,Beans,40,05/02/2025,60,No,Yes
103708,29453,Beans,40,05/02/2025,60,No,Yes
104511,29454,Beans,20,07/02/2025,50,Yes,Yes
103286,29457,Beans,20,06/02/2025,60,No,Yes
100455,27154,Groundnuts,20,24/01/2025,70,No,Yes
102050,27159,Beans,20,10/02/2025,75,No,Yes
102263,27161,Beans,20,03/02/2025,30,No,Yes
85475,27163,Groundnuts,20,03/01/2025,50,No,Yes
103667,27169,Beans,20,20/02/2025,30,No,Yes
94956,27175,Groundnuts,20,18/12/2024,45,Yes,Yes
104160,27184,Beans,60,05/02/2025,60,No,Yes
90526,27190,Groundnuts,20,15/11/2024,45,Yes,Yes
82202,27194,Soybean,25,22/12/2024,45,Yes,Yes
97962,27195,Soybean,25,27/12/2024,48,No,Yes
97961,27196,Soybean,25,24/12/2024,55,No,Yes
87851,27205,Groundnuts,20,19/12/2024,65,Yes,Yes
94009,27209,Soybean,25,10/01/2025,45,Yes,Yes
102484,27213,Beans,20,06/02/2025,10,No,Yes
102365,27214,Beans,20,04/02/2025,10,No,Yes
83627,27216,Soybean,25,12/12/2024,45,Yes,Yes
82852,27223,Groundnuts,20,09/11/2024,45,Yes,Yes
97971,27227,Soybean,25,05/12/2024,53,Yes,Yes
92371,27228,Beans,25,28/01/2025,40,No,Yes
97973,27228,Soybean,25,08/12/2024,58,Yes,Yes
103832,27233,Beans,60,04/02/2025,50,Yes,Yes
97977,27237,Soybean,25,28/12/2024,43,Yes,Yes
85189,27250,Groundnuts,20,19/11/2024,45,Yes,Yes
103707,29458,Beans,20,11/02/2025,50,No,Yes
103281,29459,Beans,20,05/02/2025,60,No,Yes
91344,29460,Soybean,50,19/12/2024,50,Yes,Yes
102269,29463,Beans,20,12/02/2025,30,No,Yes
104878,29464,Beans,20,10/02/2025,30,No,Yes
104008,29471,Beans,20,07/02/2025,50,Yes,Yes
104054,29473,Beans,20,01/02/2025,50,Yes,Yes
104007,29476,Beans,40,05/02/2025,50,Yes,Yes
79315,29477,Groundnuts,20,15/11/2024,50,Yes,Yes
106186,29479,Beans,40,07/02/2025,75,No,Yes
100127,29489,Groundnuts,20,02/01/2025,2,No,Yes
99285,2949,Soybean,50,02/01/2025,50,Yes,Yes
102881,29496,Beans,20,14/02/2025,60,No,Yes
108339,29502,Beans,20,08/03/2025,60,No,Yes
102821,29505,Beans,20,06/02/2025,100,No,Yes
102837,29508,Beans,20,02/02/2025,100,No,Yes
103151,29511,Beans,20,07/02/2025,60,No,Yes
102823,29512,Beans,20,03/02/2025,80,No,Yes
102121,29515,Beans,20,05/02/2025,60,No,Yes
102825,29519,Beans,20,05/02/2025,70,No,Yes
109787,29522,Beans,20,10/02/2025,60,No,Yes
98157,29535,Groundnuts,20,09/12/2024,50,No,Yes
94563,29557,Soybean,25,07/01/2025,40,Yes,Yes
110822,29567,Beans,20,22/02/2025,60,Yes,Yes
110816,29568,Beans,20,17/02/2025,60,Yes,Yes
95564,29583,Soybean,25,14/12/2024,50,Yes,Yes
93751,29587,Groundnuts,20,19/11/2024,25,Yes,Yes
84015,29595,Soybean,50,26/12/2024,5,Yes,Yes
81800,29597,Groundnuts,20,18/11/2024,10,Yes,Yes
84309,29599,Groundnuts,20,12/11/2024,10,Yes,Yes
92782,2960,Soybean,25,07/01/2025,50,Yes,Yes
95572,29605,Soybean,25,26/12/2024,50,Yes,Yes
85212,27250,Soybean,25,02/01/2025,45,Yes,Yes
93221,27254,Groundnuts,20,19/12/2024,45,Yes,Yes
93206,27254,Soybean,25,19/12/2024,45,Yes,Yes
97991,27258,Soybean,25,31/12/2024,41,Yes,Yes
97992,27259,Soybean,25,18/12/2024,49,No,Yes
102483,27261,Beans,20,29/01/2025,10,No,Yes
90687,27264,Soybean,25,23/12/2024,45,Yes,Yes
82886,27268,Groundnuts,20,22/11/2024,45,Yes,Yes
97993,27273,Soybean,25,30/12/2024,52,Yes,Yes
98001,27276,Soybean,25,25/12/2024,53,No,Yes
113562,27278,Beans,80,08/02/2025,120,No,Yes
98002,27279,Soybean,25,01/01/2025,44,Yes,Yes
109615,27280,Beans,20,20/02/2025,70,No,Yes
85395,27283,Soybean,25,04/01/2025,45,Yes,Yes
87069,27285,Soybean,25,22/12/2024,45,Yes,Yes
92237,27288,Soybean,25,26/01/2025,45,Yes,Yes
85484,27296,Groundnuts,20,01/01/2025,50,Yes,Yes
88596,27299,Groundnuts,20,03/01/2025,50,No,Yes
79930,2730,Soybean,50,19/11/2024,55,Yes,Yes
88379,27302,Groundnuts,20,15/11/2024,45,Yes,Yes
94633,27309,Soybean,25,10/01/2025,45,Yes,Yes
94162,27311,Groundnuts,20,04/12/2024,45,Yes,Yes
102387,27320,Beans,20,05/02/2025,10,No,Yes
85322,27325,Groundnuts,20,20/12/2024,45,Yes,Yes
82662,29608,Soybean,25,29/11/2024,45,Yes,Yes
89313,29616,Groundnuts,20,20/11/2024,25,Yes,Yes
89312,29616,Soybean,25,29/12/2024,50,Yes,Yes
95552,29618,Soybean,25,12/12/2024,45,Yes,Yes
110831,29621,Beans,20,19/02/2025,45,No,Yes
103196,29627,Beans,20,04/02/2025,60,No,Yes
84069,29629,Soybean,25,09/12/2024,5,Yes,Yes
94466,29632,Groundnuts,20,14/11/2024,10,Yes,Yes
84930,29633,Groundnuts,20,12/11/2024,10,Yes,Yes
84038,29635,Soybean,50,25/12/2024,5,Yes,Yes
103220,29641,Beans,20,04/02/2025,10,No,Yes
93161,27326,Groundnuts,20,27/11/2024,45,Yes,Yes
102762,27330,Beans,20,06/02/2025,10,No,No
102379,27331,Beans,20,05/02/2025,10,No,Yes
104449,27332,Beans,20,01/02/2025,10,No,Yes
102773,27333,Beans,20,01/02/2025,10,No,Yes
102386,27336,Beans,20,01/02/2025,10,No,Yes
102383,27338,Beans,20,07/02/2025,10,No,Yes
105138,2734,Beans,100,07/02/2025,10,No,Yes
90448,27340,Soybean,25,20/12/2024,45,Yes,Yes
84305,27350,Soybean,25,25/12/2024,45,Yes,Yes
89773,27354,Soybean,25,15/12/2024,45,Yes,Yes
101552,2736,Beans,40,04/02/2025,10,No,Yes
110815,29654,Beans,20,19/02/2025,60,Yes,Yes
113465,29657,Beans,20,10/02/2025,90,Yes,Yes
110818,29658,Beans,20,20/02/2025,60,Yes,Yes
113446,29659,Beans,20,17/02/2025,60,Yes,Yes
91539,29669,Soybean,25,01/01/2025,50,Yes,Yes
83654,29673,Groundnuts,20,02/11/2024,20,No,Yes
100618,29676,Soybean,25,14/12/2024,50,Yes,Yes
85490,29692,Groundnuts,20,28/11/2024,25,Yes,Yes
82664,29692,Soybean,25,26/12/2024,50,Yes,Yes
100083,27367,Soybean,25,20/12/2024,45,Yes,Yes
100096,27368,Groundnuts,20,13/12/2024,20,Yes,Yes
102649,2737,Beans,20,04/02/2025,45,No,Yes
98774,27374,Soybean,25,19/12/2024,50,Yes,Yes
99315,27377,Soybean,50,21/11/2024,45,Yes,Yes
99963,27383,Soybean,25,20/12/2024,45,Yes,Yes
103850,27388,Beans,40,02/02/2025,50,Yes,Yes
101866,2739,Soybean,20,06/02/2025,10,Yes,Yes
91038,27392,Groundnuts,20,18/11/2024,35,Yes,Yes
91549,27395,Groundnuts,20,28/12/2024,35,Yes,Yes
104477,27397,Beans,20,07/02/2025,50,Yes,Yes
108605,27404,Beans,20,19/02/2025,30,No,Yes
107128,29704,Beans,20,10/02/2025,12,Yes,Yes
85501,29706,Soybean,25,16/12/2024,45,Yes,Yes
92766,29719,Soybean,25,20/12/2024,50,No,Yes
92714,29725,Soybean,25,05/01/2025,45,Yes,Yes
93251,29735,Groundnuts,20,15/11/2024,25,Yes,Yes
95542,29739,Soybean,25,12/12/2024,50,Yes,Yes
93752,29744,Soybean,25,20/12/2024,45,Yes,Yes
89309,29745,Soybean,25,10/12/2024,45,Yes,Yes
82663,29750,Soybean,25,02/12/2024,45,Yes,Yes
108200,29758,Beans,40,12/02/2025,60,No,Yes
95239,29764,Soybean,25,15/12/2024,45,No,Yes
114465,27413,Beans,80,24/02/2025,60,No,Yes
118203,27417,Beans,20,10/03/2025,50,No,Yes
115736,27424,Beans,20,24/02/2025,60,No,Yes
119020,27427,Beans,20,18/02/2025,60,No,No
118906,27428,Beans,20,20/02/2025,60,No,Yes
103856,2743,Beans,40,05/02/2025,50,No,Yes
103230,27431,Beans,20,02/02/2025,10,No,Yes
117276,27438,Beans,20,20/02/2025,60,Yes,Yes
110253,27451,Beans,20,02/03/2025,50,No,Yes
116555,27455,Beans,20,26/02/2025,60,No,Yes
101152,27467,Soybean,25,15/12/2024,50,No,Yes
83073,27468,Soybean,25,25/12/2024,50,No,No
83078,27469,Soybean,25,23/12/2024,50,No,Yes
108379,2977,Beans,20,07/02/2025,75,No,Yes
85159,29779,Soybean,25,24/12/2024,5,Yes,Yes
92948,29780,Groundnuts,20,29/11/2024,10,Yes,Yes
84753,29782,Soybean,25,20/01/2025,45,No,Yes
87646,29785,Groundnuts,20,19/12/2024,10,No,Yes
103431,2979,Beans,80,27/01/2025,70,No,Yes
85512,29796,Soybean,25,20/01/2025,45,No,Yes
102179,2747,Beans,40,01/02/2025,10,No,Yes
116400,27471,Beans,160,28/02/2025,50,No,Yes
98020,27488,Soybean,25,25/12/2024,44,No,Yes
98037,27494,Soybean,25,26/12/2024,53,No,Yes
107731,2752,Beans,40,30/01/2025,45,No,Yes
83938,27520,Groundnuts,20,22/12/2024,45,Yes,Yes
115373,27527,Beans,20,20/02/2025,60,No,Yes
115374,27528,Beans,20,25/02/2025,80,Yes,Yes
109668,27530,Beans,80,15/02/2025,60,No,Yes
114554,27531,Beans,80,13/02/2025,60,No,Yes
115381,27536,Beans,40,12/01/2025,60,No,Yes
86288,29797,Soybean,25,20/12/2024,45,No,Yes
102230,29801,Beans,20,06/02/2025,60,No,Yes
84952,29808,Groundnuts,20,10/12/2024,10,Yes,Yes
83194,29811,Groundnuts,20,22/11/2024,10,Yes,Yes
81766,29819,Soybean,25,16/12/2024,45,No,Yes
89646,2982,Groundnuts,30,24/11/2024,75,No,Yes
88186,29821,Soybean,25,21/12/2024,45,No,Yes
88189,29823,Soybean,25,26/12/2024,45,No,Yes
91650,29828,Groundnuts,20,02/12/2024,10,No,Yes
103590,2983,Beans,40,04/02/2025,65,No,Yes
84001,29831,Groundnuts,20,27/11/2024,30,No,Yes
115382,27539,Beans,40,27/02/2025,60,No,Yes
111963,27540,Beans,20,25/02/2025,10,No,Yes
111962,27544,Beans,20,26/02/2025,10,No,Yes
111421,27551,Beans,20,19/02/2025,10,No,Yes
108243,27557,Beans,20,25/02/2025,10,No,Yes
82177,27567,Groundnuts,20,09/12/2024,60,Yes,Yes
114586,27577,Beans,20,28/02/2025,50,No,No
97847,2758,Soybean,25,10/01/2025,50,Yes,Yes
103219,27580,Beans,20,04/02/2025,10,No,Yes
103241,27584,Beans,40,01/02/2025,10,No,Yes
94341,27597,Soybean,25,06/01/2025,5,Yes,Yes
122429,27599,Beans,20,07/02/2025,75,No,Yes
91653,29833,Soybean,25,24/11/2024,45,No,Yes
86293,29848,Soybean,25,30/12/2024,45,No,Yes
103609,2985,Beans,40,02/02/2025,60,No,Yes
87669,29850,Soybean,25,22/12/2024,45,No,Yes
87636,29852,Groundnuts,20,02/11/2024,21,No,Yes
87637,29852,Soybean,25,23/12/2024,45,No,Yes
87644,29855,Soybean,25,16/12/2024,45,No,Yes
92843,29856,Soybean,25,14/12/2024,50,Yes,Yes
117151,29860,Beans,40,28/02/2025,10,No,No
95790,29863,Soybean,25,26/12/2024,56,No,Yes
95272,29864,Soybean,25,02/12/2024,45,Yes,Yes
103319,2987,Beans,40,02/02/2025,70,No,Yes
112837,27606,Beans,40,07/02/2025,70,No,Yes
114542,27608,Beans,40,13/02/2025,8,Yes,Yes
115383,27616,Beans,60,14/02/2025,60,No,Yes
114544,27623,Beans,20,12/02/2025,60,No,Yes
108639,27624,Beans,60,18/02/2025,60,No,Yes
102105,27635,Beans,20,01/02/2025,8,No,Yes
102106,27636,Beans,20,04/02/2025,8,No,Yes
102108,27637,Beans,20,07/02/2025,8,No,Yes
102171,27638,Beans,20,06/02/2025,9,No,Yes
102172,27639,Beans,20,01/02/2025,8,No,Yes
100868,27644,Soybean,25,26/12/2024,50,Yes,Yes
100865,27645,Soybean,25,12/01/2025,50,Yes,Yes
81680,29872,Soybean,25,27/12/2024,45,No,Yes
79955,29891,Soybean,25,14/12/2024,50,Yes,Yes
95181,29900,Soybean,25,09/12/2024,50,Yes,Yes
103165,29905,Beans,20,03/02/2025,10,No,Yes
91441,29910,Groundnuts,20,15/12/2024,45,No,Yes
91436,29911,Groundnuts,20,04/01/2025,45,No,Yes
93831,29920,Groundnuts,60,01/01/2025,50,No,Yes
87903,29928,Groundnuts,20,03/01/2025,50,No,Yes
87971,29931,Soybean,50,22/11/2024,5,Yes,Yes
100867,27646,Soybean,25,29/12/2024,50,Yes,Yes
100866,27647,Soybean,25,27/12/2024,50,Yes,Yes
100876,27656,Soybean,25,17/01/2025,50,Yes,Yes
103704,27657,Beans,20,05/02/2025,60,No,Yes
113178,27659,Beans,80,05/02/2025,60,No,Yes
118515,27661,Beans,20,27/02/2025,50,No,Yes
102175,27663,Beans,20,10/02/2025,8,No,Yes
104565,27672,Beans,25,13/02/2025,60,No,Yes
102810,2768,Beans,40,09/02/2025,60,No,Yes
87657,29937,Soybean,25,18/12/2024,45,No,Yes
96178,29948,Soybean,25,28/12/2024,50,No,Yes
84564,29959,Soybean,25,27/12/2024,50,No,Yes
96168,29963,Soybean,25,31/12/2024,50,No,Yes
84577,29964,Soybean,25,28/12/2024,50,No,Yes
119323,29982,Beans,20,10/02/2025,90,Yes,Yes
106940,29988,Beans,20,15/01/2025,60,No,Yes
102527,29991,Beans,20,08/02/2025,60,No,Yes
102528,29992,Beans,20,06/02/2025,60,No,Yes
99060,27681,Soybean,25,07/01/2025,50,Yes,Yes
95713,27682,Soybean,50,18/12/2024,45,Yes,Yes
110351,27683,Beans,25,14/02/2025,90,No,Yes
105439,27686,Beans,20,04/02/2025,80,No,No
103605,27690,Beans,20,02/02/2025,60,No,Yes
107583,27692,Beans,20,05/02/2025,75,No,Yes
102225,27699,Beans,20,05/02/2025,8,No,Yes
94882,27704,Soybean,50,05/01/2025,50,Yes,Yes
103188,2772,Beans,40,06/02/2025,60,No,Yes
102684,27725,Beans,20,01/02/2025,10,No,Yes
95147,27733,Soybean,25,25/12/2024,50,Yes,Yes
98239,27736,Groundnuts,20,20/12/2024,15,No,Yes
98245,27739,Soybean,25,20/12/2024,45,Yes,Yes
100713,2774,Soybean,25,30/12/2024,50,Yes,Yes
102191,27743,Beans,20,01/02/2025,8,No,Yes
102221,27746,Beans,60,02/02/2025,8,No,Yes
92846,2775,Soybean,50,18/12/2024,50,Yes,Yes
96315,27765,Groundnuts,20,10/11/2024,15,No,Yes
105014,27770,Beans,20,07/02/2025,15,No,Yes
102344,27773,Beans,20,01/02/2025,10,No,Yes
99658,27778,Soybean,50,05/12/2024,45,Yes,Yes
116584,30000,Beans,20,18/02/2025,100,Yes,Yes
119013,30003,Beans,20,18/02/2025,100,Yes,Yes
119014,30004,Beans,20,25/01/2025,90,Yes,Yes
118991,30013,Beans,20,29/01/2025,70,Yes,Yes
119015,30015,Beans,20,08/02/2025,100,Yes,Yes
104454,30023,Beans,20,01/02/2025,10,No,Yes
102377,30025,Beans,20,06/02/2025,10,No,Yes
94392,30048,Soybean,25,26/12/2024,50,No,Yes
90985,27783,Soybean,25,18/12/2024,50,Yes,Yes
84656,27792,Soybean,25,29/11/2024,50,Yes,Yes
92813,27798,Soybean,25,17/12/2024,50,Yes,Yes
84660,27800,Soybean,50,09/12/2024,50,Yes,Yes
83614,27805,Groundnuts,20,18/11/2024,25,No,Yes
84646,27810,Soybean,25,02/01/2025,50,Yes,Yes
86368,27814,Groundnuts,20,02/01/2025,50,No,Yes
87268,27818,Groundnuts,20,03/01/2025,50,No,Yes
87273,27823,Groundnuts,20,02/01/2025,50,No,Yes
105808,27831,Beans,20,08/02/2025,10,No,Yes
82084,27834,Soybean,25,26/12/2024,45,Yes,Yes
99454,30070,Soybean,25,15/12/2024,40,No,Yes
86256,30091,Groundnuts,20,15/11/2024,20,No,Yes
87666,30094,Groundnuts,20,20/11/2024,10,No,Yes
89530,30098,Soybean,25,27/12/2024,45,No,Yes
90577,30102,Groundnuts,20,07/11/2024,10,No,Yes
89522,30107,Soybean,25,26/12/2024,45,No,Yes
89526,30108,Groundnuts,20,18/11/2024,10,No,Yes
89538,30113,Soybean,25,26/12/2024,45,No,Yes
85518,30118,Soybean,25,20/01/2025,45,No,Yes
96674,3012,Soybean,75,13/12/2024,50,Yes,Yes
94383,30123,Soybean,25,02/01/2025,40,No,Yes
82180,27835,Groundnuts,20,28/11/2024,45,Yes,Yes
93718,26749,Soybean,25,07/01/2025,50,No,Yes
79266,26755,Soybean,25,09/12/2024,45,Yes,Yes
102436,26760,Beans,20,04/02/2025,90,No,No
79910,26766,Groundnuts,20,15/12/2024,30,No,Yes
79923,26777,Groundnuts,20,15/12/2024,30,No,Yes
103000,24390,Beans,40,01/02/2025,10,Yes,Yes
106309,24396,Beans,20,06/02/2025,15,Yes,Yes
111924,24403,Beans,20,02/02/2025,10,No,Yes
88103,24413,Soybean,25,01/01/2025,45,Yes,Yes
80285,24428,Soybean,50,08/12/2024,49,Yes,Yes
79267,24429,Soybean,25,10/12/2024,45,Yes,Yes
88736,24433,Soybean,50,03/01/2025,45,Yes,Yes
107377,24436,Beans,20,31/01/2025,45,No,Yes
108623,24439,Beans,20,07/02/2025,20,No,Yes
107379,24441,Beans,20,01/02/2025,45,No,Yes
106167,24442,Beans,20,03/03/2025,10,Yes,Yes
104715,24443,Beans,20,06/03/2025,15,Yes,Yes
101922,24446,Beans,20,11/02/2025,15,Yes,Yes
106166,24447,Beans,20,02/03/2025,10,Yes,Yes
85732,24457,Groundnuts,30,27/12/2024,75,No,Yes
108604,24461,Beans,10,05/02/2025,10,No,Yes
105713,24464,Beans,10,13/02/2025,10,No,Yes
86627,24464,Groundnuts,30,28/12/2024,75,No,Yes
85733,24466,Groundnuts,30,26/12/2024,75,No,Yes
105279,24475,Beans,10,11/02/2025,10,No,Yes
86629,24475,Groundnuts,30,27/12/2024,75,No,Yes
107174,24476,Beans,10,14/03/2025,10,No,Yes
85335,26788,Soybean,25,05/01/2025,50,No,Yes
85327,26789,Groundnuts,20,02/01/2025,50,No,Yes
91575,26791,Soybean,25,02/01/2025,45,Yes,Yes
91404,26792,Soybean,25,19/12/2024,45,Yes,Yes
85551,26796,Soybean,25,20/12/2024,45,Yes,Yes
90966,26798,Soybean,50,26/12/2024,45,Yes,Yes
101780,2680,Beans,20,07/02/2025,70,No,No
94244,26815,Groundnuts,20,18/12/2024,20,No,Yes
108490,26825,Beans,60,15/02/2025,30,No,Yes
108615,26826,Beans,20,14/02/2025,30,No,Yes
93115,26830,Groundnuts,20,17/11/2024,20,No,Yes
102262,26836,Beans,20,03/02/2025,30,No,Yes
102164,26853,Beans,20,28/01/2025,35,No,Yes
102261,26856,Beans,40,08/02/2025,35,No,Yes
109274,26860,Beans,20,04/02/2025,14,No,Yes
114232,26861,Beans,20,04/02/2025,14,No,No
110209,26864,Beans,40,16/02/2025,60,No,Yes
110208,26866,Beans,40,16/02/2025,55,No,Yes
110202,26875,Beans,160,10/02/2025,45,No,No
114714,2688,Beans,20,02/02/2025,3,Yes,Yes
109299,26885,Beans,20,05/02/2025,12,No,No
108831,26886,Beans,20,07/02/2025,13,No,No
114233,26887,Beans,20,07/02/2025,13,No,No
88227,24481,Groundnuts,30,24/12/2024,75,No,Yes
107796,24482,Beans,10,08/02/2025,60,No,Yes
86579,24482,Groundnuts,20,24/12/2024,75,No,Yes
107797,24484,Beans,10,08/02/2025,60,No,Yes
86577,24494,Groundnuts,30,24/12/2024,75,No,Yes
107798,24497,Beans,10,10/02/2025,60,No,Yes
106250,24501,Beans,20,03/02/2025,15,No,Yes
107709,24504,Beans,40,31/01/2025,45,No,Yes
104917,24505,Beans,20,01/02/2025,15,No,Yes
104916,24506,Beans,20,28/02/2025,12,No,Yes
106306,24507,Beans,20,03/02/2025,10,No,Yes
101789,24517,Beans,20,05/02/2025,15,Yes,Yes
109988,26897,Beans,20,14/02/2025,60,No,Yes
102144,2690,Beans,20,04/02/2025,60,No,Yes
110248,26900,Beans,20,16/02/2025,60,No,Yes
78617,26906,Groundnuts,20,16/12/2024,50,No,Yes
90846,26911,Soybean,25,01/01/2025,50,Yes,Yes
87047,26916,Groundnuts,20,02/01/2025,50,No,Yes
93740,26917,Groundnuts,20,01/01/2025,50,No,Yes
102145,2692,Beans,20,05/02/2025,60,No,Yes
81635,26923,Groundnuts,20,07/12/2024,50,No,Yes
89119,26926,Groundnuts,20,03/01/2025,50,No,Yes
112840,26927,Beans,60,10/02/2025,60,No,Yes
110270,24535,Beans,40,16/02/2025,60,No,Yes
105928,24537,Beans,20,01/02/2025,10,No,Yes
105358,24541,Beans,20,01/02/2025,15,No,Yes
90505,24543,Soybean,50,08/12/2024,45,No,Yes
87023,24546,Groundnuts,30,24/12/2024,75,No,Yes
108959,24549,Beans,10,07/02/2025,60,No,Yes
108963,24553,Beans,10,07/02/2025,60,No,Yes
108966,24557,Beans,10,09/02/2025,60,No,Yes
87217,24557,Groundnuts,30,24/12/2024,75,No,Yes
108968,24559,Beans,10,08/02/2025,60,No,Yes
107804,24560,Beans,10,10/02/2025,60,No,Yes
107806,24562,Beans,10,09/02/2025,60,No,Yes
81815,26932,Groundnuts,20,05/12/2024,50,No,Yes
109187,26934,Beans,40,07/02/2025,14,No,No
114234,26942,Beans,20,12/02/2025,12,No,No
108776,26944,Beans,20,03/02/2025,12,No,No
109192,26949,Beans,20,04/02/2025,13,No,No
83338,26956,Groundnuts,20,01/01/2025,50,No,Yes
85007,26968,Soybean,25,03/01/2025,45,No,Yes
90727,26971,Soybean,25,02/12/2024,45,Yes,Yes
88378,26977,Soybean,25,07/11/2024,60,Yes,Yes
89459,26997,Soybean,25,01/01/2025,45,No,Yes
83989,27000,Soybean,25,30/12/2024,45,No,Yes
86775,24567,Groundnuts,30,25/12/2024,75,No,Yes
86776,24568,Groundnuts,30,24/12/2024,75,No,Yes
87214,24569,Maize,30,24/12/2024,75,No,Yes
81541,24571,Soybean,25,28/11/2024,50,No,Yes
79259,24582,Groundnuts,20,22/12/2024,45,No,Yes
82322,24591,Soybean,25,20/12/2024,45,No,Yes
87066,24593,Soybean,50,02/01/2025,45,No,Yes
105445,24600,Beans,20,05/02/2025,80,No,No
91223,24606,Soybean,25,22/12/2024,50,No,Yes
80880,24607,Soybean,25,27/12/2024,45,No,Yes
103623,24608,Beans,20,02/02/2025,60,No,Yes
86454,24614,Groundnuts,30,27/12/2024,75,No,Yes
86457,24620,Groundnuts,30,27/12/2024,75,No,Yes
87098,24621,Groundnuts,20,27/12/2024,75,No,Yes
89097,24622,Groundnuts,10,29/12/2024,75,No,Yes
87097,24624,Groundnuts,20,29/12/2024,75,No,Yes
86464,24627,Groundnuts,20,28/12/2024,75,No,Yes
86463,24630,Groundnuts,15,27/12/2024,75,No,Yes
86911,24633,Groundnuts,20,27/12/2024,75,No,Yes
86916,24636,Groundnuts,20,28/12/2024,75,No,Yes
86914,24637,Groundnuts,20,26/12/2024,75,No,Yes
107673,24640,Beans,30,05/02/2025,60,No,Yes
86917,24640,Groundnuts,20,27/12/2024,75,No,Yes
115507,27008,Beans,20,15/02/2025,50,No,Yes
102568,27014,Beans,20,03/02/2025,60,No,Yes
102570,27016,Beans,20,02/02/2025,60,No,Yes
102572,27018,Beans,20,04/02/2025,60,No,Yes
102283,27025,Beans,20,04/02/2025,10,No,Yes
103511,27030,Beans,20,04/02/2025,50,No,Yes
102531,27042,Beans,20,07/02/2025,60,No,Yes
103772,27050,Beans,20,05/02/2025,45,No,No
103779,27053,Beans,20,04/02/2025,46,No,Yes
103770,27054,Beans,20,05/02/2025,46,No,No
87099,24641,Groundnuts,20,28/12/2024,75,No,Yes
87101,24643,Groundnuts,20,28/12/2024,75,No,Yes
88569,24663,Groundnuts,20,30/12/2024,75,No,Yes
88353,24666,Groundnuts,20,28/12/2024,75,No,Yes
88572,24667,Groundnuts,20,28/12/2024,75,No,Yes
89103,24668,Groundnuts,15,31/12/2024,75,No,Yes
87566,24669,Groundnuts,20,26/12/2024,75,No,Yes
107137,27056,Beans,40,08/02/2025,15,No,Yes
103791,27066,Beans,40,04/02/2025,40,No,Yes
103774,27068,Beans,20,04/02/2025,46,No,Yes
100637,27073,Groundnuts,40,15/01/2025,70,No,Yes
100456,27078,Groundnuts,20,04/01/2025,50,No,Yes
89898,27089,Groundnuts,20,17/12/2024,60,No,Yes
94177,27091,Groundnuts,20,02/01/2025,75,No,Yes
89417,27097,Soybean,25,01/01/2025,65,Yes,Yes
108890,27102,Beans,20,03/02/2025,75,No,Yes
92146,27103,Groundnuts,30,27/12/2024,75,No,Yes
108891,27105,Beans,20,06/02/2025,75,No,Yes
94910,27112,Soybean,25,12/01/2025,45,Yes,Yes
84301,27113,Soybean,25,27/12/2024,45,Yes,Yes
108612,27118,Beans,20,30/01/2025,30,No,Yes
108611,27121,Beans,20,07/02/2025,20,No,Yes
88394,27123,Soybean,25,01/01/2025,65,Yes,Yes
108491,27130,Beans,40,12/02/2025,40,No,Yes
100451,27131,Groundnuts,20,10/01/2025,70,No,Yes
100475,27132,Groundnuts,20,15/12/2024,70,No,Yes
100468,27133,Groundnuts,20,15/01/2025,70,No,Yes
93179,27139,Groundnuts,20,28/11/2024,45,Yes,Yes
103740,2714,Beans,40,20/02/2025,75,No,Yes
88351,24673,Groundnuts,15,28/12/2024,75,No,Yes
87008,24677,Groundnuts,40,01/01/2025,50,No,Yes
103954,24680,Beans,20,07/02/2025,50,No,Yes
87322,24683,Soybean,25,17/12/2024,45,No,Yes
87972,24685,Soybean,25,20/12/2024,45,No,Yes
85201,24687,Soybean,50,02/01/2025,45,No,Yes
81748,24695,Soybean,25,19/12/2024,50,Yes,Yes
88032,24699,Soybean,25,25/12/2024,45,No,Yes
79976,24701,Groundnuts,20,03/12/2024,45,No,Yes
81475,24702,Soybean,25,27/12/2024,45,No,Yes
93193,27140,Groundnuts,20,19/12/2024,45,Yes,Yes
85164,27143,Groundnuts,20,18/12/2024,45,Yes,Yes
99800,27156,Groundnuts,20,16/01/2025,50,No,Yes
102779,27164,Beans,20,05/02/2025,30,No,Yes
102778,27165,Beans,20,30/01/2025,30,No,Yes
108252,2717,Beans,20,03/02/2025,10,No,Yes
89622,27172,Soybean,25,27/12/2024,45,Yes,Yes
104164,27178,Beans,80,05/02/2025,45,No,Yes
97400,27179,Soybean,25,29/12/2024,45,Yes,Yes
102704,27181,Beans,20,03/02/2025,45,No,Yes
104235,27185,Beans,40,02/02/2025,45,No,Yes
79333,24704,Groundnuts,20,15/11/2024,45,Yes,Yes
87950,24710,Soybean,25,29/12/2024,45,Yes,Yes
81747,24711,Soybean,25,19/12/2024,50,Yes,Yes
109222,24712,Beans,20,07/02/2025,50,No,Yes
113622,24716,Beans,20,10/02/2025,60,No,Yes
87061,24729,Soybean,25,20/12/2024,50,No,Yes
89334,24730,Soybean,50,03/01/2025,60,Yes,Yes
103397,24743,Beans,20,01/02/2025,73,Yes,Yes
90503,24745,Soybean,25,19/12/2024,50,No,Yes
88384,24762,Soybean,25,07/12/2024,50,Yes,Yes
88904,24766,Soybean,25,02/01/2025,45,Yes,Yes
89224,24772,Soybean,50,03/01/2025,45,Yes,Yes
89317,24802,Soybean,25,03/01/2025,50,Yes,Yes
92084,24808,Soybean,50,03/01/2025,45,Yes,Yes
92085,24813,Soybean,25,03/01/2025,46,Yes,Yes
104315,27186,Beans,60,06/02/2025,45,No,Yes
80491,27192,Soybean,25,29/11/2024,56,Yes,Yes
97965,27197,Soybean,25,31/12/2024,53,No,Yes
93797,27198,Soybean,50,18/12/2024,45,Yes,Yes
87202,27211,Soybean,125,18/12/2024,2,Yes,Yes
103171,27212,Beans,20,05/02/2025,10,No,Yes
94113,27215,Soybean,25,10/01/2025,45,Yes,Yes
86297,27219,Soybean,25,03/01/2025,45,Yes,Yes
85354,27222,Groundnuts,20,09/11/2024,45,Yes,Yes
85434,27222,Soybean,25,03/01/2025,45,Yes,Yes
82868,27223,Soybean,25,24/12/2024,45,Yes,Yes
103857,27231,Beans,40,08/02/2025,50,Yes,Yes
102648,27232,Beans,20,02/02/2025,50,No,Yes
113183,27234,Beans,40,10/02/2025,60,No,Yes
97979,27239,Soybean,25,03/01/2025,43,Yes,Yes
93978,27240,Soybean,25,22/12/2024,45,Yes,Yes
85307,27243,Groundnuts,20,20/11/2024,45,Yes,Yes
81607,27251,Groundnuts,20,06/11/2024,45,Yes,Yes
81615,27256,Groundnuts,20,25/11/2024,45,Yes,Yes
83565,27256,Soybean,25,17/12/2024,45,Yes,Yes
87068,24822,Soybean,50,06/01/2025,45,No,Yes
108312,24827,Beans,40,30/01/2025,10,No,Yes
78816,24828,Soybean,25,28/11/2024,50,Yes,Yes
108317,24842,Beans,20,29/01/2025,10,No,Yes
108333,24848,Beans,20,01/02/2025,10,No,Yes
111304,24849,Beans,20,05/02/2025,10,No,Yes
93447,24859,Soybean,25,08/01/2025,45,Yes,Yes
108329,24865,Beans,20,31/01/2025,15,No,No
88579,24867,Soybean,25,28/12/2024,55,Yes,Yes
83737,27272,Groundnuts,20,17/12/2024,45,Yes,Yes
97999,27274,Soybean,25,02/01/2025,46,No,Yes
98000,27275,Soybean,25,31/12/2024,33,No,Yes
94148,27282,Soybean,25,24/12/2024,45,Yes,Yes
86366,27293,Groundnuts,20,18/11/2024,45,Yes,Yes
83502,27301,Soybean,25,25/12/2024,45,Yes,Yes
82766,27310,Soybean,25,20/12/2024,45,Yes,Yes
109653,27314,Beans,40,05/02/2025,40,No,Yes
80450,27317,Groundnuts,20,23/11/2024,45,Yes,Yes
93991,27317,Soybean,25,17/01/2025,45,Yes,Yes
87114,27321,Groundnuts,20,04/01/2025,45,Yes,Yes
94170,27322,Soybean,25,23/12/2024,45,Yes,Yes
102558,24875,Beans,20,02/02/2025,60,No,Yes
101754,24883,Beans,40,12/02/2025,10,Yes,Yes
101759,24892,Beans,40,05/02/2025,10,Yes,Yes
101770,24898,Beans,20,05/02/2025,10,Yes,Yes
102739,24901,Beans,20,03/02/2025,10,No,Yes
101824,24910,Beans,20,05/02/2025,10,Yes,Yes
83378,24913,Soybean,25,29/12/2024,50,Yes,Yes
105922,24917,Beans,20,10/02/2025,10,No,Yes
101773,24918,Beans,20,05/02/2025,10,Yes,Yes
90483,27324,Soybean,25,25/12/2024,45,Yes,Yes
82836,27325,Soybean,25,22/12/2024,45,Yes,Yes
83461,27347,Groundnuts,20,15/11/2024,45,Yes,Yes
86218,27348,Groundnuts,20,15/11/2024,45,Yes,Yes
83675,27358,Groundnuts,20,05/12/2024,45,Yes,Yes
83673,27358,Soybean,25,24/12/2024,45,Yes,Yes
101767,27361,Beans,20,12/02/2025,80,No,No
102777,27363,Beans,20,05/02/2025,30,No,Yes
103664,27364,Beans,20,28/01/2025,30,No,Yes
99980,27366,Soybean,25,21/12/2024,45,Yes,Yes
100318,27368,Soybean,25,19/12/2024,45,Yes,Yes
99966,27378,Soybean,20,21/12/2024,45,Yes,Yes
96630,27379,Groundnuts,20,14/12/2024,30,Yes,Yes
96638,27380,Soybean,25,24/12/2024,40,Yes,Yes
100361,27383,Groundnuts,20,16/11/2024,20,Yes,Yes
100099,27384,Soybean,25,14/12/2024,45,Yes,Yes
93344,27385,Soybean,100,20/11/2024,45,Yes,Yes
104999,27390,Beans,40,10/02/2025,50,Yes,Yes
102643,24922,Beans,40,04/02/2025,10,No,Yes
80876,24930,Soybean,50,15/12/2024,45,No,Yes
89728,24937,Soybean,25,12/12/2024,50,Yes,Yes
87054,24949,Soybean,25,06/01/2025,50,No,Yes
85162,24954,Soybean,25,28/12/2024,50,Yes,Yes
87995,24956,Soybean,25,04/01/2025,50,No,No
91520,24958,Soybean,12,06/01/2025,45,Yes,Yes
82329,24959,Soybean,25,10/12/2024,50,Yes,Yes
89612,24967,Soybean,50,03/01/2025,45,Yes,Yes
90472,24984,Soybean,50,03/01/2025,45,Yes,Yes
83216,24991,Soybean,25,10/12/2024,60,Yes,Yes
83951,24993,Soybean,25,02/01/2025,45,Yes,Yes
91914,24994,Soybean,50,03/01/2025,45,Yes,Yes
86178,24997,Soybean,25,28/12/2024,50,Yes,Yes
86103,24998,Soybean,25,28/12/2024,50,Yes,Yes
88249,24999,Soybean,25,20/12/2024,45,Yes,Yes
87866,25000,Soybean,25,20/12/2024,45,No,Yes
85784,25001,Soybean,25,02/01/2025,45,Yes,Yes
102182,25004,Beans,20,01/02/2025,10,No,Yes
102181,25008,Beans,40,01/02/2025,10,No,Yes
92773,27393,Groundnuts,20,28/11/2024,35,Yes,Yes
115921,27398,Beans,20,19/02/2025,50,Yes,Yes
113834,27399,Beans,20,23/02/2025,50,Yes,Yes
108539,27405,Beans,20,12/02/2025,20,No,Yes
107695,27414,Beans,120,20/02/2025,10,Yes,Yes
91639,27415,Groundnuts,60,03/01/2025,35,Yes,Yes
116866,27419,Beans,20,02/03/2025,50,No,Yes
114953,27422,Beans,20,24/02/2025,60,No,Yes
108257,27423,Beans,20,10/02/2025,13,No,Yes
103231,27433,Beans,20,02/02/2025,10,No,Yes
119092,27436,Beans,20,15/02/2025,60,No,Yes
79602,27439,Soybean,25,19/11/2024,60,Yes,Yes
110262,27440,Beans,20,02/02/2025,40,No,Yes
103221,27442,Beans,20,03/02/2025,10,No,Yes
103218,27443,Beans,20,02/02/2025,10,No,Yes
111205,27444,Beans,40,28/02/2025,70,Yes,Yes
111204,27456,Beans,20,02/03/2025,60,Yes,Yes
111202,27457,Beans,20,27/02/2025,60,No,Yes
92726,27459,Soybean,25,03/01/2025,60,No,Yes
103851,27472,Beans,40,05/02/2025,50,No,Yes
100472,27475,Groundnuts,20,10/01/2025,70,No,Yes
98012,27482,Soybean,25,19/12/2024,52,No,Yes
98011,27485,Soybean,25,22/12/2024,39,Yes,Yes
90468,25010,Soybean,25,05/01/2025,45,Yes,Yes
86106,25015,Soybean,25,02/01/2025,5,Yes,Yes
93243,25024,Soybean,25,05/01/2025,45,Yes,Yes
85415,25026,Soybean,25,10/01/2025,50,Yes,Yes
82458,25029,Soybean,25,19/12/2024,7,Yes,Yes
82872,25036,Soybean,25,24/12/2024,50,Yes,Yes
117153,25037,Beans,20,01/03/2025,10,No,Yes
117164,25039,Beans,20,05/03/2025,10,No,Yes
117154,25045,Beans,20,02/03/2025,10,No,Yes
88039,25050,Soybean,25,19/12/2024,15,Yes,Yes
85819,25063,Soybean,25,27/12/2024,6,No,Yes
88108,25067,Soybean,25,05/12/2024,45,Yes,Yes
99226,25076,Soybean,25,09/01/2025,50,Yes,Yes
79954,25078,Soybean,25,08/12/2024,50,Yes,Yes
87992,25084,Soybean,50,15/12/2024,45,No,Yes
87985,25087,Soybean,20,02/01/2025,50,Yes,Yes
96344,25098,Soybean,25,07/01/2025,50,Yes,Yes
83515,25103,Soybean,50,28/12/2024,7,Yes,Yes
83514,25105,Soybean,50,02/01/2025,10,Yes,Yes
78638,25115,Soybean,20,15/12/2024,50,Yes,Yes
98019,27487,Soybean,25,28/12/2024,43,No,Yes
98024,27491,Soybean,25,27/12/2024,52,No,Yes
98036,27493,Soybean,25,26/12/2024,51,No,Yes
98039,27495,Soybean,25,31/12/2024,37,No,Yes
98040,27496,Soybean,25,18/12/2024,47,Yes,Yes
107439,2751,Beans,20,01/02/2025,10,Yes,Yes
83941,27523,Soybean,25,27/12/2024,45,Yes,Yes
115380,27537,Beans,40,28/02/2025,60,No,Yes
115378,27538,Beans,20,27/02/2025,60,No,Yes
111420,27548,Beans,20,03/03/2025,10,No,Yes
117927,27553,Beans,20,22/02/2025,10,No,Yes
86651,25116,Soybean,25,07/01/2025,45,No,Yes
88107,25120,Soybean,25,23/12/2024,45,Yes,Yes
103385,25123,Beans,20,01/02/2025,68,No,Yes
78460,25132,Groundnuts,20,27/11/2024,65,No,Yes
101669,25135,Groundnuts,20,15/11/2024,50,No,Yes
101477,25136,Groundnuts,20,20/12/2024,50,No,Yes
101475,25138,Groundnuts,20,11/11/2024,50,No,Yes
101472,25141,Groundnuts,20,26/11/2024,50,No,Yes
101488,25148,Groundnuts,20,25/11/2024,50,No,Yes
88172,25153,Soybean,25,15/12/2024,45,No,Yes
86851,25157,Soybean,25,19/12/2024,45,No,Yes
86908,25165,Beans,25,03/01/2025,45,No,Yes
86855,25167,Soybean,25,05/01/2025,45,No,No
115080,27556,Beans,20,28/03/2025,10,No,Yes
122483,27564,Beans,20,17/02/2025,75,No,No
84955,27566,Soybean,25,23/12/2024,50,No,Yes
118191,27579,Beans,20,05/03/2025,50,No,No
94014,27592,Soybean,25,20/12/2024,50,Yes,Yes
104698,27595,Beans,20,01/02/2025,50,No,Yes
94340,27596,Soybean,25,08/01/2025,5,Yes,Yes
112170,27598,Beans,20,05/03/2025,50,No,No
108658,27607,Beans,60,19/02/2025,60,No,Yes
114551,27612,Beans,20,13/02/2025,60,No,Yes
108653,27613,Beans,40,12/02/2025,60,No,Yes
114546,27620,Beans,60,13/02/2025,60,No,Yes
81667,25171,Soybean,25,14/12/2024,45,Yes,Yes
87225,25172,Soybean,25,15/12/2024,45,No,Yes
87167,25176,Soybean,25,15/12/2024,45,No,Yes
91129,25179,Soybean,50,17/12/2024,50,No,Yes
97448,2518,Soybean,25,08/01/2025,45,Yes,Yes
86760,25187,Soybean,25,19/12/2024,45,No,Yes
97903,25191,Soybean,75,24/12/2024,60,Yes,Yes
93620,25192,Soybean,25,30/12/2024,15,Yes,Yes
97921,25199,Soybean,25,12/12/2024,60,Yes,Yes
84202,25205,Soybean,25,19/12/2024,45,Yes,Yes
104036,25216,Beans,20,04/02/2025,50,No,Yes
90048,25232,Soybean,25,14/12/2024,53,Yes,Yes
100467,25233,Groundnuts,20,23/01/2025,70,No,Yes
100446,25235,Groundnuts,20,17/01/2025,50,No,Yes
100471,25236,Groundnuts,20,23/01/2025,70,No,Yes
100457,25237,Groundnuts,40,09/01/2025,70,No,Yes
96759,25241,Soybean,62,16/12/2024,15,Yes,Yes
84280,25250,Soybean,25,20/12/2024,80,Yes,Yes
89672,25254,Soybean,25,18/12/2024,60,Yes,Yes
88843,25261,Groundnuts,20,18/12/2024,45,No,Yes
88842,25261,Soybean,25,25/12/2024,45,No,Yes
82958,25262,Soybean,25,20/12/2024,45,No,Yes
92852,2527,Beans,2,12/11/2024,50,Yes,Yes
115369,27621,Beans,80,12/02/2025,80,Yes,Yes
108652,27622,Beans,80,12/02/2025,55,No,Yes
112838,27628,Beans,20,07/02/2025,80,No,Yes
96938,2763,Soybean,50,14/12/2024,55,Yes,Yes
90737,27631,Soybean,25,01/01/2025,50,Yes,Yes
102173,27649,Beans,20,01/02/2025,8,No,Yes
102174,27650,Beans,20,04/02/2025,8,No,Yes
110768,27651,Beans,80,05/02/2025,60,No,Yes
102223,27653,Beans,20,04/02/2025,8,No,Yes
102176,27662,Beans,20,07/02/2025,8,No,Yes
95224,27670,Soybean,25,03/01/2025,25,Yes,Yes
83188,27677,Soybean,75,26/12/2024,45,Yes,Yes
105441,27687,Beans,20,05/02/2025,80,No,No
102432,27689,Beans,20,05/02/2025,80,No,No
101652,27691,Beans,20,05/02/2025,100,No,Yes
103594,27697,Beans,40,02/02/2025,60,No,Yes
103705,27701,Beans,20,04/02/2025,60,No,Yes
102189,27703,Beans,20,06/02/2025,8,No,Yes
100885,27722,Soybean,25,23/11/2024,50,Yes,Yes
100878,27724,Soybean,25,11/01/2025,50,Yes,Yes
99704,25279,Groundnuts,20,07/12/2024,30,Yes,Yes
89655,25283,Soybean,25,12/12/2024,45,Yes,Yes
85202,25288,Soybean,25,23/12/2024,45,No,Yes
88138,25304,Groundnuts,20,23/12/2024,75,No,Yes
78819,25309,Groundnuts,20,19/11/2024,45,No,Yes
82728,25311,Soybean,25,02/01/2025,45,No,Yes
90954,25312,Groundnuts,20,13/11/2024,25,No,Yes
90956,25312,Soybean,25,20/12/2024,50,Yes,Yes
84626,25315,Groundnuts,20,17/12/2024,25,No,Yes
99691,25323,Groundnuts,20,15/11/2024,30,Yes,Yes
85596,27728,Groundnuts,20,16/11/2024,15,Yes,Yes
102190,27744,Beans,60,01/02/2025,8,No,Yes
102903,27749,Beans,20,15/02/2025,90,No,Yes
103290,27754,Beans,20,06/02/2025,100,No,Yes
102888,27755,Soybean,40,06/02/2025,60,Yes,Yes
103539,27756,Beans,20,01/02/2025,60,No,Yes
103625,27757,Beans,20,01/02/2025,60,No,Yes
103540,27761,Beans,20,02/02/2025,60,No,Yes
97421,27767,Soybean,25,04/01/2025,45,Yes,Yes
96323,27779,Groundnuts,20,19/11/2024,15,No,Yes
96321,27780,Soybean,25,31/12/2024,45,Yes,Yes
84149,25328,Soybean,20,13/11/2024,45,No,Yes
92805,25337,Soybean,50,22/12/2024,50,Yes,Yes
82078,25342,Soybean,25,29/12/2024,45,No,Yes
89348,25344,Groundnuts,20,11/12/2024,45,No,Yes
113573,25346,Beans,20,10/02/2025,120,No,Yes
113584,25351,Beans,20,05/02/2025,120,No,Yes
97227,25352,Soybean,50,01/01/2025,50,Yes,Yes
97110,25353,Soybean,25,03/01/2025,60,Yes,Yes
97597,25359,Soybean,50,28/12/2024,60,Yes,Yes
96405,25363,Soybean,25,07/01/2025,60,Yes,Yes
96761,25372,Soybean,25,06/01/2025,15,No,Yes
98697,25376,Soybean,25,16/12/2024,60,Yes,Yes
94754,25385,Soybean,50,04/01/2025,45,Yes,Yes
113633,25386,Beans,20,08/02/2025,60,No,Yes
89968,25389,Soybean,25,10/12/2024,50,Yes,Yes
96348,25392,Soybean,50,05/01/2025,45,Yes,Yes
90466,25395,Soybean,25,03/01/2025,45,Yes,Yes
85783,25397,Soybean,50,01/01/2025,45,Yes,Yes
94749,25398,Soybean,25,06/01/2025,45,Yes,Yes
110307,25402,Beans,40,20/02/2025,60,No,Yes
110309,25404,Beans,40,25/02/2025,60,No,Yes
110277,25406,Beans,40,18/02/2025,60,No,Yes
93558,27790,Soybean,25,09/01/2025,15,Yes,Yes
93564,27791,Soybean,25,02/01/2025,15,Yes,Yes
94828,27793,Groundnuts,20,24/12/2024,20,No,Yes
84666,27799,Soybean,25,02/01/2025,50,Yes,Yes
94587,27801,Groundnuts,20,15/11/2024,30,No,Yes
100245,27804,Soybean,25,02/01/2025,50,Yes,Yes
92816,27807,Soybean,50,23/12/2024,50,Yes,Yes
92814,27809,Soybean,25,27/12/2024,45,Yes,Yes
87274,27829,Groundnuts,20,03/01/2025,50,No,Yes
111939,27832,Beans,20,02/02/2025,10,Yes,Yes
84664,27845,Soybean,25,19/12/2024,50,Yes,Yes
114545,25408,Beans,100,13/02/2025,60,No,Yes
108655,25411,Beans,80,13/02/2025,60,No,Yes
92704,25413,Soybean,25,04/01/2025,45,Yes,Yes
91562,2542,Soybean,25,27/12/2024,45,Yes,Yes
106407,25425,Beans,20,02/02/2025,45,No,Yes
93821,25430,Soybean,25,05/01/2025,45,Yes,Yes
111704,25434,Beans,10,08/02/2025,7,No,Yes
92700,25439,Soybean,50,03/01/2025,45,Yes,Yes
92694,25444,Soybean,25,04/01/2025,45,Yes,Yes
107373,25447,Beans,20,01/02/2025,45,No,Yes
91916,25448,Soybean,50,02/01/2025,45,Yes,Yes
99752,25455,Soybean,25,03/01/2025,60,Yes,Yes
89614,25459,Soybean,25,03/01/2025,45,Yes,Yes
111707,25467,Beans,10,07/02/2025,7,No,Yes
111711,25468,Beans,10,09/02/2025,7,No,Yes
88147,25471,Groundnuts,20,23/12/2024,75,No,Yes
111713,25473,Beans,10,07/02/2025,7,No,Yes
111714,25476,Beans,10,08/02/2025,7,No,Yes
109256,25478,Beans,10,08/02/2025,7,No,Yes
111716,25481,Beans,20,05/02/2025,7,No,Yes
85792,25483,Soybean,25,03/01/2025,45,Yes,Yes
104294,25489,Beans,60,30/01/2025,45,No,Yes
95846,25501,Soybean,25,16/12/2024,70,Yes,Yes
96931,25503,Soybean,75,16/12/2024,45,Yes,Yes
98910,25506,Soybean,50,14/12/2024,90,Yes,Yes
84615,27847,Soybean,25,05/01/2025,45,Yes,Yes
84613,27850,Groundnuts,20,15/12/2024,30,No,Yes
92796,27855,Soybean,25,23/12/2024,50,Yes,Yes
83906,27861,Groundnuts,20,02/01/2025,30,No,Yes
83607,27868,Soybean,25,18/12/2024,50,Yes,Yes
85054,27872,Soybean,50,07/01/2025,5,Yes,Yes
85289,27880,Groundnuts,20,22/11/2024,10,Yes,Yes
84092,27882,Soybean,25,17/12/2024,5,Yes,Yes
83973,27883,Groundnuts,20,08/11/2024,10,Yes,Yes
84884,27884,Soybean,50,18/12/2024,5,Yes,Yes
90556,2553,Soybean,25,13/12/2024,55,Yes,Yes
97549,25531,Soybean,25,04/01/2025,50,No,Yes
97550,25532,Soybean,25,02/01/2025,50,No,Yes
98839,25539,Soybean,25,10/01/2025,20,Yes,Yes
101271,25543,Groundnuts,40,09/01/2025,20,Yes,Yes
101270,25544,Groundnuts,40,09/01/2025,20,Yes,Yes
99594,25547,Soybean,25,10/12/2024,20,Yes,Yes
108064,25549,Beans,20,01/02/2025,45,No,Yes
81587,2555,Beans,25,13/12/2024,65,Yes,Yes
113624,25555,Beans,40,10/02/2025,60,No,Yes
92308,25561,Soybean,25,12/11/2024,45,Yes,Yes
83987,27888,Soybean,25,12/12/2024,5,Yes,Yes
102360,2789,Beans,20,06/02/2025,60,No,Yes
79434,27893,Groundnuts,20,29/11/2024,35,No,Yes
84631,27899,Groundnuts,20,20/11/2024,30,Yes,Yes
94818,27899,Soybean,25,10/01/2025,45,Yes,Yes
102522,2790,Beans,20,09/02/2025,60,No,Yes
98214,27916,Soybean,50,05/01/2025,50,Yes,Yes
92783,27918,Soybean,20,26/12/2024,20,No,Yes
104226,27922,Beans,20,03/02/2025,50,No,Yes
104192,27929,Beans,20,02/02/2025,50,No,Yes
102232,2793,Beans,20,07/02/2025,60,No,Yes
83176,27932,Groundnuts,20,18/11/2024,10,Yes,Yes
87726,27933,Soybean,25,18/12/2024,5,Yes,Yes
85304,27934,Groundnuts,20,12/11/2024,5,Yes,Yes
104280,27940,Beans,20,04/02/2025,50,No,Yes
84607,27942,Soybean,25,27/12/2024,45,Yes,Yes
82452,27946,Soybean,25,17/12/2024,5,Yes,Yes
102941,27948,Beans,20,06/02/2025,50,No,Yes
102291,2796,Beans,20,05/02/2025,60,No,Yes
97206,27962,Soybean,50,10/12/2024,45,Yes,Yes
100171,27967,Soybean,25,29/11/2024,45,Yes,Yes
100191,27972,Groundnuts,20,27/11/2024,30,Yes,Yes
99436,27986,Soybean,25,26/12/2024,45,Yes,Yes
92302,25562,Soybean,25,14/11/2024,45,Yes,Yes
92301,25563,Groundnuts,20,13/11/2024,45,Yes,Yes
83521,25574,Soybean,50,19/12/2024,15,Yes,Yes
88155,25580,Groundnuts,20,22/12/2024,75,No,Yes
88156,25581,Groundnuts,20,22/12/2024,75,No,Yes
109062,25583,Beans,10,05/02/2025,7,No,Yes
88157,25583,Groundnuts,20,22/12/2024,1,No,Yes
109060,25586,Beans,10,08/02/2025,7,No,Yes
88162,25588,Groundnuts,20,22/12/2024,75,No,Yes
108780,25589,Beans,10,13/02/2025,10,No,Yes
93029,2559,Soybean,25,05/01/2025,55,Yes,Yes
112646,25593,Beans,20,02/03/2025,50,No,Yes
108070,25598,Beans,40,30/01/2025,50,No,Yes
93006,2560,Soybean,75,14/12/2024,55,Yes,Yes
94768,25609,Groundnuts,20,27/12/2024,45,Yes,Yes
83950,25623,Soybean,100,01/01/2025,45,No,Yes
83519,25625,Soybean,25,29/12/2024,7,Yes,Yes
88392,25631,Soybean,25,01/01/2025,65,Yes,Yes
97261,25633,Soybean,25,01/01/2025,45,No,Yes
94604,25634,Soybean,25,02/01/2025,50,No,Yes
109054,25635,Beans,10,08/02/2025,7,No,Yes
93005,2564,Soybean,50,12/12/2024,55,Yes,No
111718,25643,Beans,10,06/02/2025,7,No,Yes
103604,25644,Beans,20,02/02/2025,60,No,Yes
109231,25645,Beans,10,08/02/2025,7,No,Yes
109230,25652,Beans,10,07/02/2025,7,No,Yes
116773,25653,Beans,20,08/03/2025,50,No,Yes
118206,25658,Beans,20,10/03/2025,50,No,Yes
118212,25659,Beans,40,03/03/2025,50,No,Yes
116864,25660,Beans,20,05/03/2025,50,No,Yes
86114,25661,Soybean,25,06/12/2024,5,Yes,Yes
89079,25664,Soybean,25,01/01/2025,45,No,Yes
94781,25668,Groundnuts,20,21/12/2024,45,Yes,Yes
81647,25674,Soybean,25,20/12/2024,45,Yes,Yes
82181,25677,Soybean,25,20/12/2024,45,Yes,Yes
94775,25686,Soybean,25,27/12/2024,45,Yes,Yes
115209,27989,Beans,80,13/02/2025,60,No,Yes
84943,27997,Groundnuts,20,09/11/2024,10,Yes,Yes
87271,27999,Groundnuts,20,03/01/2025,50,No,Yes
88593,28000,Groundnuts,20,02/01/2025,50,Yes,Yes
92822,28011,Soybean,25,03/01/2025,50,Yes,Yes
98531,28012,Soybean,25,01/01/2025,67,Yes,Yes
83984,28017,Soybean,50,10/12/2024,5,Yes,Yes
84313,28023,Groundnuts,20,12/11/2024,10,Yes,Yes
84311,28024,Groundnuts,20,12/11/2024,10,Yes,Yes
103788,28034,Beans,40,04/02/2025,40,No,Yes
103769,28035,Beans,20,05/02/2025,42,No,Yes
98535,28039,Soybean,25,30/12/2024,60,Yes,Yes
104395,28051,Beans,20,07/02/2025,60,No,Yes
82445,28054,Groundnuts,20,14/11/2024,5,No,Yes
84927,28056,Groundnuts,20,12/12/2024,10,No,Yes
96242,2806,Soybean,25,17/01/2025,50,Yes,Yes
84907,28063,Groundnuts,20,16/12/2024,10,No,Yes
97348,28066,Soybean,50,26/12/2024,45,No,Yes
98150,28071,Soybean,25,01/01/2025,60,Yes,Yes
98540,28072,Soybean,25,29/12/2024,49,Yes,Yes
98541,28075,Soybean,25,30/12/2024,65,Yes,Yes
103282,28076,Beans,20,06/02/2025,60,No,Yes
82602,28080,Soybean,25,23/12/2024,10,No,Yes
94458,28088,Groundnuts,20,18/11/2024,10,Yes,Yes
78494,2809,Maize,10,13/12/2024,75,No,Yes
85285,28091,Groundnuts,20,22/11/2024,10,Yes,Yes
92945,28092,Soybean,50,28/12/2024,5,Yes,Yes
103283,28105,Beans,20,02/02/2025,60,No,Yes
89026,28108,Soybean,25,15/12/2024,45,No,Yes
85815,28109,Soybean,25,28/12/2024,60,Yes,Yes
103106,28120,Soybean,25,17/12/2024,45,No,Yes
89002,28121,Soybean,25,16/12/2024,50,Yes,Yes
103598,25693,Beans,60,01/02/2025,60,No,Yes
87601,25695,Soybean,25,22/12/2024,7,Yes,Yes
87130,25702,Soybean,50,26/12/2024,8,Yes,Yes
93547,25707,Soybean,25,05/01/2025,50,Yes,Yes
89446,25708,Soybean,25,19/12/2024,40,No,Yes
91142,25709,Soybean,50,18/12/2024,50,No,Yes
91143,25710,Soybean,50,20/12/2024,50,No,Yes
91144,25712,Soybean,50,14/12/2024,50,No,Yes
84994,25718,Soybean,25,04/01/2025,65,Yes,Yes
88397,25724,Soybean,25,01/01/2025,65,Yes,Yes
81645,25732,Groundnuts,20,18/12/2024,45,Yes,Yes
83575,25733,Groundnuts,20,20/12/2024,45,Yes,Yes
79691,25736,Groundnuts,25,16/11/2024,45,Yes,Yes
96581,25738,Soybean,25,15/12/2024,50,No,Yes
91149,25762,Soybean,50,13/12/2024,50,No,Yes
99421,25764,Soybean,25,01/01/2025,67,No,Yes
89084,25767,Soybean,50,01/01/2025,45,No,Yes
87122,25772,Soybean,25,20/12/2024,12,Yes,Yes
89005,28123,Soybean,25,27/12/2024,45,No,Yes
103213,28125,Beans,20,07/02/2025,60,No,No
103692,28126,Beans,20,05/02/2025,60,No,Yes
96999,28129,Soybean,25,03/01/2025,45,No,Yes
89023,28131,Groundnuts,20,19/12/2024,30,No,Yes
84916,28132,Groundnuts,20,18/12/2024,10,Yes,Yes
91422,28134,Groundnuts,20,04/01/2025,45,No,Yes
91433,28137,Groundnuts,20,20/12/2024,45,No,Yes
103277,28139,Beans,20,03/02/2025,60,No,Yes
103273,28141,Beans,20,02/02/2025,60,No,Yes
85287,28142,Soybean,25,18/12/2024,5,Yes,Yes
87741,28143,Soybean,25,18/12/2024,5,Yes,Yes
87127,25775,Soybean,25,22/12/2024,8,Yes,Yes
111979,25777,Beans,20,01/02/2025,10,No,No
105981,25780,Beans,20,06/02/2025,10,No,Yes
113729,25782,Beans,20,05/03/2025,5,No,No
88414,25788,Soybean,25,01/01/2025,65,Yes,Yes
91391,2579,Soybean,25,09/12/2024,50,Yes,Yes
88411,25792,Soybean,25,01/01/2025,65,Yes,Yes
89436,25794,Soybean,25,01/01/2025,45,No,Yes
88398,25797,Soybean,50,01/01/2025,65,Yes,Yes
107958,25798,Beans,20,01/02/2025,50,No,Yes
88796,25802,Soybean,25,07/01/2025,7,Yes,Yes
84990,28144,Groundnuts,20,23/11/2024,10,Yes,Yes
116575,28151,Beans,20,01/03/2025,30,No,Yes
107432,28152,Beans,20,04/03/2025,40,No,Yes
97353,28154,Soybean,25,02/01/2025,50,No,Yes
114466,28165,Beans,20,26/02/2025,60,No,Yes
97366,28168,Soybean,20,03/01/2025,45,No,Yes
97364,28169,Soybean,20,10/01/2025,50,No,Yes
88991,28175,Soybean,25,19/12/2024,45,No,Yes
107380,25803,Beans,20,03/02/2025,45,No,Yes
88074,25808,Soybean,25,20/12/2024,45,Yes,Yes
83573,25810,Groundnuts,20,20/12/2024,45,Yes,Yes
86034,25813,Groundnuts,20,15/12/2024,45,Yes,Yes
85762,25828,Soybean,25,01/01/2025,65,Yes,Yes
108077,25830,Beans,20,31/01/2025,50,No,Yes
103318,25835,Beans,40,04/02/2025,70,No,Yes
88041,25838,Soybean,25,02/01/2025,15,Yes,Yes
85105,25841,Soybean,50,07/01/2025,40,No,Yes
89457,25842,Soybean,25,02/01/2025,45,No,Yes
85008,25845,Soybean,25,01/01/2025,65,Yes,Yes
97370,28176,Soybean,25,10/12/2024,50,Yes,Yes
108657,28178,Beans,40,13/02/2025,60,No,Yes
108654,28179,Beans,20,12/02/2025,60,No,Yes
91439,28184,Groundnuts,20,04/01/2025,45,No,Yes
106535,28192,Beans,20,04/02/2025,65,No,Yes
106570,28197,Beans,20,05/02/2025,70,No,Yes
96672,2820,Soybean,25,07/01/2025,60,Yes,Yes
116661,28212,Beans,20,10/03/2025,50,No,Yes
118210,28216,Beans,20,10/03/2025,50,No,Yes
91440,28221,Groundnuts,20,04/01/2025,45,No,Yes
95704,28232,Soybean,25,24/12/2024,45,Yes,Yes
95698,28233,Soybean,25,04/01/2025,45,Yes,Yes
81686,28237,Soybean,25,12/12/2024,50,No,Yes
91928,28241,Groundnuts,20,07/01/2025,45,No,Yes
91932,28247,Groundnuts,20,27/12/2024,45,No,Yes
86124,28251,Groundnuts,20,27/12/2024,45,Yes,Yes
108535,28252,Beans,20,20/02/2025,30,No,Yes
99019,28257,Groundnuts,20,17/01/2025,65,No,Yes
108534,28271,Beans,20,07/02/2025,20,No,Yes
108361,28272,Beans,20,21/02/2025,30,No,Yes
102616,28273,Beans,20,06/02/2025,35,No,Yes
102776,28274,Beans,20,05/02/2025,30,No,Yes
102268,28275,Beans,20,10/02/2025,30,No,Yes
86508,28277,Groundnuts,20,26/12/2024,35,No,Yes
88081,25850,Groundnuts,20,21/12/2024,45,Yes,Yes
97505,2586,Soybean,50,11/12/2024,50,Yes,Yes
88045,25863,Soybean,25,22/12/2024,15,Yes,Yes
88047,25864,Soybean,25,06/01/2025,15,Yes,Yes
89461,25866,Soybean,25,02/01/2025,40,No,Yes
89435,25875,Soybean,50,02/01/2025,40,No,Yes
97429,25890,Soybean,25,28/12/2024,50,Yes,Yes
82687,25902,Groundnuts,20,23/12/2024,50,No,Yes
82666,25904,Groundnuts,20,20/12/2024,50,No,Yes
84293,25906,Groundnuts,20,27/12/2024,50,No,Yes
85321,25908,Groundnuts,60,29/12/2024,50,No,Yes
83460,25912,Groundnuts,20,18/12/2024,50,No,Yes
82942,25926,Groundnuts,20,31/12/2024,50,No,Yes
93366,2593,Soybean,25,14/12/2024,55,Yes,Yes
96810,25934,Groundnuts,20,20/11/2024,15,No,Yes
96804,25934,Soybean,25,02/01/2025,50,Yes,Yes
86049,25940,Groundnuts,20,24/12/2024,45,Yes,Yes
86036,25942,Soybean,25,26/12/2024,45,Yes,Yes
86052,25945,Soybean,25,31/12/2024,45,Yes,Yes
85459,25946,Groundnuts,20,03/01/2025,50,Yes,Yes
103435,25951,Beans,20,03/02/2025,70,No,Yes
87012,28291,Groundnuts,20,20/12/2024,50,No,Yes
102578,28292,Beans,20,02/02/2025,10,No,Yes
94377,28301,Soybean,25,28/12/2024,40,No,Yes
97371,28304,Soybean,25,02/01/2025,50,No,Yes
84892,28310,Soybean,25,10/12/2024,45,No,Yes
84887,28314,Groundnuts,20,27/11/2024,45,No,Yes
84872,28315,Groundnuts,20,29/11/2024,45,No,Yes
88516,28339,Soybean,50,28/11/2024,45,Yes,Yes
82915,2834,Soybean,25,27/12/2024,50,Yes,Yes
110679,28345,Beans,20,06/03/2025,50,No,Yes
109352,28352,Beans,20,21/02/2025,50,No,Yes
103589,25952,Beans,20,08/02/2025,75,No,Yes
103434,25954,Beans,40,07/02/2025,90,No,Yes
103403,25956,Beans,20,05/02/2025,50,No,Yes
99206,25957,Soybean,25,16/12/2024,50,Yes,Yes
100680,25958,Soybean,25,14/12/2024,50,Yes,Yes
91902,25965,Groundnuts,20,01/12/2024,20,Yes,Yes
86402,25973,Soybean,25,26/12/2024,45,Yes,Yes
96317,25979,Groundnuts,20,07/11/2024,15,No,Yes
101234,2598,Soybean,25,10/12/2024,50,Yes,Yes
90995,25980,Soybean,25,18/12/2024,50,Yes,Yes
96817,25986,Soybean,25,27/12/2024,45,Yes,Yes
105380,28353,Beans,20,20/02/2025,50,No,Yes
113228,28357,Beans,20,27/02/2025,70,No,Yes
78774,28366,Groundnuts,20,09/12/2024,45,No,Yes
79430,2837,Soybean,50,10/12/2024,50,Yes,Yes
83207,28376,Groundnuts,20,24/12/2024,5,No,Yes
84906,28381,Groundnuts,20,25/12/2024,5,Yes,Yes
86501,28386,Soybean,25,25/12/2024,45,Yes,Yes
86492,28387,Soybean,25,25/12/2024,50,Yes,Yes
86616,28393,Groundnuts,20,16/12/2024,30,No,Yes
79427,2840,Soybean,50,18/12/2024,50,Yes,Yes
100309,28416,Soybean,25,07/12/2024,45,Yes,Yes
96808,25998,Groundnuts,20,20/11/2024,15,No,Yes
117918,26001,Beans,20,05/03/2025,5,No,No
113725,26003,Beans,20,05/03/2025,5,No,No
111978,26004,Beans,20,03/03/2025,2,No,No
104836,26006,Beans,20,20/01/2025,15,No,Yes
95894,26009,Soybean,25,20/12/2024,45,Yes,Yes
105796,26013,Beans,20,22/01/2025,10,No,Yes
95155,26030,Groundnuts,20,08/11/2024,20,No,Yes
98241,26040,Soybean,25,30/12/2024,45,Yes,Yes
102565,26041,Beans,20,04/02/2025,60,No,Yes
90998,26042,Soybean,25,20/12/2024,50,Yes,Yes
99969,28417,Soybean,25,18/12/2024,45,Yes,Yes
111404,28421,Beans,60,19/02/2025,60,No,Yes
90786,28423,Soybean,25,29/12/2024,50,Yes,Yes
112461,28425,Beans,20,20/02/2025,50,Yes,No
86481,28445,Soybean,25,26/12/2024,30,No,Yes
87478,28452,Soybean,25,20/12/2024,45,No,Yes
97876,26043,Soybean,25,14/12/2024,45,Yes,Yes
106855,26051,Beans,20,22/02/2025,50,No,Yes
103865,26055,Beans,20,18/02/2025,50,Yes,Yes
96683,2606,Soybean,50,09/12/2024,60,Yes,Yes
94941,26060,Soybean,25,03/01/2025,50,Yes,Yes
100668,26063,Soybean,25,14/12/2024,50,Yes,Yes
119381,26066,Beans,20,17/02/2025,60,No,Yes
101716,26083,Beans,20,01/02/2025,15,No,Yes
97439,26084,Soybean,25,10/12/2024,45,Yes,Yes
89442,26085,Soybean,25,03/01/2025,45,No,Yes
81253,28464,Soybean,25,17/12/2024,30,Yes,Yes
83564,28468,Soybean,25,16/12/2024,45,No,Yes
78993,28472,Groundnuts,20,20/11/2024,45,No,Yes
106110,28474,Beans,20,20/02/2025,15,No,Yes
108196,28476,Beans,60,08/02/2025,60,No,Yes
82912,2848,Soybean,50,28/12/2024,50,Yes,Yes
99313,28480,Soybean,25,21/12/2024,45,Yes,Yes
92075,28483,Soybean,25,26/12/2024,45,Yes,Yes
97765,28502,Soybean,25,20/12/2024,45,Yes,Yes
89231,28505,Groundnuts,20,18/11/2024,45,Yes,Yes
84867,28506,Soybean,25,02/01/2025,45,No,Yes
80295,28507,Groundnuts,20,08/12/2024,45,No,Yes
80296,28509,Groundnuts,20,25/11/2024,45,Yes,Yes
80298,28511,Soybean,50,20/12/2024,45,Yes,Yes
96785,28518,Soybean,25,20/12/2024,60,Yes,Yes
96790,28520,Soybean,25,16/12/2024,60,No,Yes
93300,2853,Soybean,100,10/01/2025,50,Yes,Yes
83554,28530,Soybean,25,05/01/2025,45,No,Yes
79714,28532,Groundnuts,20,10/11/2024,45,No,Yes
81345,28536,Groundnuts,20,28/11/2024,45,No,Yes
82170,28537,Groundnuts,20,28/11/2024,45,No,Yes
108528,28538,Beans,40,19/02/2025,20,No,Yes
94935,26088,Groundnuts,20,12/11/2024,20,No,Yes
95157,26102,Groundnuts,20,12/11/2024,20,No,Yes
103055,26109,Beans,20,02/02/2025,50,No,Yes
103054,26110,Beans,20,05/02/2025,65,No,Yes
96063,26117,Soybean,25,03/01/2025,45,Yes,Yes
117545,26120,Beans,20,12/03/2025,75,No,Yes
117541,26124,Beans,20,05/03/2025,75,No,No
119302,26126,Beans,20,11/03/2025,90,No,Yes
119301,26127,Beans,40,11/03/2025,50,No,Yes
119296,26143,Beans,40,10/03/2025,50,No,Yes
118327,26147,Beans,20,06/03/2025,90,No,No
119455,26153,Beans,20,11/03/2025,90,No,Yes
86416,26159,Groundnuts,60,01/01/2025,50,No,Yes
114118,26160,Beans,20,28/02/2025,90,No,No
85726,26163,Groundnuts,20,18/12/2024,50,No,Yes
82916,26170,Groundnuts,20,01/12/2024,50,No,Yes
82954,26172,Groundnuts,20,01/12/2024,50,No,Yes
84287,26180,Groundnuts,20,17/12/2024,50,No,Yes
94979,26196,Groundnuts,20,01/01/2025,50,No,Yes
94982,26199,Groundnuts,20,01/01/2025,50,No,Yes
94986,26203,Groundnuts,20,04/01/2025,50,No,Yes
94987,26204,Groundnuts,20,03/01/2025,50,No,Yes
85101,26209,Groundnuts,20,05/01/2025,50,No,Yes
85095,26212,Groundnuts,20,10/12/2024,50,No,Yes
81663,26223,Groundnuts,20,03/12/2024,50,No,Yes
85104,26225,Groundnuts,20,08/01/2025,50,No,Yes
84027,26226,Groundnuts,20,13/12/2024,50,No,Yes
100670,26231,Soybean,25,18/12/2024,50,Yes,Yes
91893,26235,Soybean,50,14/12/2024,50,Yes,Yes
100685,26241,Groundnuts,20,14/12/2024,20,Yes,Yes
96771,28539,Soybean,25,01/01/2025,15,Yes,Yes
96788,28541,Soybean,25,03/01/2025,60,Yes,Yes
102886,28550,Beans,20,27/01/2025,60,Yes,Yes
109794,28551,Beans,20,01/02/2025,60,No,Yes
102288,28554,Beans,20,06/02/2025,10,No,Yes
102681,28558,Beans,20,03/02/2025,10,No,Yes
100228,2856,Soybean,50,24/11/2024,50,Yes,Yes
98545,28561,Soybean,25,01/01/2025,65,Yes,Yes
97941,28563,Soybean,25,01/01/2025,60,Yes,Yes
94515,28569,Soybean,50,17/12/2024,40,Yes,Yes
85669,28572,Groundnuts,20,10/11/2024,45,No,Yes
85671,28572,Soybean,25,29/12/2024,45,No,Yes
87475,28577,Soybean,25,15/12/2024,45,No,Yes
84870,28582,Groundnuts,20,27/11/2024,45,No,Yes
100320,28599,Groundnuts,20,08/11/2024,20,Yes,Yes
98721,28601,Soybean,25,18/12/2024,50,Yes,Yes
87380,27840,Groundnuts,20,02/01/2025,50,No,Yes
90951,27851,Soybean,50,21/12/2024,50,Yes,Yes
99083,27852,Soybean,50,02/01/2025,50,Yes,Yes
92819,27854,Soybean,25,21/12/2024,45,Yes,Yes
99737,27856,Soybean,25,18/12/2024,50,Yes,Yes
101641,27859,Beans,20,05/02/2025,15,Yes,Yes
99718,27865,Soybean,25,03/01/2025,45,Yes,Yes
102227,2788,Beans,20,08/02/2025,60,No,Yes
83215,27886,Groundnuts,20,10/12/2024,10,Yes,Yes
83959,27887,Soybean,25,14/11/2024,5,Yes,Yes
84120,27890,Groundnuts,20,08/11/2024,10,Yes,Yes
84328,27894,Groundnuts,20,17/12/2024,35,No,Yes
78456,27900,Groundnuts,20,26/12/2024,35,No,Yes
99728,27907,Soybean,25,19/12/2024,45,Yes,Yes
81794,27908,Groundnuts,20,14/11/2024,10,Yes,Yes
88324,27909,Groundnuts,20,14/12/2024,10,Yes,Yes
88355,27909,Soybean,25,23/12/2024,5,Yes,Yes
94382,30128,Soybean,25,11/12/2024,40,No,Yes
91064,30133,Beans,25,20/12/2024,50,Yes,Yes
104871,30138,Beans,20,10/02/2025,30,No,Yes
89556,30139,Groundnuts,20,03/01/2025,50,Yes,Yes
87010,30140,Groundnuts,20,02/01/2025,50,No,Yes
102392,30147,Beans,20,07/02/2025,11,No,Yes
111696,30154,Beans,20,05/02/2025,13,No,No
111693,30158,Beans,20,06/02/2025,13,No,No
102197,30160,Beans,20,10/02/2025,12,No,Yes
104914,30161,Beans,40,28/02/2025,15,No,Yes
102194,30162,Beans,20,07/02/2025,13,No,Yes
111691,30164,Beans,20,08/02/2025,15,No,No
103195,30174,Beans,20,05/02/2025,60,No,Yes
102211,30191,Beans,20,05/02/2025,8,No,Yes
101918,30195,Beans,20,08/02/2025,8,No,Yes
102208,30196,Beans,20,05/02/2025,8,No,Yes
82826,30197,Soybean,25,13/12/2024,50,No,Yes
82829,30198,Soybean,25,16/12/2024,50,No,Yes
96210,30201,Soybean,25,28/12/2024,50,No,Yes
82827,30203,Soybean,25,12/12/2024,50,No,Yes
96162,30206,Soybean,25,22/12/2024,50,No,Yes
99449,30209,Soybean,25,14/12/2024,40,Yes,Yes
104913,30221,Beans,20,01/02/2025,10,No,Yes
101816,30227,Beans,20,10/02/2025,60,No,Yes
94079,3023,Soybean,50,04/01/2025,60,Yes,Yes
90574,30231,Soybean,25,02/01/2025,45,No,Yes
90575,30237,Soybean,25,30/12/2024,45,No,Yes
119697,30245,Beans,20,12/02/2025,60,Yes,Yes
119700,30246,Beans,20,11/02/2025,60,No,Yes
119698,30247,Beans,20,17/02/2025,60,No,Yes
96224,3026,Soybean,25,25/12/2024,50,Yes,Yes
115877,30261,Beans,20,10/02/2025,90,Yes,Yes
103629,30266,Beans,20,01/02/2025,60,No,Yes
103658,30267,Beans,20,05/02/2025,60,No,Yes
105606,30274,Beans,20,03/02/2025,60,No,Yes
102078,30278,Beans,20,03/02/2025,47,No,Yes
102419,30281,Beans,20,17/02/2025,10,No,Yes
104378,30283,Beans,20,08/02/2025,60,No,Yes
104411,30284,Beans,40,06/02/2025,60,No,Yes
104418,30288,Beans,40,07/02/2025,60,No,Yes
104788,30292,Beans,40,02/02/2025,40,No,Yes
83230,30292,Groundnuts,40,27/12/2024,75,No,Yes
109644,30293,Beans,20,09/02/2025,40,No,Yes
105683,30299,Beans,40,08/02/2025,75,No,Yes
106195,30302,Beans,40,05/02/2025,75,No,Yes
104380,30303,Beans,20,02/02/2025,58,No,Yes
104388,30306,Beans,20,05/02/2025,60,No,Yes
94453,27910,Groundnuts,20,14/11/2024,10,Yes,Yes
100160,27919,Soybean,25,17/12/2024,50,Yes,Yes
92792,27921,Soybean,25,03/01/2025,50,Yes,Yes
102980,27924,Beans,20,06/02/2025,12,No,Yes
82413,27935,Groundnuts,20,22/11/2024,10,Yes,Yes
84636,27938,Groundnuts,20,25/12/2024,30,No,Yes
84633,27938,Soybean,25,28/12/2024,45,Yes,Yes
84622,27941,Soybean,50,24/12/2024,45,Yes,Yes
104188,27952,Beans,20,02/02/2025,58,No,Yes
102929,27953,Beans,20,03/02/2025,50,Yes,Yes
104279,27956,Beans,20,05/02/2025,58,No,Yes
87811,27959,Groundnuts,20,05/01/2025,50,No,Yes
91361,27965,Groundnuts,20,02/12/2024,45,Yes,Yes
99324,27966,Soybean,25,13/12/2024,45,Yes,Yes
93953,27970,Soybean,28,13/12/2024,45,Yes,Yes
90766,27975,Soybean,25,03/12/2024,45,Yes,Yes
91364,27985,Soybean,50,22/12/2024,45,Yes,Yes
108246,27987,Beans,60,14/02/2025,80,No,Yes
102134,2799,Beans,20,08/02/2025,60,No,Yes
109676,27992,Beans,80,17/02/2025,60,No,Yes
91534,27995,Soybean,25,04/01/2025,45,Yes,Yes
84900,27997,Soybean,25,24/12/2024,5,Yes,Yes
112188,2800,Beans,20,03/03/2025,10,No,Yes
98530,28010,Soybean,25,29/12/2024,60,Yes,Yes
98532,28013,Soybean,25,29/12/2024,45,Yes,Yes
83617,28019,Soybean,25,27/12/2024,50,Yes,Yes
77826,2802,Soybean,50,11/12/2024,50,Yes,Yes
84527,28023,Soybean,25,27/12/2024,5,Yes,Yes
103782,28027,Beans,20,05/02/2025,47,No,No
103773,28028,Beans,20,04/02/2025,40,No,No
77922,2804,Soybean,25,12/12/2024,50,Yes,Yes
102075,30311,Beans,20,03/02/2025,70,No,Yes
84752,30314,Groundnuts,20,01/01/2025,50,No,Yes
87904,30321,Groundnuts,20,02/01/2025,50,No,Yes
102690,30330,Beans,60,01/02/2025,10,No,Yes
102964,30331,Beans,20,01/02/2025,60,No,Yes
102624,30337,Beans,20,05/02/2025,75,No,No
104047,30338,Beans,20,02/02/2025,55,No,Yes
102625,30339,Beans,20,09/02/2025,65,No,Yes
101925,30342,Beans,20,06/02/2025,55,No,Yes
103047,30345,Beans,20,12/02/2025,62,No,Yes
104040,30347,Beans,20,04/02/2025,50,No,No
96265,3035,Maize,10,10/12/2024,75,No,Yes
98536,28040,Soybean,25,30/12/2024,60,Yes,Yes
98537,28041,Soybean,25,30/12/2024,65,Yes,Yes
98538,28042,Soybean,25,29/12/2024,60,Yes,Yes
83202,28045,Groundnuts,20,19/12/2024,10,No,Yes
88979,28047,Soybean,20,18/12/2024,45,No,Yes
82603,28053,Groundnuts,20,14/12/2024,5,No,Yes
84922,28055,Soybean,25,28/11/2024,10,No,Yes
103186,28059,Beans,20,02/02/2025,60,No,Yes
103275,28067,Beans,20,02/02/2025,60,No,Yes
91421,28069,Groundnuts,20,01/01/2025,45,No,Yes
98539,28074,Soybean,25,31/12/2024,60,Yes,Yes
99947,30356,Soybean,25,13/11/2024,45,Yes,Yes
118802,30359,Beans,20,25/02/2025,10,No,Yes
104881,30360,Beans,20,15/02/2025,10,No,Yes
82174,30366,Soybean,25,18/12/2024,45,No,Yes
82961,30369,Soybean,25,01/01/2025,45,No,Yes
81605,30371,Soybean,25,17/12/2024,45,No,Yes
79334,30373,Groundnuts,20,14/11/2024,45,Yes,Yes
102021,30376,Beans,20,13/02/2025,75,Yes,Yes
99785,30383,Soybean,25,15/12/2024,2,No,Yes
100482,30407,Groundnuts,20,06/12/2024,50,No,Yes
100483,30407,Soybean,25,26/12/2024,50,No,Yes
109845,30427,Beans,20,14/01/2025,60,No,Yes
89001,28079,Soybean,25,20/12/2024,45,No,Yes
77916,2808,Soybean,50,15/12/2024,50,Yes,Yes
84917,28083,Groundnuts,20,12/12/2024,10,No,Yes
84914,28083,Soybean,25,23/12/2024,10,No,Yes
88320,28089,Groundnuts,20,12/11/2024,5,Yes,Yes
85012,28090,Groundnuts,20,20/11/2024,10,Yes,Yes
82440,28102,Soybean,25,15/12/2024,10,No,Yes
103284,28107,Beans,20,02/02/2025,60,No,Yes
85817,28110,Soybean,25,31/12/2024,60,Yes,Yes
82444,28113,Groundnuts,20,13/12/2024,5,No,Yes
82443,28113,Soybean,25,13/12/2024,10,No,Yes
82447,28119,Soybean,25,12/12/2024,10,Yes,Yes
103694,28128,Beans,20,04/02/2025,60,No,Yes
84919,28133,Soybean,25,23/12/2024,20,No,Yes
95703,28134,Soybean,25,04/01/2025,45,Yes,Yes
91431,28135,Groundnuts,20,01/01/2025,45,No,Yes
84921,28136,Soybean,25,18/12/2024,10,No,Yes
94450,28147,Soybean,50,17/12/2024,5,Yes,Yes
106952,28148,Beans,20,25/03/2025,8,No,Yes
97358,28157,Groundnuts,20,05/01/2025,35,No,Yes
97361,28159,Soybean,25,27/12/2024,50,No,Yes
89032,28160,Soybean,25,28/12/2024,45,Yes,Yes
88980,28167,Groundnuts,20,10/12/2024,30,No,Yes
88996,28171,Groundnuts,20,13/12/2024,30,No,Yes
114541,28180,Beans,60,11/02/2025,80,Yes,Yes
91435,28183,Groundnuts,20,02/01/2025,45,No,Yes
106574,28189,Beans,20,06/02/2025,70,No,Yes
106539,28195,Beans,20,06/02/2025,70,No,Yes
106569,28198,Beans,20,04/02/2025,70,No,Yes
109921,30430,Beans,20,13/01/2025,60,Yes,Yes
107493,30431,Beans,20,14/01/2025,70,No,Yes
109862,30437,Beans,20,12/01/2025,60,No,Yes
109922,30440,Beans,20,12/01/2025,60,No,Yes
109866,30444,Beans,20,11/01/2025,60,Yes,Yes
113361,30447,Beans,20,13/02/2025,100,Yes,Yes
113367,30449,Beans,20,12/02/2025,100,Yes,Yes
98940,3045,Soybean,25,12/12/2024,50,Yes,Yes
113368,30450,Beans,20,11/03/2025,100,Yes,Yes
113370,30454,Beans,20,10/02/2025,60,Yes,Yes
113373,30457,Beans,28,01/03/2025,100,Yes,Yes
113372,30459,Beans,20,10/02/2025,100,Yes,Yes
113329,30460,Beans,20,15/02/2025,100,Yes,Yes
113327,30464,Beans,20,11/02/2025,100,Yes,Yes
112491,30467,Beans,20,12/02/2025,60,Yes,Yes
112493,30468,Beans,20,12/02/2025,60,Yes,Yes
85923,30514,Groundnuts,20,05/12/2024,50,No,Yes
87908,30515,Groundnuts,20,01/01/2025,50,No,Yes
80832,30517,Groundnuts,40,07/12/2024,50,No,Yes
81547,30518,Groundnuts,40,11/12/2024,50,No,Yes
93832,30521,Groundnuts,20,01/01/2025,50,No,Yes
83664,30528,Groundnuts,20,10/12/2024,50,No,Yes
93738,30530,Groundnuts,20,03/01/2025,50,No,Yes
106546,28200,Beans,20,08/02/2025,70,No,Yes
106565,28204,Beans,20,05/02/2025,70,No,Yes
83203,28207,Groundnuts,20,24/12/2024,5,No,Yes
118192,28209,Beans,20,08/03/2025,50,No,Yes
112257,28218,Beans,20,03/03/2025,50,No,Yes
116778,28219,Beans,20,08/03/2025,50,No,Yes
95702,28220,Soybean,25,04/01/2025,45,Yes,Yes
91442,28226,Groundnuts,20,05/01/2025,45,No,Yes
114467,28228,Beans,20,26/02/2025,60,No,Yes
91447,28231,Groundnuts,20,23/12/2024,45,No,Yes
91448,28235,Groundnuts,20,05/01/2025,45,No,Yes
108536,28239,Beans,20,14/02/2025,20,No,Yes
91927,28242,Groundnuts,20,29/12/2024,45,No,Yes
90142,30541,Soybean,25,19/12/2024,40,No,Yes
91657,30543,Soybean,25,02/01/2025,45,No,Yes
84755,30546,Soybean,25,20/01/2025,45,No,Yes
87667,30552,Groundnuts,20,20/11/2024,10,No,Yes
99114,30556,Soybean,25,26/12/2024,50,No,Yes
95118,30575,Groundnuts,20,20/12/2024,50,No,Yes
101917,30589,Beans,20,01/02/2025,8,Yes,Yes
103199,30591,Beans,20,08/02/2025,10,No,Yes
103228,30600,Beans,40,02/02/2025,10,No,Yes
91394,30613,Beans,140,03/01/2025,15,No,Yes
100588,30623,Beans,100,25/01/2025,15,Yes,Yes
91923,28244,Groundnuts,20,27/12/2024,45,No,Yes
104255,2825,Beans,40,02/02/2025,50,No,Yes
112639,28256,Beans,20,10/03/2025,50,No,Yes
104214,2826,Beans,20,02/02/2025,60,No,Yes
81218,28260,Groundnuts,20,19/12/2024,70,No,Yes
94188,28264,Soybean,25,08/01/2025,70,Yes,Yes
98299,28268,Soybean,25,23/01/2025,65,Yes,Yes
98295,28270,Groundnuts,20,22/01/2025,70,No,Yes
96675,2829,Soybean,50,28/12/2024,60,Yes,Yes
102996,28296,Beans,20,03/02/2025,10,Yes,Yes
81796,28307,Soybean,50,25/12/2024,5,Yes,Yes
100600,30631,Beans,40,25/01/2025,15,Yes,Yes
100603,30638,Beans,20,18/02/2025,15,Yes,Yes
93749,30641,Beans,100,05/01/2025,15,No,Yes
83901,3065,Soybean,1,25/12/2024,50,Yes,Yes
93340,30692,Soybean,25,28/11/2024,45,Yes,Yes
111967,30694,Beans,20,01/03/2025,10,No,Yes
94397,30700,Soybean,25,21/12/2024,50,No,Yes
99115,30701,Soybean,25,10/01/2025,50,No,Yes
99106,30707,Soybean,25,05/11/2024,50,No,Yes
95329,30713,Soybean,25,13/12/2024,50,No,Yes
106541,30721,Beans,20,06/02/2025,70,No,Yes
105449,30729,Beans,20,03/02/2025,80,No,No
103595,30737,Beans,20,03/02/2025,60,No,Yes
109027,30739,Beans,20,25/02/2025,50,Yes,Yes
89567,3074,Soybean,21,20/12/2024,50,Yes,Yes
102962,30745,Beans,20,01/02/2025,60,No,Yes
108493,30748,Beans,20,06/02/2025,40,No,Yes
81625,30752,Soybean,25,11/11/2024,45,No,Yes
113626,30758,Beans,20,15/02/2025,60,No,Yes
85198,30760,Groundnuts,20,12/11/2024,45,No,Yes
108269,30776,Beans,20,07/02/2025,10,Yes,Yes
87803,28309,Groundnuts,20,12/11/2024,10,Yes,Yes
87788,28309,Soybean,25,08/12/2024,5,Yes,Yes
80292,28312,Groundnuts,20,14/11/2024,45,No,Yes
84876,28318,Groundnuts,20,09/12/2024,45,No,Yes
79429,2832,Soybean,50,10/12/2024,50,Yes,Yes
83421,28324,Soybean,50,22/12/2024,45,No,Yes
83435,28329,Soybean,25,02/01/2025,45,No,Yes
78863,28331,Groundnuts,20,10/12/2024,45,No,Yes
83434,28335,Soybean,25,29/12/2024,45,No,Yes
83433,28341,Soybean,25,28/12/2024,45,No,Yes
119104,28348,Beans,20,01/03/2025,50,Yes,Yes
119103,28359,Beans,20,01/03/2025,80,No,Yes
111416,28361,Beans,20,24/02/2025,70,No,Yes
84918,28363,Soybean,25,02/01/2025,10,No,Yes
82442,28364,Soybean,25,16/12/2024,10,No,Yes
82446,28365,Soybean,25,16/12/2024,10,No,Yes
97363,28373,Soybean,25,28/12/2024,45,No,Yes
89011,28375,Soybean,25,26/12/2024,45,No,Yes
97372,28378,Soybean,25,25/12/2024,45,No,Yes
100233,2838,Soybean,50,11/12/2024,50,Yes,Yes
88988,28390,Groundnuts,20,19/12/2024,30,No,Yes
115229,28391,Beans,60,03/03/2025,50,No,Yes
89715,28392,Groundnuts,20,03/01/2025,50,No,Yes
85430,3078,Soybean,50,03/01/2025,50,Yes,Yes
111130,30786,Beans,28,24/02/2025,60,Yes,Yes
111156,30788,Beans,20,15/02/2025,60,Yes,Yes
108155,30793,Beans,20,10/02/2025,8,Yes,Yes
109810,30798,Beans,20,25/02/2025,60,Yes,Yes
108186,30804,Beans,20,20/02/2025,10,Yes,Yes
108193,30806,Beans,20,10/02/2025,10,Yes,Yes
108260,30816,Beans,20,09/02/2025,10,Yes,Yes
109807,30820,Beans,20,17/02/2025,70,Yes,Yes
108194,30822,Beans,20,10/02/2025,10,Yes,Yes
108190,30823,Beans,20,10/02/2025,10,Yes,Yes
103061,30834,Beans,40,08/02/2025,19,No,Yes
88984,28404,Soybean,25,25/12/2024,45,No,Yes
100314,28415,Soybean,25,20/12/2024,45,Yes,Yes
112792,28419,Beans,40,24/02/2025,50,No,Yes
100230,2842,Soybean,75,10/01/2025,50,Yes,Yes
84909,28432,Groundnuts,20,13/12/2024,10,No,Yes
100098,28438,Soybean,25,19/12/2024,45,Yes,Yes
98997,28444,Soybean,25,11/12/2024,50,Yes,Yes
79771,28456,Soybean,25,18/12/2024,45,Yes,Yes
108197,28466,Beans,20,15/02/2025,60,No,Yes
84863,28469,Soybean,25,10/12/2024,45,No,Yes
107328,30836,Beans,20,05/02/2025,75,No,Yes
101657,30837,Beans,40,07/02/2025,10,No,Yes
103134,30838,Beans,20,09/02/2025,75,No,Yes
103135,30839,Beans,20,07/02/2025,75,No,Yes
99422,3084,Maize,10,19/12/2024,85,No,Yes
96269,3084,Soybean,25,11/12/2024,50,Yes,Yes
103136,30840,Beans,20,05/02/2025,75,No,Yes
103137,30841,Beans,20,07/02/2025,75,No,Yes
110509,30843,Beans,40,18/02/2025,60,No,Yes
105176,30846,Beans,20,26/02/2025,10,No,Yes
79143,2847,Soybean,50,27/11/2024,50,Yes,Yes
86504,28477,Soybean,25,19/12/2024,35,Yes,Yes
108189,28478,Beans,20,10/02/2025,60,No,Yes
92074,28483,Groundnuts,20,22/11/2024,4,Yes,Yes
99973,28484,Soybean,25,19/12/2024,45,Yes,Yes
99970,28485,Soybean,25,17/12/2024,45,Yes,Yes
99311,28490,Soybean,25,14/11/2024,45,Yes,Yes
80427,28515,Groundnuts,20,28/11/2024,45,Yes,Yes
83829,28517,Soybean,25,09/12/2024,10,Yes,Yes
88841,2852,Soybean,100,11/12/2024,50,Yes,Yes
79648,28522,Soybean,25,21/12/2024,45,Yes,Yes
86698,28525,Groundnuts,20,16/11/2024,45,No,Yes
89225,28527,Soybean,25,10/12/2024,45,Yes,Yes
85673,28528,Soybean,25,05/12/2024,45,No,Yes
83428,28529,Groundnuts,20,28/11/2024,45,No,Yes
83429,28529,Soybean,25,15/12/2024,45,No,Yes
83557,28530,Groundnuts,20,10/12/2024,45,No,Yes
81343,28536,Soybean,25,14/12/2024,45,No,Yes
96789,28540,Soybean,25,08/01/2025,60,Yes,No
96768,28542,Soybean,25,27/12/2024,15,Yes,Yes
96787,28543,Soybean,25,07/01/2025,60,Yes,Yes
109763,28546,Beans,60,19/02/2025,60,No,Yes
98353,30853,Soybean,25,01/01/2025,12,No,Yes
98358,30856,Soybean,25,28/12/2024,45,No,Yes
98360,30859,Soybean,25,02/01/2025,45,No,Yes
98363,30864,Soybean,25,04/01/2025,30,No,Yes
98327,30869,Soybean,25,18/12/2024,40,No,Yes
98341,30873,Soybean,25,12/12/2024,35,No,Yes
111155,30878,Beans,20,20/02/2025,100,Yes,Yes
84611,30885,Soybean,50,26/11/2024,45,Yes,Yes
97567,30886,Soybean,25,03/01/2025,45,No,Yes
97543,30887,Soybean,25,03/01/2025,50,No,Yes
104339,30889,Beans,20,03/02/2025,10,Yes,Yes
96922,3089,Maize,10,11/12/2024,75,No,Yes
92182,30898,Groundnuts,60,30/12/2024,3,No,Yes
96362,3090,Maize,10,12/12/2024,80,No,Yes
117749,30905,Beans,40,20/02/2025,60,No,Yes
117744,30906,Beans,40,26/02/2025,60,No,Yes
117747,30909,Beans,20,19/02/2025,60,No,Yes
117755,30915,Beans,40,24/02/2025,60,No,Yes
115389,30921,Beans,60,16/02/2025,80,Yes,Yes
108651,30924,Beans,60,17/02/2025,60,Yes,Yes
95617,30933,Soybean,25,02/01/2025,40,No,Yes
95584,3094,Soybean,25,09/12/2024,70,Yes,Yes
95622,30942,Soybean,25,24/12/2024,40,No,Yes
108341,28548,Beans,20,01/03/2025,60,No,Yes
102820,28549,Beans,20,05/02/2025,100,No,Yes
102884,28552,Beans,20,05/02/2025,60,No,Yes
98544,28560,Soybean,50,29/12/2024,65,Yes,Yes
97867,28562,Soybean,25,01/01/2025,60,Yes,Yes
89229,28571,Groundnuts,20,18/11/2024,45,No,Yes
89248,28571,Soybean,25,20/12/2024,45,Yes,Yes
85668,28574,Groundnuts,20,20/11/2024,45,No,Yes
85670,28574,Soybean,25,20/12/2024,45,No,Yes
83562,28576,Soybean,25,29/12/2024,45,No,Yes
84868,28582,Soybean,25,02/01/2025,45,No,Yes
94254,28596,Soybean,50,15/11/2024,45,Yes,Yes
88508,28617,Soybean,25,27/12/2024,45,Yes,Yes
80433,28619,Soybean,25,10/12/2024,45,No,Yes
98521,28625,Soybean,25,30/12/2024,65,Yes,Yes
97863,28628,Soybean,50,01/01/2025,60,Yes,Yes
100234,2863,Soybean,50,15/01/2025,50,Yes,Yes
99068,28632,Soybean,25,26/12/2024,50,Yes,Yes
95151,28634,Soybean,25,30/12/2024,50,Yes,Yes
96295,28636,Soybean,50,22/12/2024,45,Yes,Yes
95609,30943,Soybean,25,11/01/2025,40,Yes,Yes
117168,30968,Beans,20,06/03/2025,10,No,Yes
107208,30973,Beans,120,05/02/2025,10,No,Yes
95599,30985,Soybean,25,20/12/2024,40,No,Yes
106199,30992,Beans,20,06/02/2025,75,No,Yes
105688,30996,Beans,20,07/02/2025,75,No,Yes
109176,31003,Beans,20,05/02/2025,10,No,Yes
101663,31006,Beans,40,07/02/2025,10,No,Yes
108784,31007,Beans,40,05/02/2025,10,No,Yes
107803,31018,Beans,10,10/02/2025,60,No,Yes
92732,31029,Soybean,25,01/12/2024,60,No,Yes
79073,3103,Soybean,50,14/12/2024,45,Yes,Yes
109009,31035,Beans,20,07/02/2025,75,No,Yes
109010,31036,Beans,20,07/02/2025,75,No,No
106277,31049,Beans,20,05/02/2025,75,No,Yes
96244,3105,Maize,10,27/11/2024,90,Yes,Yes
95255,31056,Soybean,25,06/12/2024,43,Yes,Yes
95988,31061,Soybean,25,20/12/2024,40,Yes,Yes
96303,28639,Groundnuts,20,20/12/2024,15,No,Yes
83556,28647,Groundnuts,20,05/12/2024,45,No,Yes
83555,28648,Soybean,25,28/12/2024,45,Yes,Yes
80432,28652,Soybean,50,09/12/2024,45,No,Yes
81339,28661,Soybean,50,17/12/2024,45,No,Yes
79740,28662,Groundnuts,20,25/12/2024,45,No,Yes
98527,28677,Soybean,12,01/01/2025,65,Yes,Yes
98528,28678,Soybean,25,01/01/2025,60,Yes,Yes
95247,28679,Soybean,25,23/12/2024,53,No,Yes
95245,28680,Soybean,25,21/12/2024,55,No,Yes
102130,28695,Beans,20,05/02/2025,60,No,Yes
101817,28701,Beans,40,11/02/2025,60,Yes,Yes
102126,28702,Beans,20,06/02/2025,60,No,Yes
102833,28707,Beans,20,12/02/2025,70,No,Yes
96305,28724,Soybean,25,10/11/2024,45,Yes,Yes
95709,28725,Soybean,25,27/12/2024,25,Yes,Yes
96299,28726,Soybean,50,01/01/2025,45,Yes,Yes
79331,28731,Soybean,25,20/11/2024,50,Yes,Yes
99674,28735,Soybean,25,23/12/2024,45,Yes,Yes
104850,28737,Beans,40,12/02/2025,30,No,Yes
103180,28742,Beans,20,04/02/2025,45,No,Yes
109803,31077,Beans,20,20/02/2025,60,Yes,Yes
96924,3108,Maize,10,11/12/2024,75,No,Yes
108157,31082,Beans,20,15/02/2025,10,Yes,Yes
111131,31089,Beans,20,24/02/2025,100,Yes,Yes
111128,31091,Beans,20,24/02/2025,90,No,Yes
111145,31093,Beans,20,25/02/2025,90,Yes,Yes
111142,31101,Beans,20,12/02/2025,120,No,Yes
115742,31102,Beans,20,04/02/2025,100,Yes,Yes
108153,31114,Beans,20,16/02/2025,10,Yes,Yes
92914,3112,Soybean,50,19/12/2024,60,Yes,Yes
111132,31121,Beans,20,27/02/2025,100,Yes,Yes
92913,3113,Soybean,25,08/01/2025,60,Yes,Yes
115737,31141,Beans,20,24/02/2025,90,Yes,Yes
103227,31159,Beans,40,04/02/2025,10,No,Yes
114225,31166,Beans,20,06/02/2025,13,No,No
108872,31175,Beans,20,05/02/2025,75,No,Yes
114227,31180,Beans,20,12/02/2025,13,No,No
108716,31185,Beans,40,03/02/2025,10,No,Yes
102274,31188,Beans,40,02/02/2025,10,No,Yes
108728,31196,Beans,20,01/02/2025,12,No,Yes
108726,31200,Beans,20,06/02/2025,11,No,Yes
95921,31201,Soybean,25,22/12/2024,27,No,Yes
108730,31204,Beans,20,08/02/2025,12,No,No
118748,31216,Beans,40,06/03/2025,90,No,No
95640,31222,Soybean,25,03/01/2025,50,No,Yes
99103,31224,Soybean,25,05/01/2025,50,No,Yes
94557,28743,Soybean,25,04/01/2025,20,Yes,Yes
94614,28744,Soybean,25,01/01/2025,20,Yes,Yes
110269,28749,Beans,40,15/02/2025,60,No,Yes
101631,28757,Beans,20,12/02/2025,11,No,No
101630,28762,Beans,20,09/02/2025,12,No,No
101640,28765,Beans,20,14/02/2025,12,No,Yes
104278,28768,Beans,20,02/02/2025,45,No,Yes
108431,28791,Beans,20,11/02/2025,12,No,No
102416,28793,Beans,20,04/02/2025,12,No,Yes
104229,28799,Beans,20,03/02/2025,50,No,Yes
104253,28802,Beans,20,03/02/2025,60,No,Yes
104077,28805,Beans,20,05/03/2025,45,No,Yes
104232,2881,Beans,20,03/02/2025,45,No,Yes
102420,28810,Beans,20,15/02/2025,10,No,Yes
110280,28816,Beans,20,15/02/2025,60,No,Yes
110276,28817,Beans,20,17/02/2025,60,No,Yes
102543,28818,Beans,20,15/02/2025,13,No,No
102501,28824,Beans,40,14/02/2025,13,No,No
102502,28825,Beans,40,04/02/2025,12,No,Yes
102500,28826,Beans,20,05/02/2025,14,No,No
105374,28827,Beans,20,14/02/2025,20,No,Yes
103977,28833,Beans,20,04/03/2025,10,No,Yes
110321,28838,Beans,40,18/02/2025,60,No,Yes
83937,31231,Soybean,50,31/12/2024,45,Yes,Yes
106538,31236,Beans,20,04/02/2025,70,No,Yes
95621,31254,Soybean,25,10/01/2025,40,No,Yes
93217,31277,Soybean,25,27/12/2024,40,No,Yes
93213,31278,Soybean,25,27/12/2024,40,No,Yes
93218,31279,Soybean,25,26/12/2024,40,No,Yes
107136,31283,Beans,40,11/02/2025,11,Yes,Yes
112235,31294,Beans,20,08/02/2025,60,No,Yes
119704,31296,Beans,20,18/02/2025,60,No,Yes
107134,31297,Beans,40,11/02/2025,12,Yes,Yes
110294,31303,Beans,20,22/02/2025,60,No,Yes
114538,31305,Beans,60,12/02/2025,80,Yes,Yes
108858,31307,Beans,40,13/02/2025,45,No,Yes
117757,31310,Beans,40,26/02/2025,60,No,Yes
105394,31313,Beans,20,04/02/2025,10,No,Yes
105368,31314,Beans,20,07/02/2025,10,No,Yes
117754,31318,Beans,20,27/02/2025,60,No,Yes
109830,31334,Beans,20,06/02/2025,3,Yes,Yes
109831,31335,Beans,20,06/01/2025,3,Yes,Yes
109926,31345,Beans,20,13/01/2025,60,Yes,Yes
109938,31355,Beans,20,14/01/2025,60,No,Yes
109939,31356,Beans,20,14/01/2025,60,No,Yes
101775,2884,Beans,20,05/02/2025,15,Yes,Yes
104693,2885,Beans,40,06/03/2025,15,Yes,Yes
95682,28855,Soybean,25,11/01/2025,50,Yes,Yes
95452,28856,Soybean,25,05/01/2025,60,Yes,Yes
95459,28858,Soybean,25,09/01/2025,50,Yes,Yes
95674,28861,Groundnuts,20,11/01/2025,50,Yes,Yes
95448,28866,Soybean,25,05/01/2025,40,Yes,Yes
95466,28868,Soybean,25,05/01/2025,51,Yes,Yes
95464,28871,Soybean,25,02/01/2025,51,Yes,Yes
95683,28872,Soybean,50,08/01/2025,54,Yes,Yes
95479,28874,Soybean,50,17/01/2025,50,Yes,Yes
112486,31358,Beans,20,11/02/2025,60,Yes,Yes
109942,31365,Beans,20,13/01/2025,60,No,Yes
109284,31385,Beans,20,05/02/2025,14,No,No
101466,31402,Groundnuts,20,15/01/2025,60,No,Yes
99572,31404,Soybean,50,27/12/2024,2,No,Yes
100498,31414,Groundnuts,20,10/01/2025,50,No,Yes
100503,31415,Groundnuts,20,06/01/2025,50,No,Yes
83985,31424,Groundnuts,20,31/12/2024,50,No,Yes
84029,31425,Groundnuts,20,10/12/2024,50,No,Yes
85758,31427,Groundnuts,20,10/12/2024,50,No,Yes
99570,31437,Groundnuts,20,15/12/2024,5,No,Yes
94997,31440,Groundnuts,20,01/01/2025,50,No,Yes
95047,31449,Groundnuts,20,01/01/2025,50,No,Yes
89709,31460,Groundnuts,20,12/12/2024,45,No,Yes
83112,31462,Soybean,50,02/01/2025,45,No,Yes
121121,31466,Beans,20,08/02/2025,60,Yes,Yes
128948,31467,Beans,20,15/02/2025,60,Yes,Yes
128949,31470,Beans,20,13/02/2025,60,Yes,Yes
127368,31473,Beans,20,10/02/2025,60,Yes,Yes
128950,31477,Beans,20,05/02/2025,60,Yes,Yes
95475,28875,Groundnuts,20,11/01/2025,58,Yes,Yes
95461,28877,Soybean,25,09/01/2025,50,Yes,Yes
95669,28878,Soybean,25,17/01/2025,50,Yes,Yes
95663,28881,Soybean,50,11/01/2025,52,Yes,Yes
95685,28884,Groundnuts,20,04/01/2025,50,Yes,Yes
95692,28888,Soybean,25,18/01/2025,57,Yes,Yes
95688,28891,Groundnuts,20,10/01/2025,50,Yes,Yes
102802,28893,Beans,20,07/02/2025,75,No,Yes
98510,28904,Soybean,25,01/01/2025,60,Yes,Yes
98507,28905,Soybean,25,01/01/2025,60,Yes,Yes
98506,28906,Soybean,25,01/01/2025,65,Yes,Yes
83831,28908,Soybean,12,09/12/2024,12,Yes,Yes
98508,28913,Soybean,25,01/01/2025,60,Yes,Yes
97865,28916,Soybean,25,01/01/2025,13,Yes,Yes
85812,28917,Soybean,25,31/12/2024,45,Yes,Yes
85811,28919,Soybean,25,31/12/2024,45,Yes,Yes
79477,2892,Soybean,75,10/12/2024,45,Yes,Yes
86180,28921,Soybean,25,01/01/2025,45,Yes,Yes
97944,28922,Soybean,25,02/01/2025,60,Yes,Yes
85818,28924,Soybean,25,30/12/2024,60,Yes,Yes
83650,28933,Soybean,25,25/12/2024,45,Yes,Yes
102573,28938,Beans,20,03/02/2025,60,No,Yes
102574,28939,Beans,20,01/02/2025,60,No,Yes
102575,28942,Beans,20,03/02/2025,60,No,Yes
102576,28943,Beans,20,07/02/2025,60,No,Yes
91208,28949,Soybean,25,07/01/2025,20,Yes,Yes
94612,28950,Groundnuts,40,15/01/2025,20,Yes,Yes
102670,28951,Beans,20,07/02/2025,10,No,Yes
100008,28959,Soybean,25,15/12/2024,50,Yes,Yes
98647,28964,Soybean,25,23/11/2024,45,Yes,Yes
100316,28968,Soybean,25,20/12/2024,45,Yes,Yes
98639,28983,Soybean,25,22/12/2024,45,Yes,Yes
81161,31483,Groundnuts,20,13/12/2024,45,No,Yes
99475,31491,Soybean,25,20/12/2024,45,Yes,Yes
113292,31498,Beans,20,13/02/2025,60,Yes,Yes
100514,31509,Groundnuts,20,13/01/2025,70,No,Yes
101536,31512,Groundnuts,20,16/01/2025,70,No,Yes
100515,31516,Groundnuts,20,11/01/2025,70,No,Yes
100519,31521,Groundnuts,20,10/01/2025,70,No,Yes
113355,31528,Beans,20,01/03/2025,100,Yes,Yes
113360,31533,Beans,20,15/02/2025,100,Yes,Yes
98640,28991,Soybean,50,11/12/2024,45,Yes,Yes
100076,28992,Soybean,25,20/12/2024,45,Yes,Yes
100330,28993,Soybean,25,14/12/2024,45,Yes,Yes
100077,28996,Soybean,25,25/12/2024,45,Yes,Yes
78200,2900,Soybean,25,10/12/2024,45,Yes,Yes
98192,29000,Soybean,50,27/12/2024,45,Yes,Yes
106965,29003,Beans,40,03/02/2025,15,No,Yes
102544,29004,Beans,20,10/02/2025,11,No,Yes
119446,29014,Beans,20,08/03/2025,90,No,Yes
118745,29015,Beans,20,06/03/2025,90,No,Yes
117544,29016,Beans,40,27/02/2025,75,No,Yes
94602,29022,Soybean,25,08/01/2025,40,No,Yes
110522,31540,Soybean,40,18/02/2025,50,No,Yes
93987,31553,Groundnuts,20,01/01/2025,50,No,Yes
100737,31556,Groundnuts,20,07/01/2025,50,No,Yes
100212,31558,Groundnuts,40,20/12/2024,50,No,Yes
85838,31565,Groundnuts,20,10/12/2024,50,No,Yes
84350,31566,Groundnuts,20,12/12/2024,50,No,Yes
112485,31569,Beans,20,18/02/2025,60,Yes,Yes
96621,3157,Soybean,50,05/01/2025,45,No,Yes
112997,31572,Beans,20,10/01/2025,60,Yes,Yes
109764,29032,Beans,20,21/02/2025,60,No,Yes
105792,29035,Beans,20,11/02/2025,10,No,Yes
93852,29037,Soybean,25,24/12/2024,45,Yes,Yes
91587,29039,Soybean,25,27/12/2024,45,Yes,Yes
107620,29042,Beans,20,20/02/2025,15,No,Yes
108198,29047,Beans,20,08/02/2025,60,No,Yes
101564,29060,Groundnuts,20,08/01/2025,70,No,Yes
100102,29062,Groundnuts,20,16/01/2025,60,No,Yes
101556,29064,Groundnuts,20,16/01/2025,60,No,Yes
83014,29074,Soybean,25,02/12/2024,45,No,Yes
99665,29083,Groundnuts,20,10/10/2024,45,Yes,Yes
112480,31574,Beans,20,12/02/2025,60,Yes,Yes
94024,3158,Soybean,25,06/01/2025,45,No,Yes
100200,31592,Groundnuts,20,19/01/2025,50,No,Yes
99885,31594,Groundnuts,20,02/01/2025,50,No,Yes
81763,31603,Groundnuts,20,31/12/2024,50,No,Yes
100375,31616,Beans,20,24/01/2025,15,Yes,Yes
111394,31630,Beans,60,21/02/2025,60,No,Yes
107828,31631,Beans,40,18/02/2025,60,No,Yes
107129,31639,Beans,20,10/02/2025,10,Yes,Yes
101901,31640,Beans,20,01/02/2025,10,No,Yes
116554,31642,Beans,20,16/03/2025,70,No,Yes
107986,31651,Beans,20,13/02/2025,15,No,Yes
107992,31652,Beans,20,08/02/2025,10,No,Yes
117736,31655,Beans,20,26/02/2025,60,No,Yes
108492,31656,Beans,20,08/02/2025,30,No,Yes
99609,3167,Soybean,25,04/12/2024,45,Yes,Yes
99509,31670,Soybean,25,21/12/2024,50,Yes,Yes
102550,31682,Beans,40,05/02/2025,10,No,Yes
107973,31686,Beans,20,11/02/2025,10,No,Yes
95614,31688,Soybean,25,01/01/2025,40,No,Yes
95613,31690,Soybean,25,25/12/2024,40,No,Yes
84493,31701,Groundnuts,20,12/12/2024,30,Yes,Yes
95810,31704,Soybean,50,06/01/2025,75,Yes,Yes
91583,29089,Soybean,25,20/12/2024,45,Yes,Yes
91368,29091,Soybean,25,11/12/2024,45,Yes,Yes
93123,29092,Soybean,25,18/12/2024,45,Yes,Yes
92334,29104,Soybean,25,01/01/2025,45,Yes,Yes
83020,29105,Soybean,25,01/01/2025,45,Yes,Yes
81769,29106,Soybean,20,25/12/2024,30,No,Yes
90161,29114,Soybean,25,27/12/2024,45,Yes,Yes
100390,29122,Groundnuts,20,18/01/2025,70,No,Yes
92341,29126,Soybean,25,22/12/2024,45,Yes,Yes
101557,29128,Groundnuts,20,15/01/2025,70,No,Yes
108521,29147,Beans,20,12/02/2025,20,No,Yes
98223,29149,Groundnuts,20,14/12/2024,20,No,Yes
98233,29151,Groundnuts,20,15/12/2024,20,No,Yes
84617,29153,Groundnuts,20,15/12/2024,30,No,Yes
84652,29153,Soybean,25,23/12/2024,45,Yes,Yes
88910,29162,Groundnuts,20,23/12/2024,30,No,Yes
105467,29166,Beans,20,12/02/2025,50,No,Yes
108499,29168,Beans,20,20/02/2025,20,No,Yes
94164,2917,Soybean,25,05/01/2025,60,Yes,Yes
108519,29175,Beans,20,24/02/2025,20,No,Yes
98231,29177,Groundnuts,20,15/12/2024,20,No,Yes
98779,29178,Soybean,25,10/01/2025,45,Yes,Yes
98225,29179,Soybean,50,04/01/2025,50,Yes,Yes
84648,29182,Soybean,25,26/11/2024,45,Yes,Yes
84225,31707,Soybean,75,11/12/2024,45,Yes,Yes
87314,31710,Soybean,25,05/01/2025,45,Yes,Yes
99298,31713,Soybean,25,18/12/2024,45,Yes,Yes
91790,3172,Soybean,25,01/01/2025,50,No,Yes
95618,31724,Soybean,25,15/01/2025,40,No,Yes
95626,31733,Soybean,25,12/01/2025,40,No,Yes
95625,31734,Soybean,25,10/01/2025,40,No,Yes
87193,31742,Soybean,25,12/01/2025,45,Yes,Yes
106874,31746,Beans,20,14/02/2025,10,No,Yes
98345,31758,Soybean,25,18/12/2024,35,No,Yes
98315,31762,Soybean,25,28/12/2024,45,No,Yes
98342,31775,Soybean,25,12/12/2024,40,No,Yes
98350,31776,Soybean,25,01/01/2025,30,No,Yes
98364,31779,Soybean,25,10/01/2025,45,No,Yes
98317,31780,Soybean,25,09/12/2024,40,No,Yes
115639,31789,Beans,20,05/02/2025,100,Yes,Yes
112095,31807,Beans,20,15/02/2025,90,Yes,Yes
118996,31810,Beans,20,20/01/2025,90,Yes,No
102395,29183,Beans,20,06/02/2025,14,No,Yes
102846,29194,Beans,20,06/02/2025,50,No,Yes
111681,29198,Beans,20,06/02/2025,13,No,Yes
111685,29209,Beans,20,08/02/2025,14,No,No
99694,29214,Groundnuts,20,10/11/2024,30,Yes,Yes
84628,29220,Soybean,25,30/12/2024,45,Yes,Yes
82621,29223,Soybean,50,14/11/2024,47,Yes,Yes
88918,29225,Groundnuts,20,09/11/2024,15,No,Yes
103235,29226,Beans,20,05/02/2025,10,No,Yes
99262,29228,Soybean,25,27/12/2024,20,No,Yes
94856,2923,Soybean,25,01/01/2025,50,Yes,Yes
99221,29230,Groundnuts,40,17/01/2025,20,No,Yes
91922,29238,Groundnuts,20,02/01/2025,45,No,Yes
91454,29240,Groundnuts,20,29/12/2024,45,No,Yes
91933,29241,Groundnuts,20,26/12/2024,45,No,Yes
98568,29261,Soybean,25,03/01/2025,50,Yes,Yes
103279,29262,Beans,20,04/02/2025,60,No,Yes
102526,29263,Beans,20,05/02/2025,60,No,Yes
94640,29265,Groundnuts,20,23/11/2024,45,Yes,Yes
81101,29266,Soybean,25,19/12/2024,45,Yes,Yes
83450,29268,Soybean,25,10/12/2024,45,No,Yes
82018,29271,Soybean,25,13/12/2024,45,No,Yes
108116,29283,Beans,20,04/02/2025,50,No,Yes
115714,29284,Beans,20,26/02/2025,60,No,No
82659,29285,Soybean,25,01/12/2024,45,Yes,Yes
106650,29286,Beans,20,25/01/2025,10,No,Yes
90030,29290,Groundnuts,20,28/11/2024,25,Yes,Yes
85521,29291,Soybean,25,22/12/2024,45,No,Yes
85504,29293,Groundnuts,20,15/11/2024,25,Yes,Yes
89971,29294,Soybean,25,20/12/2024,45,Yes,Yes
102055,29297,Beans,40,05/02/2025,75,No,Yes
106284,29302,Beans,40,06/02/2025,75,No,Yes
95526,29305,Groundnuts,20,23/01/2025,25,Yes,Yes
89308,29318,Soybean,25,29/12/2024,45,Yes,Yes
115895,31811,Beans,20,05/02/2025,100,Yes,Yes
116585,31812,Beans,20,09/02/2025,100,Yes,Yes
97461,31828,Soybean,25,18/01/2025,45,Yes,Yes
100477,31833,Groundnuts,40,10/01/2025,70,No,Yes
96231,31837,Soybean,25,31/12/2024,75,Yes,Yes
96223,31838,Soybean,75,09/01/2025,80,Yes,Yes
90899,31842,Soybean,25,20/12/2024,45,Yes,Yes
90901,31843,Groundnuts,20,13/11/2024,50,Yes,Yes
84817,31844,Soybean,25,16/12/2024,45,Yes,Yes
90892,31846,Soybean,25,31/12/2024,45,Yes,Yes
92501,31847,Soybean,25,07/01/2025,55,Yes,Yes
82661,31850,Soybean,25,16/12/2024,45,Yes,Yes
93755,31851,Groundnuts,20,19/11/2024,25,Yes,Yes
95559,31854,Soybean,25,20/12/2024,50,Yes,Yes
87362,31855,Soybean,25,13/12/2024,60,No,No
98323,31859,Soybean,25,25/12/2024,45,No,Yes
100174,31864,Groundnuts,20,29/12/2024,50,No,Yes
100501,31865,Groundnuts,20,06/01/2025,50,No,Yes
89307,29319,Soybean,25,20/12/2024,25,Yes,Yes
85495,29322,Groundnuts,20,26/11/2024,25,Yes,Yes
85499,29322,Soybean,25,20/12/2024,50,Yes,Yes
102253,29325,Beans,20,09/02/2025,75,No,Yes
102060,29326,Beans,20,10/02/2025,75,No,Yes
85500,29338,Soybean,25,17/12/2024,45,Yes,Yes
106254,29341,Beans,20,10/02/2025,75,No,Yes
106281,29344,Beans,20,05/02/2025,75,No,Yes
106190,29346,Beans,20,05/02/2025,75,No,Yes
106189,29349,Beans,40,05/02/2025,75,No,Yes
102255,29350,Beans,20,10/02/2025,75,No,Yes
106187,29351,Beans,40,05/02/2025,75,No,Yes
100497,31866,Groundnuts,20,10/01/2025,50,No,Yes
104898,31870,Beans,20,10/02/2025,30,No,Yes
98376,31881,Soybean,25,05/01/2025,35,No,Yes
98378,31882,Soybean,25,06/01/2025,30,No,Yes
104899,31884,Beans,20,13/02/2025,40,No,Yes
95076,31896,Soybean,25,05/01/2025,45,Yes,Yes
91845,31903,Soybean,50,21/12/2024,45,Yes,Yes
86040,31911,Soybean,25,18/12/2024,45,Yes,Yes
86413,31912,Groundnuts,20,27/12/2024,45,Yes,Yes
86411,31912,Soybean,25,20/12/2024,45,Yes,Yes
91854,31914,Soybean,50,21/12/2024,45,Yes,Yes
103965,29356,Beans,20,08/03/2025,80,No,Yes
100392,29358,Groundnuts,20,10/01/2025,11,No,Yes
97799,29363,Soybean,50,21/12/2024,50,Yes,Yes
98613,29367,Soybean,25,27/12/2024,50,Yes,Yes
99526,29371,Soybean,25,20/12/2024,45,Yes,Yes
97726,29372,Soybean,50,23/12/2024,45,Yes,Yes
101416,29384,Groundnuts,20,10/01/2025,60,No,Yes
101470,29387,Groundnuts,20,10/01/2025,60,No,Yes
99554,29389,Soybean,25,20/12/2024,45,Yes,Yes
98124,29392,Soybean,50,23/12/2024,45,Yes,Yes
84454,29396,Soybean,25,09/12/2024,50,No,Yes
97796,29400,Groundnuts,25,20/12/2024,20,No,Yes
97791,29402,Soybean,25,14/11/2024,50,Yes,Yes
98187,29408,Groundnuts,20,26/12/2024,25,No,Yes
95731,29408,Soybean,25,26/12/2024,45,Yes,Yes
98126,29410,Groundnuts,20,17/11/2024,25,No,Yes
99549,29418,Groundnuts,20,17/12/2024,25,No,Yes
100997,29422,Soybean,25,18/12/2024,45,Yes,Yes
90430,29424,Soybean,50,28/12/2024,45,Yes,Yes
91268,29427,Soybean,50,18/12/2024,50,Yes,Yes
84405,29433,Soybean,25,03/01/2025,45,Yes,Yes
104496,29449,Beans,20,10/02/2025,30,No,Yes
104873,29451,Beans,20,17/02/2025,30,No,Yes
95419,31916,Groundnuts,20,20/12/2024,45,Yes,Yes
86407,31917,Groundnuts,20,13/11/2024,45,Yes,Yes
95071,31918,Groundnuts,20,28/12/2024,45,Yes,Yes
116377,31925,Beans,20,23/02/2025,50,No,Yes
95344,31941,Soybean,25,28/12/2024,50,No,Yes
99101,31942,Soybean,25,10/12/2024,50,No,Yes
78119,31944,Soybean,25,15/12/2024,60,Yes,Yes
99366,31945,Soybean,25,11/01/2025,75,Yes,Yes
99369,31950,Soybean,25,05/01/2025,90,Yes,Yes
97483,31951,Soybean,50,28/12/2024,50,Yes,Yes
87709,31953,Groundnuts,20,01/12/2024,30,Yes,Yes
82732,31954,Soybean,50,03/01/2025,45,Yes,Yes
83572,31962,Soybean,25,26/12/2024,45,Yes,Yes
81649,31964,Groundnuts,20,20/12/2024,45,Yes,Yes
91888,31966,Soybean,50,19/12/2024,50,Yes,Yes
87689,31967,Soybean,25,18/12/2024,50,Yes,Yes
108724,31972,Beans,20,01/02/2025,12,No,Yes
84210,31977,Soybean,25,26/12/2024,5,Yes,Yes
108874,31984,Beans,20,07/02/2025,75,No,Yes
104789,31985,Beans,20,05/02/2025,40,No,Yes
106261,31987,Beans,20,05/02/2025,75,No,Yes
83044,31997,Soybean,25,25/12/2024,50,No,Yes
96186,31998,Soybean,25,22/12/2024,50,No,Yes
83043,32000,Soybean,25,26/12/2024,50,No,Yes
84576,32007,Soybean,25,29/12/2024,50,No,No
96202,32014,Soybean,25,24/12/2024,50,No,Yes
96171,32015,Soybean,25,29/12/2024,50,No,Yes
96173,32016,Soybean,25,23/12/2024,50,No,Yes
96189,32020,Soybean,25,12/12/2024,50,No,Yes
96184,32029,Soybean,25,29/12/2024,50,No,Yes
87880,32037,Soybean,25,10/12/2024,5,Yes,Yes
88091,32039,Soybean,25,20/12/2024,5,Yes,Yes
88093,32041,Soybean,25,18/12/2024,5,Yes,Yes
88095,32042,Soybean,25,19/12/2024,5,Yes,Yes
103824,29455,Beans,20,03/02/2025,50,Yes,Yes
102660,29462,Beans,20,11/02/2025,50,Yes,Yes
100135,29468,Groundnuts,20,10/01/2025,50,No,Yes
104952,29484,Beans,20,06/02/2025,50,No,Yes
103979,29485,Beans,20,04/02/2025,50,Yes,Yes
100128,29486,Groundnuts,20,15/01/2025,50,No,Yes
102835,29497,Beans,20,12/02/2025,70,No,Yes
109782,29501,Beans,40,03/02/2025,60,No,Yes
102878,29507,Beans,20,08/02/2025,60,No,Yes
102882,29510,Beans,20,07/02/2025,60,No,Yes
96193,32045,Soybean,25,29/12/2024,50,No,Yes
96194,32046,Soybean,25,29/12/2024,50,No,Yes
128947,32055,Beans,20,04/02/2025,60,Yes,Yes
93494,32064,Groundnuts,20,26/11/2024,10,No,Yes
91835,32065,Groundnuts,20,10/01/2025,9,No,Yes
108187,32066,Beans,20,07/02/2025,10,Yes,Yes
88376,32070,Groundnuts,20,27/11/2024,45,No,Yes
102877,29517,Beans,20,05/02/2025,60,No,Yes
109567,29523,Beans,40,11/02/2025,15,No,Yes
104440,29545,Beans,20,05/03/2025,50,Yes,Yes
93128,2956,Soybean,25,06/01/2025,50,Yes,Yes
85219,29562,Groundnuts,20,27/11/2024,10,Yes,Yes
106530,29564,Beans,20,05/02/2025,70,Yes,Yes
107389,29565,Beans,20,15/01/2025,60,Yes,Yes
95535,29574,Groundnuts,20,20/11/2024,25,Yes,Yes
95534,29574,Soybean,25,27/12/2024,50,Yes,Yes
95547,29576,Groundnuts,20,17/11/2024,25,Yes,Yes
108165,32071,Beans,20,10/02/2025,10,Yes,Yes
108192,32073,Beans,20,15/02/2025,10,Yes,Yes
108264,32074,Beans,20,09/02/2025,10,Yes,Yes
122679,32077,Beans,20,09/02/2025,60,Yes,Yes
109879,32085,Beans,20,03/02/2025,3,Yes,Yes
109888,32096,Beans,20,16/02/2025,2,Yes,Yes
109883,32097,Beans,20,17/02/2025,2,Yes,Yes
109884,32099,Beans,20,16/02/2025,2,Yes,Yes
109889,32106,Beans,20,02/02/2025,2,Yes,Yes
122690,32117,Beans,20,15/02/2025,60,Yes,Yes
122677,32118,Beans,20,10/02/2025,60,Yes,Yes
120164,32123,Beans,20,05/02/2025,60,Yes,Yes
109833,32129,Beans,20,15/02/2025,3,Yes,Yes
85502,29577,Soybean,25,28/12/2024,50,Yes,Yes
95545,29579,Soybean,20,20/12/2024,50,Yes,Yes
99289,2958,Soybean,50,01/01/2025,50,Yes,Yes
92572,29582,Soybean,25,20/12/2024,42,Yes,Yes
92576,29585,Soybean,25,02/01/2025,50,Yes,Yes
110828,29590,Beans,20,09/02/2025,90,Yes,No
83997,29596,Groundnuts,20,12/12/2024,10,Yes,Yes
81802,29597,Soybean,25,30/12/2024,5,Yes,Yes
95571,29604,Soybean,25,21/12/2024,50,Yes,Yes
89315,29606,Soybean,50,29/12/2024,45,Yes,Yes
89974,29619,Soybean,25,29/12/2024,45,Yes,Yes
110833,29620,Beans,20,10/02/2025,60,No,Yes
92181,32134,Groundnuts,80,28/12/2024,3,No,Yes
128951,32138,Beans,20,21/02/2025,60,Yes,Yes
120172,32139,Beans,20,14/02/2025,60,Yes,Yes
120170,32140,Beans,20,02/02/2025,60,Yes,Yes
127371,32142,Beans,20,12/02/2025,60,Yes,Yes
127383,32144,Beans,20,31/01/2025,60,Yes,Yes
91834,32151,Groundnuts,20,08/01/2025,8,No,Yes
109917,32156,Beans,20,03/03/2025,1,Yes,Yes
109916,32157,Beans,20,04/03/2025,1,Yes,Yes
101304,3216,Soybean,25,02/01/2025,45,No,Yes
93257,32168,Groundnuts,20,29/12/2024,10,No,Yes
96399,32176,Soybean,25,07/01/2025,60,Yes,Yes
97107,32181,Soybean,25,15/12/2024,60,Yes,Yes
94389,32198,Soybean,25,11/01/2025,40,No,Yes
95103,32202,Soybean,25,11/01/2025,40,No,Yes
95098,32204,Soybean,25,29/12/2024,40,No,Yes
99568,32217,Soybean,25,27/12/2024,2,No,Yes
96261,3224,Soybean,50,09/12/2024,45,No,Yes
99158,28602,Groundnuts,30,01/12/2024,25,Yes,Yes
99308,28604,Soybean,50,22/11/2024,45,Yes,Yes
99301,28609,Soybean,50,21/11/2024,45,Yes,Yes
80995,28612,Groundnuts,20,13/11/2024,25,Yes,Yes
82936,28615,Soybean,50,20/12/2024,45,No,Yes
84864,28616,Soybean,25,10/12/2024,45,No,Yes
80430,28617,Groundnuts,20,25/11/2024,45,No,Yes
88509,28620,Soybean,25,02/01/2025,45,No,Yes
97859,28624,Soybean,25,10/01/2025,50,Yes,Yes
97860,28630,Soybean,25,01/01/2025,60,Yes,Yes
99072,28633,Soybean,25,25/12/2024,50,Yes,Yes
95715,28638,Soybean,50,14/12/2024,45,Yes,Yes
81347,28642,Groundnuts,20,28/11/2024,45,No,Yes
81344,28642,Soybean,25,15/12/2024,45,Yes,Yes
80294,28644,Groundnuts,20,28/11/2024,45,No,Yes
88502,28644,Soybean,25,29/12/2024,45,No,Yes
83071,28649,Groundnuts,20,13/11/2024,45,No,Yes
83069,28649,Soybean,25,12/11/2024,45,No,Yes
85598,28650,Soybean,25,19/11/2024,45,Yes,Yes
81338,28660,Soybean,25,06/12/2024,45,No,Yes
85674,28666,Groundnuts,20,28/11/2024,45,No,Yes
79719,28667,Groundnuts,20,10/11/2024,40,Yes,Yes
98525,28673,Soybean,12,01/01/2025,13,Yes,Yes
98526,28674,Soybean,25,01/01/2025,65,Yes,Yes
101806,28691,Beans,20,05/02/2025,60,No,Yes
100688,26244,Groundnuts,20,15/12/2024,20,Yes,Yes
100690,26246,Groundnuts,20,15/12/2024,20,Yes,Yes
100691,26249,Soybean,25,19/12/2024,50,Yes,Yes
91899,26253,Soybean,25,21/12/2024,50,Yes,Yes
100686,26254,Soybean,25,11/12/2024,50,Yes,Yes
91901,26256,Soybean,25,14/12/2024,50,Yes,Yes
91367,26275,Groundnuts,20,02/12/2024,45,Yes,Yes
100170,26282,Groundnuts,20,16/12/2024,30,Yes,Yes
77884,2629,Soybean,50,13/12/2024,50,Yes,Yes
85381,26290,Groundnuts,40,01/01/2025,50,No,Yes
85378,26291,Groundnuts,20,01/01/2025,50,No,Yes
109759,2630,Beans,40,08/02/2025,75,No,Yes
113726,26303,Beans,20,05/03/2025,5,No,No
109664,26307,Beans,40,11/02/2025,60,No,Yes
109658,26308,Beans,80,11/02/2025,60,No,Yes
94179,26309,Soybean,25,05/01/2025,60,Yes,Yes
104351,26313,Beans,60,04/02/2025,50,No,Yes
91918,26317,Soybean,25,05/01/2025,45,Yes,Yes
101802,2632,Beans,60,05/02/2025,60,No,Yes
87826,26333,Soybean,25,02/01/2025,45,Yes,Yes
115571,26338,Beans,80,10/02/2025,50,No,Yes
110318,26350,Beans,20,22/02/2025,60,No,Yes
108859,26355,Beans,20,12/02/2025,50,No,Yes
105977,26356,Beans,20,05/02/2025,10,Yes,Yes
108864,26366,Beans,20,13/02/2025,50,No,Yes
100768,26369,Soybean,50,18/12/2024,45,Yes,Yes
98593,26372,Groundnuts,20,16/11/2024,20,No,Yes
85938,26374,Groundnuts,25,28/12/2024,45,No,Yes
88400,26377,Soybean,50,01/01/2025,65,Yes,Yes
98588,26385,Soybean,25,27/12/2024,45,Yes,Yes
98606,26388,Soybean,25,02/01/2025,50,Yes,Yes
88430,26392,Soybean,50,01/01/2025,65,Yes,Yes
88389,26394,Soybean,25,03/01/2025,65,Yes,Yes
98600,26395,Soybean,25,11/11/2024,50,Yes,Yes
95178,26402,Soybean,25,29/12/2024,50,Yes,Yes
96975,26404,Soybean,25,03/01/2025,50,Yes,Yes
88409,26407,Soybean,25,01/01/2025,65,Yes,Yes
107952,28697,Beans,40,08/03/2025,60,No,Yes
100231,2870,Soybean,50,10/12/2024,50,Yes,Yes
101818,28703,Beans,20,12/02/2025,60,No,Yes
103154,28708,Beans,20,05/02/2025,60,Yes,Yes
102836,28709,Beans,20,06/02/2025,100,No,Yes
95707,28725,Groundnuts,20,03/11/2024,15,No,Yes
97882,28727,Soybean,25,15/12/2024,50,Yes,Yes
97884,28728,Soybean,25,20/11/2024,45,Yes,Yes
91579,28732,Soybean,25,01/01/2025,45,Yes,Yes
110327,28746,Beans,20,21/02/2025,60,No,Yes
110301,28750,Beans,20,22/02/2025,60,No,Yes
110293,28751,Beans,20,20/02/2025,60,No,Yes
110311,28753,Beans,20,24/02/2025,60,No,Yes
101638,28756,Beans,20,08/02/2025,11,No,No
101635,28759,Beans,20,11/02/2025,15,No,No
104097,2876,Beans,20,04/03/2025,45,No,Yes
101636,28760,Beans,20,14/02/2025,14,No,No
101633,28763,Beans,20,11/02/2025,13,No,No
101639,28764,Beans,40,09/02/2025,12,No,Yes
104076,28770,Beans,20,05/03/2025,65,No,Yes
104061,28775,Beans,40,04/03/2025,45,No,Yes
105614,28776,Beans,20,05/02/2025,10,No,Yes
102545,28783,Beans,20,09/02/2025,12,No,Yes
102421,28784,Beans,20,10/02/2025,10,No,Yes
102418,28788,Beans,20,10/02/2025,10,No,Yes
108430,28789,Beans,40,07/02/2025,12,No,Yes
104260,28798,Beans,20,02/02/2025,45,No,Yes
104261,28800,Beans,20,02/02/2025,60,No,Yes
104092,28801,Beans,20,04/03/2025,50,No,Yes
104100,28808,Beans,20,04/03/2025,45,No,Yes
110272,28812,Beans,20,21/02/2025,60,No,Yes
89197,26409,Soybean,25,01/01/2025,65,Yes,Yes
88427,26410,Soybean,50,01/01/2025,65,Yes,Yes
99433,26415,Soybean,25,16/12/2024,60,Yes,Yes
89201,26422,Soybean,28,01/01/2025,65,Yes,Yes
88418,26424,Soybean,25,01/01/2025,65,Yes,Yes
102859,26435,Beans,20,05/02/2025,80,No,Yes
103436,26437,Beans,20,06/02/2025,85,No,Yes
89203,26443,Soybean,25,02/01/2025,65,Yes,Yes
95308,26444,Soybean,25,07/01/2025,50,Yes,Yes
103234,26447,Beans,40,01/02/2025,10,No,Yes
102476,26448,Beans,40,03/02/2025,6,No,Yes
110292,28813,Beans,20,20/02/2025,60,No,Yes
104079,28820,Beans,20,06/03/2025,50,No,Yes
102424,28831,Beans,20,04/02/2025,3,No,Yes
105436,28832,Beans,20,10/02/2025,10,No,Yes
105616,28835,Beans,20,12/02/2025,10,No,Yes
105314,28849,Beans,6,06/02/2025,55,No,Yes
95458,28853,Groundnuts,20,03/01/2025,57,Yes,Yes
95679,28855,Groundnuts,20,11/01/2025,50,Yes,Yes
95460,28857,Beans,25,08/01/2025,60,Yes,Yes
95476,28865,Groundnuts,20,12/01/2025,51,Yes,Yes
95694,28867,Soybean,25,12/01/2025,50,Yes,Yes
109582,26449,Beans,20,02/03/2025,50,No,Yes
89539,26452,Soybean,50,02/01/2025,65,Yes,Yes
103411,26460,Beans,40,02/02/2025,50,No,Yes
89418,26464,Soybean,25,01/01/2025,65,Yes,Yes
90239,26466,Soybean,25,12/01/2025,45,Yes,Yes
90272,26467,Soybean,25,15/01/2025,45,Yes,Yes
88387,26470,Soybean,25,02/01/2025,65,Yes,Yes
100991,26482,Soybean,1,23/12/2024,45,Yes,Yes
105012,26487,Beans,20,07/02/2025,15,No,Yes
106923,26488,Beans,20,10/02/2025,15,No,Yes
102515,26489,Beans,20,07/02/2025,20,No,Yes
100985,26498,Soybean,50,20/12/2024,45,Yes,Yes
102236,26504,Beans,20,04/02/2025,45,No,Yes
91082,26507,Soybean,25,03/01/2025,45,Yes,Yes
84508,26508,Soybean,25,10/01/2025,45,Yes,Yes
96072,26509,Soybean,75,10/01/2025,45,Yes,Yes
86829,26513,Soybean,100,04/01/2025,35,Yes,Yes
100771,26522,Groundnuts,20,25/12/2024,25,No,Yes
95425,26529,Soybean,25,20/12/2024,60,Yes,No
98612,26532,Soybean,25,11/12/2024,50,Yes,Yes
100961,26534,Groundnuts,20,17/11/2024,30,No,Yes
97740,26538,Groundnuts,20,14/11/2024,30,No,Yes
110290,26545,Beans,40,19/02/2025,60,No,Yes
99552,26548,Soybean,25,20/12/2024,45,Yes,Yes
97234,26551,Soybean,25,15/01/2025,50,Yes,Yes
95825,26556,Soybean,25,08/12/2024,90,Yes,Yes
98068,26561,Groundnuts,20,19/11/2024,25,No,Yes
98066,26563,Groundnuts,20,17/11/2024,30,No,Yes
100034,26569,Soybean,25,18/12/2024,45,Yes,Yes
102520,2657,Beans,40,08/02/2025,60,No,Yes
95457,28869,Groundnuts,20,07/01/2025,40,Yes,Yes
95673,28873,Soybean,25,11/01/2025,50,Yes,Yes
95668,28878,Groundnuts,20,03/01/2025,50,Yes,Yes
110506,28894,Beans,80,18/02/2025,60,No,Yes
100195,2890,Soybean,25,18/01/2025,45,Yes,Yes
97864,28902,Soybean,25,01/01/2025,60,Yes,Yes
97869,28909,Soybean,25,01/01/2025,60,Yes,Yes
98520,28920,Soybean,25,30/12/2024,60,Yes,Yes
97943,28926,Soybean,25,01/01/2025,12,Yes,Yes
94272,28929,Soybean,25,31/12/2024,60,Yes,Yes
93866,2893,Soybean,25,12/12/2024,45,Yes,Yes
83652,28932,Groundnuts,20,15/11/2024,20,No,Yes
89548,28934,Soybean,25,09/01/2025,45,Yes,Yes
94530,28935,Soybean,25,05/01/2025,20,Yes,Yes
91254,28947,Soybean,25,20/12/2024,20,Yes,Yes
91540,28953,Soybean,25,16/12/2024,45,Yes,Yes
100009,28955,Soybean,25,04/01/2025,50,Yes,Yes
100004,28962,Soybean,25,30/11/2024,50,Yes,Yes
94257,28976,Soybean,50,20/11/2024,45,Yes,Yes
92076,28984,Soybean,25,20/12/2024,45,Yes,Yes
109656,26579,Beans,20,12/02/2025,60,No,Yes
110312,26580,Beans,20,22/02/2025,60,No,No
110289,26582,Beans,20,22/02/2025,60,No,Yes
100751,26585,Soybean,25,17/12/2024,45,Yes,Yes
104475,26586,Beans,20,17/02/2025,30,No,Yes
99199,26589,Soybean,25,15/12/2024,45,Yes,Yes
97744,26601,Groundnuts,20,23/12/2024,20,No,Yes
107150,26605,Soybean,5,22/12/2024,45,Yes,Yes
95482,26607,Soybean,25,01/01/2025,90,Yes,Yes
110295,26611,Beans,20,15/02/2025,60,No,Yes
98132,26617,Groundnuts,20,19/11/2024,25,No,Yes
99328,28986,Soybean,25,13/12/2024,45,Yes,Yes
108526,29002,Beans,20,19/02/2025,20,No,Yes
87255,29017,Soybean,25,27/11/2024,55,Yes,Yes
96986,2902,Soybean,50,14/12/2024,56,Yes,Yes
105329,29028,Beans,20,24/01/2025,15,No,Yes
106926,29029,Beans,20,11/02/2025,15,No,Yes
105331,29033,Beans,20,10/02/2025,15,No,Yes
106922,29050,Beans,20,11/02/2025,14,No,Yes
101553,29053,Groundnuts,20,17/01/2025,70,No,Yes
79735,29055,Groundnuts,40,08/11/2024,20,No,Yes
100383,29056,Groundnuts,20,11/01/2025,70,No,Yes
102729,26618,Beans,40,08/02/2025,12,No,Yes
108404,26619,Beans,60,10/02/2025,30,No,Yes
79272,26621,Groundnuts,20,25/11/2024,30,No,Yes
108420,26622,Beans,20,01/02/2025,30,No,Yes
95735,26624,Soybean,25,25/12/2024,45,Yes,Yes
98169,26626,Groundnuts,20,19/11/2024,30,No,Yes
104483,26627,Beans,20,13/02/2025,30,No,Yes
101948,26631,Beans,20,11/02/2025,75,No,Yes
101763,26633,Beans,20,07/02/2025,70,No,Yes
88570,26637,Groundnuts,15,28/12/2024,75,No,Yes
103606,26639,Beans,20,01/02/2025,60,No,Yes
110299,26667,Beans,40,18/02/2025,60,No,Yes
80686,26683,Soybean,28,18/12/2024,50,Yes,Yes
81281,26685,Soybean,25,24/12/2024,50,Yes,Yes
81283,26687,Soybean,25,20/12/2024,50,No,Yes
110001,2669,Beans,20,06/02/2025,60,No,Yes
98134,26690,Groundnuts,20,20/12/2024,25,No,Yes
101673,26694,Beans,20,06/02/2025,50,No,Yes
103479,2670,Beans,40,10/02/2025,75,No,Yes
97832,26704,Soybean,25,27/12/2024,50,Yes,Yes
89458,26707,Soybean,50,19/12/2024,40,No,Yes
100386,29063,Groundnuts,20,09/01/2025,60,No,Yes
90981,29071,Soybean,25,06/01/2025,45,Yes,Yes
85547,29072,Soybean,25,20/11/2024,45,Yes,Yes
81245,29073,Soybean,25,24/12/2024,50,No,Yes
89342,2908,Soybean,25,03/01/2025,60,Yes,Yes
105013,29088,Beans,20,09/02/2025,15,No,Yes
90979,29101,Soybean,25,04/01/2025,45,Yes,Yes
83012,29102,Soybean,50,22/12/2024,20,Yes,Yes
94556,29107,Soybean,25,31/12/2024,20,Yes,Yes
104939,26709,Beans,40,11/02/2025,30,No,Yes
97820,26711,Soybean,25,25/12/2024,50,Yes,Yes
108110,26718,Beans,20,03/02/2025,45,No,Yes
103432,2672,Beans,30,04/02/2025,90,No,Yes
100967,26720,Soybean,50,17/11/2024,13,Yes,Yes
103363,26722,Beans,20,01/02/2025,75,No,Yes
93117,26725,Groundnuts,20,22/11/2024,20,No,Yes
84270,26732,Groundnuts,20,17/12/2024,50,No,Yes
81803,26734,Groundnuts,20,10/12/2024,50,No,Yes
81798,26737,Groundnuts,20,07/12/2024,50,No,Yes
87043,26739,Groundnuts,20,01/01/2025,50,No,Yes
84058,26746,Groundnuts,20,07/12/2024,50,No,Yes
93719,26750,Soybean,25,08/01/2025,50,No,Yes
90968,26752,Groundnuts,20,23/11/2024,20,No,Yes
90056,26753,Soybean,25,05/01/2025,75,Yes,Yes
93509,26757,Soybean,25,26/12/2024,50,Yes,Yes
86248,26758,Soybean,25,25/11/2024,45,Yes,Yes
105437,26761,Beans,20,05/02/2025,90,No,No
79922,26776,Groundnuts,20,14/12/2024,30,No,Yes
85531,26783,Soybean,25,24/12/2024,50,Yes,Yes
80690,26787,Groundnuts,30,13/12/2024,50,Yes,Yes
103375,26800,Beans,20,05/02/2025,71,No,Yes
94613,29108,Soybean,25,14/01/2025,20,Yes,Yes
89520,29109,Soybean,25,06/01/2025,20,Yes,Yes
81774,29111,Groundnuts,20,20/11/2024,20,No,Yes
81776,29115,Groundnuts,20,19/12/2024,15,No,Yes
105465,29116,Beans,20,14/02/2025,30,No,Yes
87632,29123,Groundnuts,20,20/11/2024,20,No,Yes
79330,29125,Groundnuts,20,12/11/2024,20,No,Yes
99667,29130,Soybean,25,29/12/2024,45,Yes,Yes
100166,29141,Groundnuts,20,22/12/2024,30,Yes,Yes
108522,29145,Beans,20,21/02/2025,20,No,Yes
88916,29163,Soybean,25,21/12/2024,50,Yes,Yes
105483,29169,Beans,20,03/02/2025,40,No,Yes
108500,29171,Beans,20,10/02/2025,30,No,Yes
108498,29173,Beans,20,18/02/2025,10,No,Yes
94820,29181,Soybean,50,19/12/2024,50,Yes,Yes
102394,29184,Beans,20,05/02/2025,10,No,Yes
111680,29185,Beans,20,12/02/2025,12,No,No
102839,29190,Beans,20,05/02/2025,30,No,Yes
93950,29202,Groundnuts,20,02/12/2024,5,Yes,Yes
84398,26803,Groundnuts,20,25/11/2024,20,No,Yes
103374,26804,Beans,20,05/02/2025,65,No,Yes
84401,26807,Soybean,25,19/12/2024,45,Yes,Yes
90972,26812,Groundnuts,20,28/12/2024,20,No,Yes
86252,26822,Soybean,25,26/12/2024,45,Yes,Yes
108489,26823,Beans,40,11/02/2025,8,No,Yes
85553,26831,Soybean,25,20/12/2024,45,Yes,Yes
103529,26833,Beans,20,06/02/2025,30,No,Yes
103530,26834,Beans,20,02/02/2025,30,No,Yes
102170,26835,Beans,40,05/02/2025,30,No,Yes
93099,26837,Groundnuts,20,29/12/2024,20,No,Yes
83919,26841,Soybean,25,19/12/2024,45,Yes,Yes
87634,26849,Groundnuts,20,20/11/2024,20,No,Yes
81770,26850,Groundnuts,20,25/12/2024,20,No,Yes
81772,26852,Groundnuts,20,28/12/2024,20,No,Yes
102165,26854,Beans,20,30/01/2025,30,No,Yes
108779,26858,Beans,20,04/02/2025,13,No,No
114201,26859,Beans,20,07/02/2025,13,No,No
108833,26868,Beans,20,05/02/2025,16,No,No
104405,26869,Beans,40,05/02/2025,61,No,Yes
104406,26871,Beans,20,07/02/2025,60,No,Yes
108834,26879,Beans,20,06/02/2025,14,No,No
104397,26881,Beans,60,02/02/2025,55,No,Yes
101949,26884,Beans,20,12/02/2025,80,No,Yes
114202,26888,Beans,20,05/02/2025,13,No,No
102143,2689,Beans,20,05/02/2025,60,No,Yes
108829,26890,Beans,20,02/02/2025,13,No,No
108771,26891,Beans,400,05/02/2025,12,No,Yes
110216,26892,Beans,40,13/02/2025,55,No,Yes
114199,26896,Beans,40,06/02/2025,12,No,No
108827,26898,Beans,20,08/02/2025,15,No,No
109293,26902,Beans,20,02/02/2025,15,No,No
111684,29208,Beans,20,08/02/2025,13,No,No
111686,29210,Beans,20,05/02/2025,13,No,No
92623,29219,Soybean,25,09/12/2024,30,Yes,Yes
92794,29222,Soybean,25,23/12/2024,50,Yes,Yes
99734,29224,Groundnuts,20,10/12/2024,20,No,Yes
99153,2924,Soybean,50,09/01/2025,60,Yes,Yes
91438,29255,Groundnuts,20,05/01/2025,45,No,Yes
108495,29264,Beans,40,30/01/2025,30,No,Yes
82173,29269,Soybean,25,20/12/2024,45,No,Yes
85656,29273,Soybean,25,13/12/2024,45,Yes,Yes
91348,29274,Soybean,25,28/12/2024,50,Yes,Yes
110482,29277,Beans,40,20/02/2025,50,No,No
90000,29278,Soybean,50,19/12/2024,50,Yes,Yes
84580,29280,Soybean,25,28/12/2024,70,No,Yes
109420,29288,Beans,20,17/02/2025,50,No,Yes
95550,29290,Soybean,25,11/12/2024,45,Yes,Yes
85503,29293,Soybean,25,20/11/2024,50,Yes,Yes
95551,29296,Soybean,25,07/12/2024,50,Yes,Yes
102057,29299,Beans,40,05/02/2025,75,No,Yes
106285,29301,Beans,40,05/02/2025,75,No,Yes
95541,29303,Soybean,25,10/12/2024,45,Yes,Yes
95531,29308,Soybean,25,20/12/2024,45,Yes,Yes
108766,26905,Beans,20,04/02/2025,13,No,Yes
87046,26915,Groundnuts,20,01/01/2025,50,No,Yes
81658,26925,Groundnuts,20,01/12/2024,50,No,Yes
88437,26929,Groundnuts,20,31/12/2024,50,No,Yes
89164,26931,Groundnuts,20,03/01/2025,50,No,Yes
108735,26936,Beans,20,02/02/2025,13,No,No
83454,26955,Groundnuts,20,25/12/2024,50,No,Yes
102533,2696,Beans,40,09/02/2025,60,No,Yes
89464,26961,Soybean,25,02/01/2025,40,No,Yes
81979,26963,Soybean,50,29/12/2024,40,No,Yes
84281,26972,Soybean,25,22/12/2024,45,Yes,Yes
93041,26976,Soybean,25,15/11/2024,60,Yes,Yes
101982,26986,Beans,20,04/02/2025,15,No,Yes
81156,27001,Groundnuts,20,24/12/2024,50,No,Yes
86718,27006,Soybean,25,19/12/2024,45,Yes,Yes
115090,27009,Beans,20,01/02/2025,50,No,Yes
102229,27021,Beans,20,08/02/2025,60,No,Yes
86747,27023,Soybean,25,16/12/2024,45,No,Yes
86143,27037,Soybean,25,03/01/2025,45,Yes,Yes
101906,2704,Beans,20,03/02/2025,10,No,Yes
103778,27051,Beans,40,04/02/2025,46,No,No
107119,27059,Beans,20,10/02/2025,15,No,Yes
94850,2931,Soybean,25,04/01/2025,60,Yes,Yes
93249,29314,Soybean,25,25/12/2024,45,Yes,Yes
85497,29321,Soybean,25,28/12/2024,45,Yes,Yes
102059,29324,Beans,20,08/02/2025,75,No,Yes
102254,29328,Beans,20,08/02/2025,75,No,Yes
102066,29330,Beans,20,06/02/2025,75,No,Yes
95570,29333,Soybean,25,20/12/2024,45,Yes,Yes
85493,29338,Groundnuts,20,15/11/2024,25,Yes,Yes
82660,29339,Soybean,25,19/12/2024,45,Yes,Yes
106282,29340,Beans,20,05/02/2025,75,No,Yes
102054,29348,Beans,20,10/02/2025,75,No,Yes
102988,29352,Beans,20,05/02/2025,75,No,Yes
99629,29362,Soybean,25,22/12/2024,42,Yes,Yes
98128,29364,Groundnuts,20,19/11/2024,25,No,Yes
94580,29366,Soybean,25,01/01/2025,20,Yes,Yes
98616,29367,Groundnuts,20,13/11/2024,20,No,Yes
100044,29368,Groundnuts,20,18/11/2024,25,No,Yes
99546,29369,Groundnuts,20,17/11/2024,25,No,Yes
80100,29393,Soybean,25,23/12/2024,30,No,Yes
99632,29394,Groundnuts,20,18/11/2024,25,No,Yes
84453,29395,Soybean,25,10/12/2024,50,No,Yes
97743,29397,Soybean,50,19/12/2024,45,Yes,No
105293,29404,Beans,20,15/02/2025,50,Yes,Yes
109024,29406,Beans,20,20/02/2025,50,Yes,Yes
99537,29412,Groundnuts,20,23/12/2024,25,No,Yes
97802,29419,Soybean,25,15/12/2024,50,Yes,Yes
90215,2942,Soybean,50,13/10/2024,60,Yes,Yes
97732,29421,Soybean,25,17/12/2024,43,Yes,Yes
98567,29428,Soybean,25,01/01/2025,50,Yes,Yes
90962,29429,Soybean,25,30/12/2024,45,Yes,Yes
84411,29430,Soybean,25,02/01/2025,45,Yes,Yes
104851,29435,Beans,40,12/02/2025,30,No,Yes
91346,29438,Groundnuts,20,17/11/2024,50,Yes,Yes
84396,29443,Groundnuts,20,26/11/2024,20,No,Yes
107438,2706,Beans,40,04/02/2025,10,Yes,Yes
103796,27064,Beans,20,04/02/2025,42,No,Yes
103798,27067,Beans,40,04/02/2025,45,No,Yes
89912,27088,Soybean,20,10/01/2025,65,Yes,Yes
98304,27092,Soybean,25,23/01/2025,60,Yes,Yes
98294,27094,Groundnuts,20,20/01/2025,65,No,Yes
94194,27096,Groundnuts,20,18/11/2024,70,No,Yes
88518,27108,Soybean,50,01/01/2025,65,Yes,Yes
103744,2711,Beans,20,29/01/2025,75,No,Yes
84302,27115,Soybean,25,28/12/2024,45,No,Yes
107115,27119,Beans,20,07/02/2025,10,No,Yes
105498,27122,Beans,20,07/02/2025,45,No,Yes
108610,27126,Beans,20,20/02/2025,20,No,Yes
100450,27128,Groundnuts,20,22/01/2025,70,No,Yes
100464,27134,Groundnuts,20,04/01/2025,70,No,Yes
95307,27137,Soybean,25,10/01/2025,50,Yes,Yes
85411,27144,Soybean,25,05/01/2025,45,Yes,Yes
93986,27145,Soybean,25,11/01/2025,45,Yes,Yes
109606,27147,Beans,80,05/02/2025,70,No,Yes
102062,27160,Beans,40,10/02/2025,75,No,Yes
103216,27162,Beans,80,02/02/2025,10,No,Yes
102051,27166,Beans,20,05/02/2025,75,No,Yes
102052,27167,Beans,20,05/02/2025,75,No,Yes
102053,27168,Beans,20,05/02/2025,75,No,Yes
89758,27171,Soybean,25,20/12/2024,45,Yes,Yes
87197,27174,Groundnuts,20,26/11/2024,45,Yes,Yes
114709,2718,Beans,20,01/02/2025,10,Yes,Yes
93339,27183,Soybean,75,28/11/2024,45,Yes,Yes
87191,27187,Groundnuts,20,12/11/2024,45,Yes,Yes
90443,27191,Soybean,25,25/12/2024,45,Yes,Yes
80593,27193,Soybean,25,15/12/2024,45,Yes,Yes
90586,27208,Soybean,25,05/12/2024,45,Yes,Yes
84407,29443,Soybean,25,25/11/2024,20,Yes,Yes
104877,29452,Beans,20,12/02/2025,30,No,Yes
104980,29456,Beans,20,15/02/2025,50,Yes,Yes
103285,29461,Beans,20,02/02/2025,60,No,Yes
106185,29480,Beans,40,06/02/2025,75,No,Yes
106278,29482,Beans,20,07/02/2025,75,No,Yes
100129,29487,Groundnuts,20,15/01/2025,55,No,Yes
100126,29488,Groundnuts,40,15/12/2024,50,No,Yes
102834,29499,Beans,20,18/02/2025,80,No,No
80625,2951,Soybean,50,14/12/2024,60,Yes,Yes
102122,29513,Beans,20,05/02/2025,60,No,Yes
109786,29516,Beans,80,07/02/2025,60,No,Yes
102873,29521,Beans,20,10/02/2025,60,No,Yes
80626,2953,Soybean,50,12/12/2024,60,Yes,Yes
92950,29560,Soybean,50,14/01/2025,5,Yes,Yes
110830,29569,Beans,20,10/02/2025,60,No,Yes
110823,29571,Beans,20,10/02/2025,100,Yes,Yes
85496,29572,Groundnuts,20,29/11/2024,25,Yes,Yes
95546,29579,Groundnuts,20,14/11/2024,25,Yes,Yes
95561,29581,Soybean,25,10/12/2024,45,Yes,Yes
95562,29584,Soybean,25,12/12/2024,50,Yes,Yes
110826,29591,Beans,20,02/02/2025,60,Yes,Yes
110827,29593,Beans,20,09/02/2025,90,Yes,Yes
110821,29594,Beans,20,16/02/2025,60,No,Yes
84362,29599,Soybean,25,01/01/2025,5,Yes,Yes
87790,29600,Soybean,25,08/12/2024,5,Yes,Yes
83968,29601,Groundnuts,20,10/11/2024,5,Yes,Yes
95553,29618,Groundnuts,20,13/11/2024,25,Yes,Yes
100513,29625,Groundnuts,20,16/01/2025,60,No,Yes
103185,29626,Beans,20,03/02/2025,70,No,Yes
101783,29628,Beans,20,04/02/2025,60,No,Yes
87332,29631,Soybean,25,02/01/2025,5,Yes,Yes
86275,27219,Groundnuts,20,15/11/2024,45,Yes,Yes
94651,27220,Groundnuts,20,25/11/2024,45,Yes,Yes
94643,27220,Soybean,25,05/01/2025,45,Yes,Yes
97975,27236,Soybean,25,17/12/2024,46,Yes,Yes
94136,27245,Groundnuts,20,05/12/2024,45,Yes,Yes
94143,27245,Soybean,25,15/12/2024,45,Yes,Yes
79491,2725,Soybean,10,14/11/2024,50,Yes,Yes
97989,27255,Soybean,25,27/12/2024,38,No,Yes
97990,27257,Soybean,25,20/12/2024,58,No,Yes
87190,27262,Groundnuts,60,19/12/2024,45,Yes,Yes
87189,27262,Soybean,75,29/12/2024,50,Yes,Yes
90630,27265,Groundnuts,20,15/12/2024,45,Yes,Yes
90713,27265,Soybean,25,14/12/2024,45,Yes,Yes
86204,27266,Soybean,25,27/12/2024,45,Yes,Yes
94073,27267,Soybean,25,29/12/2024,45,Yes,Yes
101905,2727,Beans,40,04/02/2025,10,No,Yes
102591,2728,Beans,20,05/02/2025,40,No,Yes
87030,27285,Groundnuts,20,19/11/2024,45,Yes,Yes
80499,27287,Soybean,25,22/12/2024,47,Yes,Yes
102264,27295,Beans,20,07/02/2025,30,No,Yes
110157,29643,Beans,20,12/02/2025,50,No,Yes
91711,29646,Soybean,50,09/01/2025,5,Yes,Yes
113447,29656,Beans,20,05/02/2025,60,Yes,Yes
110817,29661,Beans,20,17/02/2025,60,Yes,Yes
101627,29683,Beans,40,05/02/2025,10,No,Yes
89972,29691,Groundnuts,20,20/11/2024,25,Yes,Yes
89973,29691,Soybean,25,25/12/2024,45,Yes,Yes
92746,29695,Soybean,25,23/12/2024,50,No,Yes
101634,29698,Beans,20,12/02/2025,13,No,Yes
87181,27306,Soybean,25,18/12/2024,45,Yes,Yes
82900,27307,Soybean,25,23/12/2024,45,Yes,Yes
86472,27308,Soybean,25,20/11/2024,45,Yes,Yes
105139,2731,Beans,20,07/02/2025,10,No,Yes
109654,27312,Beans,20,07/02/2025,35,No,Yes
112749,27313,Beans,20,04/02/2025,40,No,Yes
84959,27313,Groundnuts,20,28/12/2024,75,No,Yes
104442,27316,Beans,40,27/01/2025,10,No,Yes
87139,27321,Soybean,25,05/01/2025,45,Yes,Yes
92587,27326,Soybean,25,27/12/2024,45,Yes,Yes
102389,27329,Beans,20,07/02/2025,10,No,Yes
101629,29699,Beans,20,04/02/2025,10,No,No
95558,29710,Soybean,25,20/12/2024,50,Yes,Yes
92752,29713,Soybean,25,28/12/2024,60,No,Yes
92750,29714,Soybean,25,20/12/2024,60,No,Yes
92764,29716,Soybean,25,14/01/2025,50,No,Yes
92768,29718,Soybean,25,20/12/2024,50,No,Yes
91201,29723,Soybean,25,18/12/2024,50,Yes,Yes
92758,29724,Soybean,25,13/01/2025,60,No,Yes
97981,29728,Soybean,25,21/12/2024,55,No,Yes
92744,29731,Soybean,25,15/12/2024,50,No,Yes
89311,29745,Groundnuts,20,15/11/2024,25,Yes,Yes
92569,29748,Soybean,25,28/09/2024,45,Yes,Yes
102385,27335,Beans,20,05/02/2025,10,No,Yes
102384,27337,Beans,20,08/02/2025,10,No,Yes
104150,27339,Beans,20,03/03/2025,10,No,Yes
86529,27344,Soybean,25,25/12/2024,45,Yes,Yes
92173,27345,Soybean,25,26/12/2024,45,Yes,Yes
93989,27353,Soybean,25,10/01/2025,45,Yes,Yes
100084,27369,Soybean,25,17/12/2024,45,Yes,Yes
99305,27371,Soybean,25,23/11/2024,45,Yes,Yes
93343,27386,Groundnuts,20,26/12/2024,35,Yes,Yes
102726,27387,Beans,40,21/02/2025,50,Yes,Yes
105290,27396,Beans,20,20/02/2025,50,Yes,Yes
97983,29754,Soybean,25,26/12/2024,37,Yes,Yes
98027,29755,Soybean,25,27/12/2024,32,No,Yes
113561,29759,Beans,20,10/02/2025,60,No,Yes
110003,2976,Beans,60,03/02/2025,75,No,Yes
95183,29760,Soybean,25,10/12/2024,65,Yes,Yes
103164,29761,Beans,20,03/02/2025,10,No,Yes
82986,29770,Soybean,20,17/12/2024,45,Yes,Yes
80911,29771,Groundnuts,20,17/11/2024,50,Yes,Yes
107976,29773,Beans,120,10/02/2025,10,No,Yes
108319,29774,Beans,40,30/01/2025,15,No,Yes
106184,29776,Beans,20,06/02/2025,75,No,Yes
85020,29777,Groundnuts,20,12/12/2024,10,Yes,Yes
94526,29778,Groundnuts,20,18/11/2024,10,Yes,Yes
102680,2740,Beans,40,01/02/2025,10,No,Yes
87137,27402,Soybean,200,27/12/2024,50,No,Yes
102249,2741,Beans,20,02/02/2025,10,No,Yes
114462,27410,Beans,20,22/02/2025,60,No,Yes
116775,27420,Beans,20,10/03/2025,50,No,Yes
103232,27434,Beans,20,03/02/2025,10,No,Yes
103242,27441,Beans,40,08/02/2025,10,No,Yes
100408,27445,Groundnuts,20,15/01/2025,50,No,Yes
100401,27446,Groundnuts,20,05/01/2025,50,No,Yes
100400,27449,Groundnuts,20,19/12/2024,50,No,Yes
100409,27450,Groundnuts,20,15/01/2025,50,No,Yes
94529,29778,Soybean,25,25/12/2024,5,Yes,Yes
110002,2978,Beans,20,03/02/2025,65,No,Yes
92954,29781,Soybean,25,06/01/2025,5,Yes,Yes
85517,29784,Soybean,25,20/01/2025,45,No,Yes
87655,29786,Soybean,25,18/12/2024,45,No,Yes
87658,29792,Soybean,25,17/12/2024,45,No,Yes
88183,29794,Groundnuts,20,20/11/2024,10,No,Yes
82460,29804,Soybean,50,25/12/2024,5,Yes,Yes
87801,29807,Groundnuts,20,12/11/2024,10,Yes,Yes
109432,2981,Beans,20,05/02/2025,75,No,Yes
106188,29814,Beans,40,07/02/2025,75,No,Yes
102180,2746,Beans,40,03/02/2025,10,No,Yes
110263,27463,Beans,20,05/02/2025,40,No,Yes
111206,27464,Beans,20,01/03/2025,60,No,Yes
100459,27473,Groundnuts,20,22/01/2025,50,No,Yes
100443,27476,Groundnuts,40,15/01/2025,50,No,Yes
92734,27481,Soybean,25,20/12/2024,60,No,Yes
98009,27483,Soybean,25,28/12/2024,48,Yes,Yes
98021,27489,Soybean,25,19/12/2024,55,No,Yes
98022,27490,Soybean,25,29/12/2024,41,No,Yes
98035,27492,Soybean,25,01/01/2025,46,Yes,Yes
98038,27497,Soybean,25,19/12/2024,48,No,Yes
91345,27520,Soybean,50,22/12/2024,50,Yes,Yes
102067,29815,Beans,20,09/02/2025,75,No,Yes
89524,29820,Soybean,25,27/12/2024,45,No,Yes
91652,29824,Soybean,25,27/11/2024,45,No,Yes
87665,29825,Groundnuts,20,23/11/2024,10,No,Yes
87656,29826,Soybean,25,20/12/2024,45,No,Yes
91648,29828,Soybean,25,22/12/2024,45,No,Yes
91841,29832,Groundnuts,20,22/11/2024,8,No,Yes
88844,29836,Groundnuts,20,18/12/2024,45,No,Yes
81544,29836,Soybean,25,16/12/2024,45,Yes,Yes
83250,29839,Soybean,25,27/12/2024,45,No,Yes
90140,29840,Soybean,25,19/12/2024,40,No,Yes
91654,29843,Groundnuts,20,15/11/2024,45,No,Yes
86292,29844,Soybean,25,30/12/2024,45,No,Yes
88190,29846,Soybean,25,26/12/2024,45,No,Yes
87642,29847,Soybean,25,27/12/2024,45,No,Yes
116281,27524,Beans,20,25/02/2025,10,No,Yes
108245,27525,Beans,60,12/02/2025,60,No,Yes
115379,27529,Beans,40,23/02/2025,60,No,Yes
108660,27534,Beans,60,15/02/2025,60,No,Yes
117923,27545,Beans,20,27/02/2025,10,No,Yes
118311,27547,Beans,20,26/02/2025,10,No,Yes
117926,27550,Beans,20,01/03/2025,10,No,Yes
108538,27552,Beans,20,08/02/2025,20,No,Yes
107022,27559,Beans,20,18/02/2025,10,No,Yes
114584,27572,Beans,20,28/02/2025,50,No,Yes
114588,27573,Beans,20,08/03/2025,50,No,Yes
102519,27581,Beans,20,07/02/2025,60,No,Yes
84677,27585,Beans,1,15/11/2024,50,Yes,Yes
122213,27587,Beans,20,03/02/2025,75,No,Yes
102952,27591,Beans,20,02/02/2025,50,No,Yes
102974,27593,Beans,40,07/02/2025,60,No,Yes
87283,27602,Soybean,25,09/12/2024,50,Yes,Yes
86013,27603,Soybean,25,26/12/2024,50,Yes,Yes
87916,27604,Soybean,25,26/12/2024,50,Yes,Yes
108650,27611,Beans,80,12/02/2025,60,No,Yes
109665,27617,Beans,80,17/02/2025,50,No,Yes
87641,29851,Soybean,25,07/11/2024,45,No,Yes
95274,29868,Soybean,25,24/12/2024,40,No,Yes
108845,29916,Beans,20,10/02/2025,30,No,Yes
93737,29927,Groundnuts,20,01/01/2025,50,No,Yes
80929,29929,Groundnuts,20,16/12/2024,50,No,Yes
84381,29930,Soybean,50,14/12/2024,5,Yes,Yes
96179,29952,Soybean,25,23/12/2024,50,No,Yes
95094,29973,Soybean,25,28/12/2024,40,No,Yes
119012,29981,Beans,20,09/02/2025,90,Yes,Yes
102991,29995,Beans,20,07/02/2025,60,No,Yes
108646,27618,Beans,20,22/02/2025,60,No,Yes
116241,27619,Beans,80,17/02/2025,60,No,Yes
109662,27625,Beans,60,12/01/2025,60,No,Yes
113560,27629,Beans,40,10/02/2025,60,No,Yes
113632,27640,Beans,20,15/02/2025,60,No,Yes
113631,27641,Beans,20,07/02/2025,60,No,Yes
110769,27652,Beans,40,05/02/2025,60,No,Yes
113630,27655,Beans,20,12/02/2025,60,No,Yes
109605,27658,Beans,80,05/02/2025,70,No,Yes
94949,27674,Soybean,25,06/12/2024,45,Yes,Yes
90669,29996,Soybean,25,30/01/2025,50,Yes,Yes
91826,29997,Groundnuts,20,03/01/2025,5,No,Yes
119321,30001,Beans,20,16/02/2025,100,Yes,No
112091,30019,Beans,20,08/02/2025,90,Yes,Yes
118997,30020,Beans,20,25/01/2025,90,Yes,No
95650,30033,Soybean,25,29/12/2024,40,No,Yes
83046,30044,Soybean,25,10/12/2024,50,No,No
96172,30045,Soybean,25,23/12/2024,50,Yes,Yes
84574,30046,Soybean,25,29/12/2024,50,No,Yes
81246,27676,Soybean,25,20/12/2024,45,Yes,Yes
94939,27679,Groundnuts,20,11/11/2024,20,No,Yes
94937,27679,Soybean,25,06/01/2025,50,Yes,Yes
97896,27680,Soybean,25,26/12/2024,45,Yes,Yes
105440,27688,Beans,20,04/02/2025,80,No,No
103599,27695,Beans,40,02/02/2025,60,No,Yes
103469,27698,Beans,20,01/02/2025,60,No,Yes
95387,27712,Soybean,25,19/01/2025,50,Yes,Yes
97437,27727,Soybean,25,11/11/2024,45,Yes,Yes
85597,27728,Soybean,25,17/11/2024,45,Yes,Yes
99065,27729,Groundnuts,20,08/11/2024,15,No,Yes
94931,27731,Groundnuts,20,15/11/2024,20,No,Yes
111198,27747,Beans,20,28/02/2025,60,No,Yes
103470,27748,Beans,20,05/02/2025,60,No,Yes
102914,27750,Beans,20,07/02/2025,100,Yes,Yes
103608,27755,Beans,40,02/02/2025,60,No,Yes
103626,27760,Beans,20,02/02/2025,60,No,Yes
94953,27772,Soybean,25,05/01/2025,50,Yes,Yes
97894,27781,Groundnuts,20,12/11/2024,15,No,Yes
98249,27782,Groundnuts,20,13/11/2024,15,No,Yes
94405,30054,Soybean,25,07/01/2025,50,No,Yes
95095,30072,Soybean,25,28/12/2024,40,No,Yes
95105,30075,Soybean,25,07/01/2025,40,No,Yes
107696,30076,Beans,40,18/02/2025,10,No,Yes
118979,30078,Beans,40,25/02/2025,60,No,Yes
86236,30091,Soybean,25,30/11/2024,45,Yes,Yes
87668,30094,Soybean,25,02/12/2024,45,No,Yes
90144,30099,Soybean,25,20/12/2024,40,No,Yes
86678,30116,Soybean,25,15/11/2024,45,No,Yes
90990,27787,Soybean,25,19/12/2024,45,Yes,Yes
83597,27795,Soybean,25,20/12/2024,45,Yes,Yes
94822,27797,Soybean,25,27/12/2024,50,Yes,Yes
99711,27802,Groundnuts,20,20/12/2024,30,No,Yes
92811,27809,Groundnuts,20,12/11/2024,20,Yes,Yes
95129,27813,Soybean,50,11/01/2025,50,Yes,Yes
89423,27830,Groundnuts,20,03/01/2025,50,No,Yes
94975,27833,Groundnuts,20,20/12/2024,45,Yes,Yes
94973,27833,Soybean,25,22/12/2024,45,Yes,Yes
84640,27845,Groundnuts,20,05/12/2024,30,No,Yes
84650,27850,Soybean,25,20/12/2024,50,Yes,Yes
99080,27852,Groundnuts,20,30/11/2024,20,No,Yes
92802,27853,Soybean,25,27/12/2024,50,Yes,Yes
106094,27860,Beans,20,08/03/2025,10,Yes,Yes
88930,27861,Soybean,25,03/01/2025,50,Yes,Yes
99696,27862,Groundnuts,20,15/11/2024,30,Yes,Yes
94825,27864,Soybean,50,03/01/2025,50,Yes,Yes
99715,27865,Groundnuts,20,15/11/2024,30,No,Yes
94589,27869,Groundnuts,20,15/11/2024,30,No,Yes
94584,27869,Soybean,25,30/12/2024,45,Yes,Yes
84236,27874,Soybean,25,02/01/2025,5,Yes,Yes
80872,27875,Soybean,25,20/12/2024,5,Yes,Yes
95063,3014,Soybean,50,15/01/2025,50,Yes,Yes
89952,30142,Groundnuts,40,03/01/2025,50,No,Yes
96680,3015,Maize,10,11/12/2024,70,No,Yes
102196,30151,Beans,20,12/02/2025,15,No,Yes
111697,30152,Beans,20,08/02/2025,12,No,No
102199,30153,Beans,20,09/02/2025,15,No,No
111695,30155,Beans,20,12/02/2025,14,No,No
111694,30156,Beans,20,06/02/2025,12,No,No
103226,30169,Beans,20,03/02/2025,60,No,Yes
103691,30170,Beans,20,02/02/2025,60,No,Yes
103702,30192,Beans,20,03/02/2025,60,No,Yes
102209,30194,Soybean,40,02/02/2025,8,No,Yes
83045,30199,Soybean,25,25/12/2024,50,No,Yes
95933,30210,Soybean,25,03/01/2025,15,No,Yes
112748,30215,Beans,10,07/02/2025,40,No,Yes
112003,30218,Beans,10,05/02/2025,35,No,Yes
101819,30224,Beans,20,10/02/2025,60,No,Yes
86294,30232,Soybean,25,30/12/2024,45,No,Yes
93598,3024,Soybean,25,04/01/2025,50,Yes,Yes
84756,30241,Soybean,25,20/01/2025,45,No,Yes
106260,30249,Beans,20,05/02/2025,75,No,Yes
102439,30250,Beans,20,04/02/2025,80,No,No
103620,30251,Beans,20,02/02/2025,60,No,Yes
102438,30252,Beans,20,05/02/2025,90,No,No
85123,27876,Groundnuts,25,14/11/2024,10,Yes,Yes
84941,27877,Groundnuts,20,10/12/2024,10,Yes,Yes
83961,27883,Soybean,25,15/11/2024,5,Yes,Yes
82605,27889,Soybean,50,19/11/2024,5,Yes,Yes
99920,27891,Soybean,25,15/12/2024,45,Yes,Yes
83063,27892,Groundnuts,20,28/12/2024,35,No,Yes
84214,27895,Groundnuts,20,10/12/2024,10,Yes,Yes
82003,27897,Groundnuts,20,13/11/2024,10,Yes,Yes
83611,27905,Soybean,25,18/12/2024,45,Yes,Yes
99745,27907,Groundnuts,20,18/11/2024,20,No,Yes
112094,30258,Beans,20,10/02/2025,100,Yes,Yes
115880,30259,Beans,20,18/02/2025,90,Yes,Yes
105906,30260,Beans,20,12/02/2025,90,No,No
112125,30262,Beans,20,02/02/2025,90,Yes,Yes
103058,30276,Beans,20,08/02/2025,70,No,Yes
102080,30277,Beans,20,10/02/2025,70,No,Yes
105308,30286,Beans,20,05/02/2025,59,No,Yes
106196,30294,Beans,40,06/02/2025,75,No,Yes
104391,30307,Beans,20,05/02/2025,57,No,Yes
104407,30308,Beans,20,07/02/2025,60,No,Yes
112750,30309,Beans,20,06/02/2025,35,No,Yes
109278,30312,Beans,20,04/02/2025,12,No,No
103178,30316,Beans,20,05/02/2025,45,No,Yes
102992,30319,Beans,20,04/02/2025,60,No,Yes
102289,30327,Beans,20,01/02/2025,10,No,Yes
102686,30328,Beans,20,01/02/2025,10,No,Yes
102958,30333,Beans,20,02/02/2025,45,No,Yes
105597,30341,Beans,20,03/02/2025,50,No,Yes
105609,30346,Beans,20,05/02/2025,50,No,No
105605,30348,Beans,20,10/02/2025,60,No,Yes
102620,30349,Beans,20,05/02/2025,70,No,Yes
105671,30350,Beans,20,05/02/2025,45,No,Yes
99719,27912,Groundnuts,20,29/12/2024,30,No,Yes
99701,27914,Groundnuts,20,15/12/2024,30,Yes,Yes
98217,27915,Soybean,50,02/01/2025,50,Yes,Yes
99092,27917,Soybean,25,28/11/2024,50,Yes,Yes
104101,27928,Beans,20,03/03/2025,50,No,Yes
94452,27930,Groundnuts,20,14/11/2024,10,Yes,Yes
82385,27935,Soybean,25,03/01/2025,5,Yes,Yes
104277,27950,Beans,20,04/02/2025,35,No,Yes
104167,27951,Beans,20,06/02/2025,50,No,Yes
104098,27957,Beans,20,05/03/2025,45,No,Yes
95494,27960,Soybean,25,04/01/2025,50,Yes,Yes
95492,27961,Groundnuts,20,08/01/2025,50,No,Yes
100165,27964,Groundnuts,20,03/12/2024,30,Yes,Yes
108643,27991,Beans,20,17/02/2025,60,No,Yes
80745,28001,Soybean,25,16/12/2024,70,Yes,Yes
90918,28007,Groundnuts,20,16/11/2024,50,Yes,Yes
84825,28008,Groundnuts,20,14/11/2024,50,Yes,Yes
97191,28009,Soybean,100,01/01/2025,50,Yes,Yes
101923,2801,Beans,20,07/02/2025,10,Yes,Yes
98533,28020,Soybean,50,29/12/2024,60,Yes,Yes
88311,30354,Soybean,25,29/11/2024,45,Yes,Yes
106089,30361,Beans,20,14/02/2025,10,No,Yes
79974,30366,Groundnuts,20,12/11/2024,45,Yes,Yes
89997,30377,Soybean,25,15/12/2024,50,Yes,Yes
99782,30382,Soybean,25,28/11/2024,50,No,Yes
99784,30383,Groundnuts,80,28/11/2024,6,No,Yes
99779,30384,Soybean,25,26/11/2024,50,No,No
96374,3041,Soybean,25,15/01/2025,50,Yes,Yes
109858,30423,Beans,20,17/01/2025,60,No,Yes
103777,28025,Beans,20,04/02/2025,45,No,Yes
94908,2803,Soybean,50,10/01/2025,50,Yes,Yes
103780,28031,Beans,20,04/02/2025,45,No,Yes
103786,28036,Beans,20,05/02/2025,45,No,No
103783,28037,Beans,20,04/02/2025,42,No,Yes
89894,28043,Soybean,25,07/01/2025,45,Yes,Yes
96993,28044,Soybean,25,26/12/2024,50,Yes,Yes
91536,28048,Soybean,25,04/01/2025,45,Yes,Yes
104392,28050,Beans,20,07/02/2025,61,No,Yes
84904,28052,Soybean,50,12/12/2024,10,No,Yes
107386,30424,Beans,20,15/02/2025,60,No,Yes
109846,30426,Beans,20,13/01/2025,60,No,Yes
99611,3043,Soybean,25,06/01/2025,50,Yes,Yes
107492,30432,Beans,20,13/01/2025,70,No,Yes
109860,30434,Beans,20,12/01/2025,60,No,Yes
109861,30435,Beans,20,14/01/2025,60,Yes,Yes
109923,30438,Beans,20,14/01/2025,60,No,Yes
84905,28057,Groundnuts,20,14/12/2024,5,No,Yes
83204,28058,Groundnuts,20,24/12/2024,10,No,Yes
103163,28060,Beans,20,08/02/2025,60,No,Yes
82439,28062,Soybean,25,18/12/2024,10,No,Yes
83205,28064,Groundnuts,20,09/12/2024,5,No,Yes
103245,28078,Beans,20,11/02/2025,60,No,Yes
97351,28084,Groundnuts,25,05/01/2025,30,No,Yes
94456,28088,Soybean,25,15/12/2024,5,Yes,Yes
78831,2809,Soybean,25,13/12/2024,50,Yes,Yes
95080,2810,Soybean,25,10/01/2025,50,Yes,Yes
84912,28104,Soybean,25,25/12/2024,25,No,Yes
95065,2811,Soybean,25,17/01/2025,50,Yes,Yes
84908,28114,Groundnuts,20,13/12/2024,10,Yes,Yes
84928,28122,Soybean,25,14/12/2024,25,Yes,Yes
103278,28127,Beans,20,02/02/2025,60,No,Yes
103247,28140,Beans,20,04/02/2025,60,No,Yes
87743,28143,Groundnuts,20,10/12/2024,10,Yes,Yes
87747,28146,Soybean,25,20/12/2024,5,Yes,Yes
114657,28149,Beans,20,08/03/2025,35,No,Yes
93010,2816,Maize,10,24/12/2024,70,No,Yes
78211,2816,Soybean,25,14/12/2024,55,Yes,Yes
97367,28170,Soybean,25,15/12/2024,45,No,Yes
84913,28173,Soybean,25,19/12/2024,10,No,Yes
113375,30448,Beans,20,10/02/2025,60,Yes,Yes
113374,30453,Beans,20,01/03/2025,100,Yes,Yes
113371,30456,Beans,20,20/02/2025,100,Yes,Yes
113359,30461,Beans,20,01/03/2025,100,Yes,Yes
112484,30470,Beans,20,12/02/2025,60,Yes,Yes
112996,30471,Beans,20,15/02/2025,60,Yes,Yes
102022,30503,Beans,20,01/02/2025,80,No,Yes
96164,30504,Soybean,25,12/12/2024,50,No,Yes
83047,30505,Soybean,25,05/12/2024,50,No,Yes
83049,30506,Soybean,25,05/12/2024,50,No,Yes
96166,30510,Soybean,25,28/12/2024,50,No,Yes
88810,30519,Groundnuts,20,01/01/2025,50,No,Yes
88973,30524,Groundnuts,20,20/12/2024,50,No,Yes
110755,30531,Beans,20,03/02/2025,10,No,Yes
89529,30537,Soybean,25,24/12/2024,45,No,No
86679,30539,Soybean,25,23/12/2024,45,No,Yes
91658,30540,Soybean,25,09/12/2024,45,No,Yes
91661,30545,Soybean,25,15/12/2024,45,No,Yes
90579,30549,Soybean,25,15/12/2024,45,No,Yes
83199,28174,Soybean,25,23/12/2024,5,No,Yes
78227,2818,Soybean,25,12/12/2024,50,Yes,Yes
91444,28185,Groundnuts,20,25/12/2024,45,No,Yes
95700,28185,Soybean,25,01/01/2025,45,Yes,Yes
94412,28186,Groundnuts,20,01/01/2025,45,No,Yes
106575,28187,Beans,20,05/02/2025,70,No,Yes
106573,28190,Beans,20,05/02/2025,70,No,Yes
106552,28191,Beans,20,05/02/2025,70,No,Yes
106557,28194,Beans,40,03/02/2025,70,No,Yes
106568,28199,Beans,20,05/02/2025,70,No,Yes
106566,28201,Beans,40,06/02/2025,70,No,Yes
106548,28203,Beans,20,10/02/2025,70,No,Yes
118514,28206,Beans,20,28/02/2025,50,No,Yes
95330,30557,Soybean,25,05/01/2025,50,No,Yes
102239,30567,Beans,20,10/02/2025,45,Yes,Yes
118195,30592,Beans,20,10/03/2025,50,No,Yes
103252,30601,Beans,40,05/02/2025,10,No,Yes
95044,30609,Groundnuts,20,16/12/2024,45,No,Yes
93258,30625,Beans,800,20/01/2025,15,No,Yes
100597,30628,Beans,40,24/01/2025,12,Yes,Yes
100598,30629,Beans,40,24/01/2025,15,Yes,Yes
85131,3067,Soybean,1,20/12/2024,50,Yes,Yes
91542,30691,Soybean,5,26/11/2024,45,Yes,Yes
114539,28208,Beans,60,12/02/2025,80,Yes,Yes
118207,28210,Beans,20,05/03/2025,50,No,Yes
85320,32272,Groundnuts,20,10/12/2024,10,Yes,Yes
83400,32297,Groundnuts,20,21/11/2024,45,No,Yes
93177,2963,Soybean,25,02/01/2025,50,Yes,Yes
85072,29631,Groundnuts,20,20/11/2024,5,Yes,Yes
94464,29632,Soybean,25,17/12/2024,5,Yes,Yes
110819,29639,Beans,20,15/02/2025,60,Yes,Yes
83171,29644,Groundnuts,20,13/11/2024,10,Yes,Yes
92956,29645,Soybean,50,16/01/2025,5,Yes,Yes
94460,29650,Groundnuts,20,12/11/2024,10,Yes,Yes
94461,29650,Soybean,25,18/12/2024,5,Yes,Yes
119699,29653,Beans,20,14/02/2025,60,No,Yes
110825,29660,Beans,20,07/02/2025,60,Yes,Yes
87330,29663,Soybean,25,02/01/2025,5,Yes,Yes
92052,32300,Soybean,50,20/12/2024,45,Yes,Yes
87915,32310,Soybean,25,26/12/2024,50,Yes,Yes
87281,32311,Soybean,25,27/12/2024,50,Yes,Yes
95852,32316,Soybean,25,23/11/2024,80,Yes,Yes
98770,32318,Soybean,50,27/12/2024,55,Yes,Yes
84958,32321,Groundnuts,20,01/01/2025,50,No,Yes
97224,32327,Soybean,25,01/01/2025,45,Yes,Yes
100613,32337,Soybean,25,10/02/2025,60,Yes,Yes
96479,32345,Soybean,25,22/12/2024,40,No,Yes
98429,29668,Soybean,25,02/01/2025,70,Yes,Yes
107127,29679,Beans,20,06/02/2025,12,Yes,Yes
93754,29690,Soybean,25,19/12/2024,50,Yes,Yes
104661,29700,Beans,20,14/03/2025,10,Yes,Yes
92748,29720,Soybean,25,07/01/2025,60,No,Yes
92760,29722,Soybean,25,13/01/2025,60,No,Yes
92754,29733,Soybean,25,28/12/2024,50,No,Yes
95555,29746,Soybean,25,27/12/2024,45,Yes,Yes
95565,29749,Soybean,25,10/12/2024,50,Yes,Yes
95538,29750,Groundnuts,20,17/11/2024,25,Yes,Yes
113578,29763,Beans,20,10/02/2025,60,No,Yes
79316,29769,Groundnuts,20,11/11/2024,50,Yes,Yes
102348,29772,Beans,20,08/02/2025,15,No,Yes
85161,29779,Groundnuts,20,09/11/2024,10,Yes,Yes
92952,29780,Soybean,25,08/01/2025,5,Yes,Yes
84097,29782,Groundnuts,20,12/12/2024,35,No,Yes
88184,29791,Soybean,25,15/11/2024,45,No,Yes
88188,29793,Soybean,25,17/12/2024,45,No,Yes
89523,29795,Soybean,25,26/12/2024,45,No,Yes
87662,29799,Soybean,25,18/12/2024,45,No,Yes
110000,2980,Beans,40,04/02/2025,75,No,Yes
87639,29800,Groundnuts,20,07/11/2024,16,No,Yes
87663,29800,Soybean,25,20/11/2024,45,No,Yes
84903,29805,Soybean,25,27/11/2024,5,Yes,Yes
102233,29809,Beans,20,04/02/2025,60,No,Yes
102523,29810,Beans,20,03/02/2025,60,No,Yes
83168,29811,Soybean,25,24/12/2024,5,Yes,Yes
102994,29813,Beans,60,03/02/2025,60,No,Yes
102063,29816,Beans,20,05/02/2025,75,No,Yes
103531,29817,Beans,20,30/01/2025,35,No,Yes
102613,29818,Beans,20,28/02/2025,30,No,Yes
96548,32358,Soybean,25,19/12/2024,40,No,Yes
96505,32359,Soybean,25,29/12/2024,12,No,Yes
85431,3236,Soybean,25,05/01/2025,50,Yes,Yes
96490,32366,Soybean,25,28/12/2024,4,No,Yes
96492,32378,Soybean,25,31/12/2024,20,No,Yes
96546,32382,Soybean,25,15/12/2024,40,No,Yes
99230,32387,Soybean,25,02/01/2025,50,Yes,No
98766,32388,Soybean,25,29/12/2024,55,Yes,Yes
95334,32396,Soybean,25,26/12/2024,50,No,Yes
95375,32404,Soybean,25,01/01/2025,50,Yes,Yes
96514,32409,Beans,25,28/12/2024,40,No,Yes
96518,32417,Soybean,25,19/12/2024,40,No,Yes
96485,32421,Soybean,25,28/12/2024,40,No,Yes
96484,32422,Soybean,25,27/12/2024,40,No,Yes
94393,32425,Soybean,25,29/12/2024,50,No,Yes
85574,3243,Soybean,25,02/01/2025,50,Yes,Yes
95343,32433,Soybean,25,27/12/2024,50,No,Yes
94917,32445,Soybean,25,01/01/2025,45,Yes,Yes
98351,32450,Soybean,25,04/01/2025,35,No,Yes
109991,32459,Beans,80,13/02/2025,60,No,Yes
108885,2982,Beans,40,04/02/2025,75,No,Yes
87638,29825,Soybean,25,23/12/2024,45,No,Yes
88182,29827,Groundnuts,20,20/11/2024,10,No,Yes
88191,29831,Soybean,25,30/12/2024,45,No,Yes
90424,29838,Groundnuts,20,28/12/2024,45,No,Yes
103433,2984,Beans,80,03/02/2025,90,No,Yes
83999,29841,Soybean,25,22/12/2024,50,Yes,Yes
87647,29848,Groundnuts,20,20/12/2024,10,No,Yes
91655,29858,Soybean,25,27/12/2024,45,No,Yes
115490,29859,Beans,20,27/02/2025,60,No,Yes
103321,2986,Beans,40,02/02/2025,75,No,Yes
97938,32462,Soybean,25,03/01/2025,45,Yes,Yes
92617,32465,Soybean,25,18/12/2024,45,Yes,Yes
99929,32467,Soybean,50,27/11/2024,45,Yes,Yes
81782,32479,Groundnuts,40,17/12/2024,50,Yes,Yes
114475,32480,Beans,40,25/02/2025,60,No,Yes
80170,32489,Groundnuts,20,08/12/2024,45,No,Yes
78701,3250,Soybean,25,10/12/2024,50,Yes,Yes
78700,3251,Soybean,25,24/12/2024,50,Yes,Yes
117739,32527,Beans,40,23/02/2025,60,No,Yes
114471,32537,Beans,40,18/02/2025,60,No,Yes
122464,32549,Beans,20,13/03/2025,75,No,Yes
88589,32569,Soybean,25,28/12/2024,50,No,Yes
78706,3257,Soybean,50,12/12/2024,50,Yes,Yes
89889,32570,Soybean,25,14/01/2025,50,No,Yes
91357,32575,Soybean,25,02/01/2025,50,No,Yes
95333,32578,Soybean,25,25/12/2024,50,No,Yes
94401,32582,Soybean,25,02/12/2024,50,No,Yes
94400,32584,Soybean,25,22/12/2024,50,No,Yes
98191,32587,Groundnuts,20,20/11/2024,20,Yes,Yes
83915,32588,Soybean,50,20/12/2024,50,Yes,Yes
98196,32590,Soybean,50,22/11/2024,45,Yes,Yes
100694,32597,Soybean,25,14/12/2024,50,Yes,Yes
100669,32605,Soybean,25,28/12/2024,50,Yes,Yes
100667,32606,Soybean,25,21/12/2024,50,Yes,Yes
91896,32609,Groundnuts,20,14/12/2024,20,Yes,Yes
91681,32612,Soybean,25,26/11/2024,50,Yes,Yes
111025,32614,Beans,20,15/02/2025,60,No,Yes
118983,32616,Beans,40,24/02/2025,60,No,Yes
97380,32634,Soybean,25,24/12/2024,50,No,Yes
94074,32638,Soybean,25,04/01/2025,60,Yes,Yes
84383,32639,Soybean,25,24/12/2024,50,No,Yes
103320,2988,Beans,40,03/02/2025,85,No,Yes
82014,29880,Groundnuts,20,21/12/2024,45,No,Yes
88845,29883,Soybean,25,20/12/2024,45,No,Yes
79254,29887,Groundnuts,20,20/11/2024,45,No,Yes
89710,29889,Soybean,25,27/12/2024,45,No,Yes
95251,29892,Soybean,25,05/01/2025,46,Yes,Yes
82907,29904,Soybean,25,11/12/2024,50,Yes,Yes
82838,29906,Soybean,25,23/12/2024,50,Yes,Yes
108371,29917,Beans,20,03/02/2025,10,No,Yes
90139,29934,Soybean,25,20/12/2024,40,No,Yes
89533,29936,Soybean,25,23/12/2024,45,No,Yes
94411,29939,Groundnuts,20,28/12/2024,45,No,Yes
96174,29946,Soybean,25,28/12/2024,50,No,Yes
96177,29949,Soybean,25,28/12/2024,50,No,Yes
96200,29951,Soybean,25,23/12/2024,50,No,Yes
84562,29953,Soybean,25,28/12/2024,50,No,Yes
84563,29954,Soybean,25,28/12/2024,50,No,Yes
104478,29958,Beans,20,20/02/2025,50,Yes,Yes
84568,29962,Soybean,25,28/12/2024,50,No,No
106249,29965,Beans,40,01/02/2025,10,No,Yes
94380,29970,Soybean,25,16/12/2024,40,No,Yes
105829,29976,Beans,20,02/02/2025,15,No,Yes
103236,29978,Beans,20,02/02/2025,10,No,Yes
119315,29980,Beans,20,31/01/2025,85,Yes,Yes
119322,29984,Beans,20,10/02/2025,90,Yes,Yes
115633,29993,Beans,20,20/02/2025,90,Yes,Yes
91833,29998,Groundnuts,20,08/01/2025,8,No,Yes
107214,30007,Beans,20,05/02/2025,90,Yes,Yes
83181,32645,Soybean,25,14/12/2024,60,Yes,Yes
105313,32655,Beans,20,05/02/2025,55,No,Yes
104415,32658,Beans,20,07/02/2025,62,No,Yes
99493,32672,Soybean,25,18/12/2024,40,Yes,Yes
95941,32675,Soybean,25,23/12/2024,4,Yes,Yes
99495,32677,Soybean,25,15/12/2024,38,Yes,Yes
95990,32679,Soybean,25,28/11/2024,42,Yes,Yes
95998,32681,Soybean,25,27/12/2024,38,No,Yes
104163,32689,Beans,20,06/02/2025,50,No,Yes
103767,32699,Beans,20,05/02/2025,45,No,No
83539,32710,Soybean,25,17/12/2024,45,No,Yes
104043,32715,Beans,20,02/02/2025,55,No,No
105674,32716,Beans,20,04/02/2025,60,No,No
104108,32727,Beans,20,03/03/2025,65,No,Yes
104088,32735,Beans,20,03/03/2025,45,No,Yes
93455,3275,Soybean,75,21/12/2024,60,Yes,Yes
108185,32757,Beans,20,09/02/2025,10,Yes,Yes
95943,32767,Soybean,25,15/12/2024,10,Yes,Yes
92364,3278,Soybean,50,27/12/2024,60,Yes,Yes
112832,32785,Beans,40,13/02/2025,120,No,Yes
95241,32792,Soybean,25,20/12/2024,50,Yes,Yes
95930,32793,Soybean,25,03/01/2025,5,Yes,Yes
112090,30017,Beans,20,05/02/2025,100,Yes,Yes
119016,30021,Beans,20,08/02/2025,90,Yes,Yes
95639,30051,Soybean,25,23/12/2024,50,No,Yes
101133,30066,Soybean,25,17/12/2024,50,No,Yes
109152,30079,Beans,160,10/02/2025,60,No,Yes
90143,30092,Soybean,25,28/12/2024,40,No,Yes
86290,30109,Soybean,25,17/12/2024,45,No,Yes
89528,30115,Groundnuts,20,07/11/2024,10,No,Yes
105357,30121,Beans,40,02/02/2025,15,No,Yes
105356,30122,Beans,20,01/02/2025,10,No,Yes
95107,30129,Soybean,25,10/12/2024,40,No,Yes
94376,30130,Soybean,25,28/12/2024,40,No,Yes
104922,30137,Beans,40,13/02/2025,30,No,Yes
85482,30144,Groundnuts,20,03/01/2025,50,No,Yes
102198,30148,Beans,20,12/02/2025,12,No,Yes
102201,30149,Beans,20,13/02/2025,15,No,Yes
94900,3015,Soybean,25,13/01/2025,55,Yes,Yes
111698,30150,Beans,20,04/02/2025,14,No,No
102195,30159,Beans,20,04/02/2025,10,No,Yes
77889,3016,Soybean,25,14/12/2024,50,Yes,Yes
103274,30167,Beans,20,04/02/2025,60,No,Yes
107140,32819,Beans,80,15/02/2025,60,No,Yes
108982,32823,Beans,40,18/02/2025,60,No,Yes
79736,32827,Groundnuts,20,24/11/2024,20,No,Yes
90964,32831,Soybean,25,23/12/2024,45,Yes,Yes
92345,32833,Soybean,25,21/12/2024,45,Yes,Yes
93093,32834,Groundnuts,20,14/11/2024,20,No,Yes
90974,32835,Soybean,25,01/01/2025,45,Yes,Yes
92332,32837,Soybean,50,23/12/2024,45,Yes,Yes
99112,32847,Soybean,25,28/12/2024,50,No,Yes
103660,32854,Beans,20,02/02/2025,60,No,Yes
99354,32855,Soybean,25,19/12/2024,50,Yes,Yes
100604,32857,Soybean,25,15/12/2024,45,Yes,Yes
90671,32862,Groundnuts,20,17/11/2024,20,No,Yes
94301,32863,Groundnuts,20,28/11/2024,1,No,Yes
90679,32866,Groundnuts,20,29/12/2024,0,No,Yes
78783,32875,Soybean,25,08/12/2024,45,Yes,Yes
110204,32883,Beans,40,16/02/2025,60,No,Yes
115231,32890,Beans,20,05/03/2025,60,No,Yes
115235,32891,Beans,40,08/02/2025,50,No,Yes
95520,32899,Soybean,25,26/12/2024,50,Yes,Yes
114481,32903,Beans,40,26/02/2025,60,No,Yes
104190,32927,Beans,20,03/02/2025,60,No,Yes
81845,32928,Groundnuts,20,17/12/2024,60,No,Yes
96617,3018,Soybean,25,27/12/2024,50,Yes,Yes
102210,30193,Beans,20,07/02/2025,8,No,Yes
96671,3020,Soybean,25,16/01/2025,50,Yes,Yes
96160,30212,Soybean,25,09/12/2024,50,No,Yes
102064,30213,Beans,20,09/02/2025,75,No,Yes
109649,30214,Beans,35,08/02/2025,40,No,Yes
109648,30217,Beans,40,09/02/2025,35,No,Yes
88179,30229,Soybean,25,16/12/2024,45,No,Yes
90578,30234,Soybean,25,19/12/2024,45,No,Yes
84000,30241,Groundnuts,20,27/11/2024,30,No,Yes
91659,30243,Soybean,25,23/12/2024,45,No,Yes
93704,3293,Soybean,50,28/12/2024,50,Yes,Yes
90810,32931,Soybean,25,02/01/2025,60,Yes,Yes
109215,32935,Beans,20,13/02/2025,50,No,Yes
115566,32939,Beans,20,13/02/2025,50,No,Yes
97764,32944,Soybean,25,20/12/2024,45,Yes,Yes
93707,3295,Soybean,25,08/01/2025,9,Yes,Yes
93374,32963,Groundnuts,40,03/01/2025,3,No,Yes
93763,3297,Soybean,50,12/01/2025,14,Yes,Yes
90549,32974,Soybean,25,19/12/2024,65,Yes,Yes
95261,32985,Soybean,25,03/12/2024,60,No,Yes
90167,32986,Soybean,25,14/12/2024,50,Yes,Yes
103628,30254,Beans,40,01/02/2025,60,No,Yes
103671,30268,Beans,60,01/02/2025,60,No,Yes
104402,30269,Beans,20,06/02/2025,60,No,Yes
105592,30275,Beans,20,02/02/2025,50,No,Yes
105309,30287,Beans,20,06/02/2025,60,No,Yes
104386,30289,Beans,40,04/02/2025,60,No,Yes
92564,3029,Soybean,50,28/12/2024,60,Yes,Yes
104412,30291,Beans,20,06/02/2025,60,No,Yes
106177,30295,Beans,40,06/02/2025,75,No,Yes
104414,30304,Beans,20,06/02/2025,60,No,Yes
104399,30305,Beans,20,06/02/2025,60,No,Yes
104045,30310,Beans,20,04/02/2025,65,No,Yes
94342,32989,Soybean,25,01/01/2025,5,Yes,Yes
84591,32995,Soybean,25,30/01/2025,60,No,Yes
87265,32998,Soybean,25,29/11/2024,55,Yes,Yes
84588,33010,Soybean,58,21/12/2024,60,Yes,Yes
92720,33021,Soybean,25,21/12/2024,55,No,No
93423,33026,Soybean,25,04/12/2024,50,Yes,Yes
104218,33027,Beans,20,02/02/2025,50,No,Yes
98373,33039,Soybean,25,29/01/2025,35,No,Yes
98858,3304,Soybean,50,09/01/2025,50,Yes,Yes
98854,3305,Soybean,25,12/12/2024,25,Yes,Yes
98872,3306,Soybean,25,15/01/2025,50,Yes,Yes
99447,33060,Soybean,25,18/12/2024,45,Yes,Yes
99486,33065,Soybean,25,13/12/2024,36,Yes,Yes
89953,33067,Groundnuts,20,03/01/2025,50,No,Yes
109608,33070,Beans,40,09/01/2025,120,No,Yes
109609,33075,Beans,80,06/02/2025,60,No,Yes
91831,33084,Groundnuts,20,02/01/2025,9,No,Yes
93256,33085,Groundnuts,20,01/01/2025,10,No,Yes
102910,33088,Beans,20,10/02/2025,80,No,Yes
84901,33089,Groundnuts,20,24/12/2024,50,No,Yes
96602,3309,Soybean,25,10/01/2025,25,Yes,Yes
107622,33109,Beans,20,15/02/2025,15,No,Yes
102068,33111,Beans,20,09/02/2025,75,No,Yes
78076,33116,Soybean,25,12/12/2024,60,Yes,Yes
82638,33120,Soybean,175,26/12/2024,45,Yes,Yes
81948,33136,Groundnuts,20,21/12/2024,50,No,Yes
83982,33146,Soybean,40,06/01/2025,4,Yes,Yes
88601,33149,Soybean,50,01/01/2025,45,Yes,Yes
96597,3315,Soybean,25,15/01/2025,45,Yes,Yes
86015,33155,Soybean,45,02/01/2025,4,Yes,Yes
86473,33157,Soybean,25,01/01/2025,4,Yes,Yes
92642,33165,Soybean,50,02/01/2025,4,Yes,Yes
86660,33167,Soybean,50,01/01/2025,4,Yes,Yes
102359,30320,Beans,20,05/02/2025,60,No,Yes
94647,30322,Groundnuts,20,01/01/2025,50,No,Yes
87906,30324,Groundnuts,20,01/01/2025,50,No,Yes
102689,30329,Beans,20,01/02/2025,10,No,Yes
105672,30334,Beans,20,05/02/2025,55,No,Yes
104032,30340,Beans,20,05/03/2025,50,No,Yes
103053,30344,Beans,20,08/02/2025,73,No,Yes
105187,30363,Beans,20,22/02/2025,10,No,Yes
102493,30364,Beans,40,07/02/2025,45,No,Yes
96618,3037,Maize,10,10/12/2024,75,No,Yes
87907,30379,Groundnuts,20,04/01/2025,50,No,Yes
99780,30386,Groundnuts,1,28/11/2024,50,No,Yes
100484,30406,Soybean,25,28/12/2024,50,No,Yes
95495,30420,Soybean,25,09/01/2025,50,Yes,Yes
109843,30421,Beans,20,12/03/2025,60,No,Yes
107394,30428,Beans,20,16/01/2025,60,No,Yes
109865,30429,Beans,20,12/01/2025,60,Yes,Yes
109844,30439,Beans,20,05/02/2025,60,Yes,Yes
96918,3044,Soybean,25,12/12/2024,50,Yes,Yes
85352,33168,Soybean,25,02/01/2025,4,Yes,Yes
86281,33169,Soybean,50,02/01/2025,4,Yes,Yes
86476,33173,Soybean,25,01/01/2025,3,Yes,Yes
85437,33177,Soybean,75,04/01/2025,2,Yes,Yes
86280,33178,Soybean,25,02/01/2025,4,Yes,Yes
86477,33181,Soybean,25,01/01/2025,4,Yes,Yes
86662,33184,Soybean,25,03/01/2025,4,Yes,Yes
85971,33185,Soybean,100,01/01/2025,2,Yes,Yes
86664,33187,Soybean,25,02/01/2025,3,Yes,Yes
96651,3319,Soybean,25,26/12/2024,45,Yes,Yes
86666,33195,Soybean,75,01/01/2025,4,Yes,Yes
109634,30446,Beans,20,14/01/2025,60,No,Yes
113328,30458,Beans,20,11/02/2025,100,Yes,Yes
113330,30465,Beans,20,10/02/2025,100,Yes,Yes
109825,30466,Beans,20,12/02/2025,1,Yes,Yes
112494,30469,Beans,20,16/02/2025,60,No,Yes
96161,30508,Soybean,25,09/12/2024,50,No,Yes
99463,30511,Soybean,25,04/01/2025,75,No,Yes
95792,30513,Soybean,25,12/12/2024,44,No,Yes
95068,3320,Soybean,50,23/01/2025,60,Yes,Yes
86668,33201,Soybean,25,02/01/2025,3,Yes,Yes
86671,33227,Soybean,50,02/01/2025,5,Yes,Yes
91810,33234,Soybean,25,03/01/2025,50,No,Yes
91319,33235,Soybean,25,27/12/2024,50,No,Yes
93720,33236,Soybean,25,02/01/2025,50,No,Yes
94863,3324,Soybean,25,18/01/2025,19,Yes,Yes
95357,33240,Soybean,25,02/01/2025,50,No,Yes
95358,33241,Soybean,25,07/01/2025,50,No,Yes
85249,33245,Soybean,50,30/12/2024,50,No,Yes
95362,33246,Soybean,50,02/01/2025,50,No,Yes
103473,33252,Beans,20,02/02/2025,60,No,Yes
103614,33259,Beans,20,03/02/2025,60,No,Yes
91525,33265,Soybean,50,04/01/2025,45,Yes,Yes
91526,33267,Soybean,75,06/01/2025,45,Yes,Yes
97554,33283,Soybean,25,04/01/2025,50,No,Yes
96705,3331,Soybean,50,11/12/2024,50,Yes,Yes
92389,33316,Soybean,25,22/12/2024,20,Yes,Yes
89671,3332,Soybean,50,10/12/2024,60,Yes,Yes
80721,33335,Soybean,25,15/12/2024,67,Yes,Yes
96702,3338,Soybean,25,17/12/2024,65,Yes,Yes
93741,30522,Groundnuts,20,01/01/2025,50,No,Yes
108413,30535,Beans,20,13/02/2025,10,No,Yes
87653,30536,Soybean,25,17/12/2024,45,No,Yes
86291,30548,Groundnuts,20,15/11/2024,18,No,Yes
87645,30554,Soybean,25,20/12/2024,45,No,Yes
109388,30555,Beans,40,02/03/2025,50,No,Yes
95332,30564,Soybean,25,05/01/2025,50,No,Yes
103229,30566,Beans,20,05/02/2025,10,No,Yes
103181,30571,Beans,20,05/02/2025,45,Yes,Yes
117543,30585,Beans,40,05/03/2025,90,No,No
117548,30586,Beans,40,08/03/2025,50,No,Yes
118208,30587,Beans,20,10/03/2025,50,No,Yes
102206,30595,Beans,20,06/02/2025,8,No,Yes
102205,30596,Beans,20,08/02/2025,8,No,Yes
100595,30624,Beans,40,24/01/2025,12,Yes,Yes
93259,30626,Beans,60,21/01/2025,15,Yes,Yes
100593,30627,Beans,40,21/01/2025,15,Yes,Yes
93472,30682,Beans,40,04/01/2025,15,No,Yes
80526,30686,Soybean,25,15/12/2024,50,Yes,Yes
111965,30695,Beans,20,04/03/2025,10,No,Yes
118310,30696,Beans,20,25/02/2025,10,No,Yes
97571,33404,Soybean,25,04/01/2025,50,No,Yes
97575,33405,Soybean,21,04/01/2025,50,No,Yes
96553,33449,Soybean,25,21/12/2024,40,No,Yes
96570,33450,Soybean,25,19/12/2024,39,No,Yes
95286,3346,Soybean,25,30/12/2024,60,Yes,Yes
96554,33490,Soybean,25,21/12/2024,39,No,Yes
96542,33497,Soybean,25,19/12/2024,40,No,Yes
96543,33498,Soybean,25,17/12/2024,40,No,Yes
96532,33501,Soybean,25,16/12/2024,40,No,Yes
118209,33514,Beans,20,12/03/2025,50,No,Yes
108745,33520,Beans,40,27/02/2025,50,No,Yes
86749,33530,Soybean,75,26/12/2024,45,Yes,Yes
114589,33539,Beans,20,13/03/2025,50,No,No
91071,3355,Soybean,30,26/12/2024,50,Yes,Yes
115923,33560,Beans,20,15/02/2025,50,Yes,Yes
92606,3357,Soybean,25,06/01/2025,55,Yes,Yes
96519,33611,Soybean,25,17/12/2024,40,No,Yes
96521,33613,Soybean,25,21/12/2024,40,No,Yes
96523,33617,Soybean,25,17/12/2024,40,No,Yes
93227,33666,Soybean,25,15/12/2024,50,No,Yes
101811,33718,Beans,20,02/02/2025,60,Yes,Yes
102023,30697,Beans,20,05/02/2025,75,No,Yes
88725,30699,Soybean,25,01/01/2025,50,No,Yes
106561,30718,Beans,20,04/02/2025,70,No,Yes
102913,30725,Beans,20,09/02/2025,100,No,Yes
103541,30726,Beans,20,01/02/2025,60,No,Yes
103611,30727,Beans,20,02/02/2025,60,No,Yes
103591,30733,Beans,40,03/02/2025,75,No,Yes
105438,30734,Beans,20,03/02/2025,80,No,No
106164,30746,Beans,20,14/03/2025,15,Yes,Yes
85047,3075,Soybean,3,18/12/2024,50,Yes,Yes
82461,30751,Groundnuts,20,13/12/2024,45,No,Yes
110503,30756,Beans,80,17/02/2025,60,No,Yes
112751,30770,Beans,20,05/02/2025,40,No,Yes
109826,30778,Beans,20,10/02/2025,70,Yes,Yes
111143,30782,Beans,20,27/02/2025,60,Yes,No
115738,30784,Beans,20,26/02/2025,90,Yes,Yes
96916,3079,Soybean,25,10/01/2025,50,Yes,Yes
109806,30792,Beans,20,14/02/2025,60,Yes,Yes
109812,30795,Beans,20,12/02/2025,70,Yes,Yes
108154,30800,Beans,20,15/01/2025,8,Yes,Yes
108266,30802,Beans,20,09/02/2025,10,Yes,Yes
109827,30809,Beans,20,04/02/2025,60,Yes,Yes
93377,3372,Soybean,25,08/01/2025,60,Yes,Yes
93282,33781,Soybean,25,07/01/2025,50,No,Yes
109069,33808,Beans,10,06/02/2025,7,No,Yes
95388,3383,Soybean,10,10/01/2025,56,Yes,Yes
88456,33831,Groundnuts,20,23/12/2024,75,No,Yes
95369,3384,Soybean,51,06/01/2025,51,Yes,Yes
104283,33841,Beans,20,04/02/2025,50,No,Yes
86798,33842,Groundnuts,20,23/12/2024,75,No,Yes
109077,33844,Beans,10,07/02/2025,7,No,Yes
109075,33847,Beans,10,08/02/2025,7,No,Yes
109238,33851,Beans,10,08/02/2025,7,No,Yes
109071,33853,Beans,10,08/02/2025,7,No,Yes
109240,33854,Beans,20,07/02/2025,7,No,Yes
88499,33854,Groundnuts,45,25/12/2024,75,No,Yes
88730,33856,Groundnuts,20,23/12/2024,75,No,Yes
88500,33858,Groundnuts,20,23/12/2024,75,No,Yes
88731,33859,Groundnuts,20,20/12/2024,75,No,Yes
90389,3386,Soybean,25,04/01/2025,55,Yes,Yes
109243,33863,Beans,10,06/02/2025,7,No,Yes
103492,33876,Beans,20,04/02/2025,45,No,Yes
107416,33900,Beans,10,08/02/2025,1,No,Yes
86808,33901,Groundnuts,20,23/12/2024,75,No,Yes
86804,33905,Groundnuts,20,24/12/2024,75,No,Yes
109249,33906,Beans,10,06/02/2025,7,No,Yes
96914,3081,Soybean,25,15/12/2024,50,Yes,Yes
99028,3083,Soybean,50,10/12/2024,50,Yes,Yes
109178,30842,Beans,40,18/02/2025,60,Yes,Yes
105178,30844,Beans,20,26/02/2025,10,No,Yes
104889,30845,Beans,20,17/02/2025,10,No,Yes
95391,3085,Soybean,25,13/12/2024,55,Yes,Yes
98356,30858,Soybean,25,01/01/2025,40,No,Yes
95406,3086,Maize,10,02/01/2025,85,No,Yes
95378,3086,Soybean,50,02/01/2025,45,Yes,Yes
98329,30861,Soybean,25,01/12/2024,40,Yes,Yes
98343,30871,Soybean,25,29/12/2024,45,No,Yes
98340,30872,Soybean,25,12/12/2024,45,No,Yes
98344,30874,Soybean,25,28/12/2024,45,No,Yes
98367,30876,Soybean,25,02/01/2025,30,No,Yes
111129,30881,Beans,20,24/02/2025,80,Yes,Yes
92226,30893,Groundnuts,20,20/12/2024,4,No,Yes
110511,30899,Beans,40,18/02/2025,60,No,Yes
110505,30902,Beans,80,18/02/2025,60,No,Yes
117752,30908,Beans,20,26/02/2025,60,No,Yes
108648,30925,Beans,20,22/02/2025,55,No,Yes
95603,30931,Soybean,25,10/12/2024,40,No,Yes
109246,33907,Beans,10,07/02/2025,7,No,Yes
88464,33909,Groundnuts,20,22/12/2024,75,No,Yes
86814,33914,Groundnuts,20,23/12/2024,75,No,Yes
107408,33915,Beans,10,08/02/2025,1,No,Yes
88732,33921,Groundnuts,20,22/12/2024,75,No,Yes
86820,33922,Groundnuts,20,23/12/2024,75,No,Yes
86818,33923,Groundnuts,20,22/12/2024,75,No,Yes
84961,33929,Groundnuts,20,28/12/2024,75,No,No
109651,33931,Beans,40,09/02/2025,40,No,Yes
105274,33933,Beans,20,05/02/2025,3,No,Yes
104792,33934,Beans,20,06/02/2025,40,No,Yes
84969,33934,Groundnuts,20,28/12/2024,75,No,Yes
104791,33935,Beans,10,07/02/2025,35,No,Yes
101462,33935,Groundnuts,20,28/12/2024,75,No,No
83949,33938,Groundnuts,20,26/12/2024,75,No,Yes
108842,33946,Beans,20,15/02/2025,50,No,Yes
101928,33991,Beans,60,03/02/2025,57,No,Yes
85699,3401,Soybean,25,05/01/2025,45,Yes,Yes
109458,34032,Beans,40,18/02/2025,60,No,Yes
110512,34033,Beans,20,18/02/2025,60,No,Yes
109731,34043,Beans,80,16/02/2025,55,No,Yes
110504,34044,Beans,40,24/02/2025,60,No,Yes
95620,30935,Soybean,25,07/01/2025,40,No,Yes
95605,30951,Soybean,25,04/01/2025,40,No,Yes
95608,30965,Soybean,25,15/12/2024,40,No,Yes
99657,3097,Maize,10,12/12/2024,80,No,Yes
107209,30972,Beans,80,05/02/2025,10,No,Yes
107401,30974,Beans,40,05/02/2025,10,No,Yes
107207,30978,Beans,50,05/02/2025,10,No,Yes
89934,30978,Groundnuts,30,23/12/2024,75,No,Yes
95612,30991,Soybean,25,02/01/2025,40,No,Yes
106256,30997,Beans,20,05/02/2025,75,No,Yes
81773,30998,Soybean,40,25/12/2024,30,No,Yes
105695,31000,Beans,60,04/02/2025,40,No,Yes
101662,31005,Beans,40,08/02/2025,10,No,Yes
108608,31008,Beans,20,05/02/2025,10,No,Yes
95399,3101,Maize,10,16/12/2024,80,No,Yes
81088,3101,Soybean,25,11/12/2024,50,Yes,Yes
89939,31013,Groundnuts,30,20/12/2024,75,No,Yes
99407,3102,Soybean,25,10/01/2025,55,Yes,Yes
95324,3104,Soybean,25,12/12/2024,50,Yes,Yes
114469,31040,Beans,60,22/02/2025,60,No,Yes
92597,3408,Soybean,2,14/12/2024,50,Yes,Yes
89338,3410,Soybean,50,14/12/2024,50,Yes,Yes
104312,34126,Beans,40,05/02/2025,50,No,Yes
112989,34129,Beans,40,05/02/2025,45,No,Yes
89282,3413,Soybean,25,14/12/2024,45,Yes,Yes
99473,34141,Soybean,25,13/12/2024,40,Yes,Yes
99470,34144,Soybean,25,07/01/2025,38,Yes,Yes
96008,34147,Soybean,25,20/12/2024,60,Yes,Yes
104349,34151,Beans,20,03/02/2025,60,No,Yes
104243,34197,Beans,20,11/02/2025,65,No,Yes
102819,31052,Beans,20,10/02/2025,80,No,Yes
99467,31054,Soybean,25,19/12/2024,52,Yes,Yes
93750,31059,Beans,40,16/01/2025,15,No,Yes
95976,31060,Soybean,25,27/12/2024,50,Yes,Yes
114107,31068,Beans,20,01/03/2025,8,No,Yes
114655,31070,Beans,20,08/03/2025,30,No,Yes
109805,31074,Beans,20,10/02/2025,70,Yes,Yes
108160,31078,Beans,20,10/02/2025,70,Yes,Yes
96240,3108,Soybean,25,12/12/2024,45,Yes,Yes
95026,34200,Soybean,25,09/01/2025,45,No,Yes
96048,34204,Soybean,25,19/12/2024,50,No,Yes
83912,34209,Groundnuts,20,22/11/2024,25,No,Yes
78212,3421,Soybean,25,12/12/2024,50,Yes,Yes
93295,34217,Soybean,50,04/01/2025,50,No,Yes
98561,34226,Soybean,25,23/12/2024,50,No,Yes
92133,34227,Soybean,25,19/12/2024,50,Yes,Yes
89886,34235,Soybean,25,06/01/2025,50,No,Yes
92362,3110,Soybean,25,27/12/2024,50,No,Yes
111148,31109,Beans,20,18/02/2025,100,Yes,Yes
111147,31110,Beans,20,18/02/2025,90,Yes,Yes
115743,31111,Beans,20,20/02/2025,70,Yes,Yes
115745,31125,Beans,20,22/02/2025,100,Yes,Yes
111127,31127,Beans,20,24/02/2025,100,Yes,Yes
91666,3114,Soybean,50,01/01/2025,60,Yes,Yes
115744,31140,Beans,20,27/02/2025,90,Yes,Yes
111146,31143,Beans,20,15/02/2025,100,Yes,Yes
93373,31154,Groundnuts,20,03/01/2025,4,No,Yes
101943,31156,Beans,20,10/02/2025,60,No,Yes
105276,31170,Beans,20,05/03/2025,10,No,Yes
91701,3118,Soybean,25,24/12/2024,60,Yes,Yes
109283,31182,Beans,20,13/02/2025,11,No,No
112190,31191,Beans,20,01/03/2025,11,No,No
108729,31194,Beans,20,08/02/2025,11,No,No
108721,31206,Beans,40,01/02/2025,12,No,Yes
91851,31209,Soybean,25,03/01/2025,45,Yes,Yes
117547,31219,Beans,20,13/03/2025,50,No,No
96626,3122,Soybean,50,09/01/2025,45,No,Yes
117538,31220,Beans,20,27/02/2025,50,No,No
112171,31221,Beans,20,04/02/2025,15,No,Yes
95641,31223,Soybean,25,05/01/2025,50,No,Yes
99110,31227,Soybean,25,06/01/2025,50,No,Yes
101835,31233,Beans,20,05/02/2025,10,Yes,Yes
102398,34326,Beans,10,12/02/2025,10,No,Yes
86630,34326,Groundnuts,30,27/12/2024,75,No,Yes
84976,34327,Groundnuts,20,24/12/2024,75,No,Yes
109171,34329,Beans,10,13/02/2025,10,No,Yes
95169,3433,Soybean,25,07/01/2025,50,Yes,Yes
105710,34330,Beans,10,13/02/2025,10,No,Yes
84979,34330,Groundnuts,30,25/12/2024,75,No,Yes
84981,34332,Groundnuts,30,25/12/2024,75,No,Yes
102061,34336,Beans,40,05/02/2025,75,No,Yes
111390,34339,Beans,40,21/02/2025,60,No,Yes
107631,34341,Beans,40,15/02/2025,60,No,Yes
114485,34349,Beans,40,25/02/2025,60,No,Yes
111015,34354,Beans,40,15/02/2025,55,No,Yes
98212,3436,Soybean,50,18/01/2025,50,Yes,Yes
104311,34363,Beans,20,06/02/2025,60,Yes,Yes
104139,34364,Beans,20,02/02/2025,45,No,Yes
104295,34365,Beans,20,02/02/2025,45,No,Yes
104018,34372,Beans,20,02/02/2025,45,No,Yes
102466,34376,Beans,20,05/02/2025,60,No,Yes
102538,34378,Beans,20,07/02/2025,60,No,Yes
95030,34380,Soybean,100,04/01/2025,40,No,Yes
108973,34386,Beans,10,09/02/2025,60,No,Yes
87218,34386,Groundnuts,30,25/12/2024,75,No,Yes
88549,34387,Groundnuts,30,26/12/2024,75,No,Yes
93284,34389,Soybean,25,02/01/2025,50,No,Yes
93290,34390,Soybean,25,06/01/2025,50,No,Yes
93293,34392,Soybean,50,12/01/2025,50,No,Yes
89100,34396,Groundnuts,20,29/12/2024,75,No,Yes
99357,3440,Soybean,25,14/12/2024,60,Yes,Yes
107668,34400,Beans,10,05/03/2025,60,No,Yes
100048,3445,Soybean,75,01/12/2024,45,Yes,Yes
93934,34478,Soybean,25,26/12/2024,45,No,Yes
111402,34479,Beans,60,18/02/2025,60,No,Yes
88115,34481,Groundnuts,20,31/12/2024,75,No,Yes
108242,34483,Beans,10,10/02/2025,60,No,Yes
107792,34490,Beans,10,10/02/2025,60,No,Yes
107778,34492,Beans,10,07/02/2025,60,No,Yes
107789,34493,Beans,10,06/02/2025,60,No,Yes
107786,34497,Beans,10,05/02/2025,60,No,Yes
88555,34499,Groundnuts,20,26/12/2024,75,No,Yes
107770,34501,Beans,10,07/02/2025,60,No,Yes
88233,34501,Groundnuts,30,25/12/2024,75,No,Yes
107784,34502,Beans,10,07/02/2025,60,No,Yes
107766,34506,Beans,10,05/02/2025,60,No,Yes
88546,34506,Groundnuts,30,26/12/2024,75,No,Yes
107782,34507,Beans,10,07/02/2025,60,No,Yes
91098,34536,Soybean,25,04/01/2025,50,No,Yes
108854,34552,Beans,40,17/02/2025,60,No,Yes
100655,34556,Soybean,50,12/12/2024,50,No,No
100653,34558,Soybean,200,19/12/2024,50,No,No
106544,31239,Beans,20,04/02/2025,70,No,Yes
101659,31271,Beans,20,07/02/2025,10,No,Yes
93216,31276,Soybean,25,26/01/2025,40,No,Yes
110122,31287,Beans,40,07/02/2025,12,Yes,Yes
101709,31289,Beans,20,08/02/2025,11,Yes,Yes
111601,31295,Beans,20,05/02/2025,60,No,Yes
102498,31311,Beans,20,07/02/2025,12,No,Yes
110323,31315,Beans,40,19/02/2025,60,No,Yes
108853,31322,Beans,40,12/02/2025,50,No,Yes
106531,31328,Beans,20,18/02/2025,60,Yes,Yes
106532,31333,Beans,20,16/02/2025,70,Yes,Yes
109925,31344,Beans,20,17/01/2025,60,No,Yes
109928,31349,Beans,20,13/01/2025,60,Yes,Yes
109935,31351,Beans,20,12/01/2025,60,No,Yes
109918,31352,Beans,20,13/01/2025,60,Yes,Yes
109936,31353,Beans,20,14/01/2025,60,No,Yes
109940,31357,Beans,20,12/01/2025,60,No,Yes
113291,31361,Beans,20,15/02/2025,60,Yes,Yes
94138,3138,Soybean,25,29/12/2024,65,Yes,Yes
100651,34562,Soybean,25,20/12/2024,50,No,No
93703,34568,Soybean,50,15/12/2024,50,No,No
83261,3458,Soybean,50,26/12/2024,50,Yes,Yes
104697,34586,Beans,40,01/02/2025,60,No,Yes
93836,34595,Soybean,50,02/01/2025,35,No,No
104419,34598,Beans,20,07/02/2025,60,No,Yes
109154,34600,Beans,40,20/02/2025,60,No,Yes
107768,34613,Beans,10,10/02/2025,60,No,Yes
88575,34616,Groundnuts,10,29/12/2024,75,No,Yes
108580,34628,Beans,40,16/02/2025,60,No,Yes
102614,31383,Beans,20,05/02/2025,30,No,Yes
108826,31384,Beans,20,08/02/2025,14,No,No
104444,31386,Beans,20,01/02/2025,10,No,Yes
104452,31389,Beans,20,01/02/2025,10,No,Yes
84192,31393,Groundnuts,20,11/12/2024,50,No,Yes
93833,31397,Soybean,25,01/01/2025,50,Yes,Yes
100496,31410,Groundnuts,20,15/01/2025,50,No,Yes
84751,31423,Groundnuts,40,01/01/2025,50,No,Yes
81670,31426,Groundnuts,40,28/11/2024,50,No,Yes
82869,31428,Groundnuts,20,26/12/2024,50,No,Yes
99563,31430,Soybean,50,15/12/2024,50,No,Yes
94998,31442,Groundnuts,20,01/01/2025,50,No,Yes
109738,34631,Beans,40,15/02/2025,50,No,Yes
93376,34644,Soybean,25,24/12/2024,60,Yes,Yes
97578,34649,Soybean,25,04/01/2025,50,No,Yes
92963,3465,Soybean,50,06/01/2025,45,Yes,Yes
107749,34657,Beans,10,11/02/2025,60,No,Yes
88119,34661,Groundnuts,15,31/12/2024,75,No,Yes
107681,34665,Beans,10,07/02/2025,60,No,Yes
95000,31444,Groundnuts,20,01/01/2025,50,No,Yes
95003,31446,Groundnuts,20,06/01/2025,50,No,Yes
95004,31447,Groundnuts,20,02/01/2025,50,No,Yes
81545,31459,Soybean,25,19/12/2024,45,No,Yes
128954,31463,Beans,20,19/02/2025,60,Yes,Yes
127365,31472,Beans,20,12/02/2025,60,Yes,Yes
128955,31480,Beans,20,08/02/2025,20,Yes,Yes
95966,31487,Soybean,25,07/12/2024,23,No,Yes
95964,31488,Soybean,25,20/12/2024,35,Yes,Yes
95962,31489,Soybean,25,12/11/2024,45,No,Yes
99892,3151,Soybean,100,10/01/2025,45,No,Yes
100517,31517,Groundnuts,20,12/01/2025,70,No,Yes
101565,31523,Groundnuts,20,08/01/2025,60,No,Yes
113353,31526,Beans,20,11/02/2025,100,Yes,Yes
113354,31527,Beans,20,20/02/2025,100,Yes,Yes
113357,31530,Beans,20,15/02/2025,100,Yes,Yes
110530,31538,Beans,20,20/02/2025,45,No,Yes
110529,31541,Beans,40,12/02/2025,50,No,Yes
108865,31543,Beans,20,13/02/2025,50,No,Yes
94018,3155,Soybean,25,07/01/2025,45,No,Yes
107677,34667,Beans,10,05/02/2025,60,No,Yes
107679,34671,Beans,10,06/02/2025,60,No,Yes
87095,34671,Groundnuts,20,29/12/2024,75,No,Yes
87613,34674,Groundnuts,15,29/12/2024,75,No,Yes
107752,34676,Beans,10,07/02/2025,60,No,Yes
87612,34676,Groundnuts,15,01/01/2025,75,No,Yes
108893,34678,Beans,20,04/02/2025,75,No,Yes
108894,34679,Beans,10,04/02/2025,75,No,Yes
92152,34685,Groundnuts,30,25/12/2024,75,No,Yes
109012,34686,Beans,20,07/02/2025,75,No,Yes
92154,34686,Groundnuts,30,27/12/2024,75,No,Yes
92155,34687,Groundnuts,30,25/12/2024,75,No,Yes
103440,34689,Beans,20,06/02/2025,46,No,Yes
106643,34692,Beans,20,23/01/2025,10,No,Yes
92159,34696,Groundnuts,30,17/12/2024,75,No,Yes
108871,34699,Beans,20,05/02/2025,75,No,Yes
109174,34701,Beans,10,12/02/2025,10,No,Yes
89936,34702,Groundnuts,30,22/12/2024,75,No,Yes
89937,34704,Groundnuts,30,21/12/2024,75,No,Yes
99886,31555,Groundnuts,20,04/01/2025,50,No,Yes
100216,31560,Groundnuts,20,04/01/2025,50,No,Yes
85957,31567,Groundnuts,20,09/12/2024,50,No,Yes
112482,31568,Beans,20,11/02/2025,60,Yes,Yes
112481,31578,Beans,20,12/02/2025,60,Yes,Yes
101417,31581,Groundnuts,20,24/01/2025,60,No,Yes
100647,31591,Groundnuts,20,04/01/2025,50,No,Yes
100738,31595,Groundnuts,20,18/01/2025,50,No,Yes
100199,31599,Groundnuts,20,18/01/2025,50,No,Yes
89589,34707,Groundnuts,30,23/12/2024,75,No,Yes
97699,34709,Soybean,25,04/01/2025,45,Yes,Yes
96632,34710,Soybean,25,21/12/2024,45,Yes,Yes
97058,34711,Soybean,25,04/01/2025,45,Yes,Yes
97556,34715,Soybean,25,02/01/2025,50,No,Yes
86778,34721,Groundnuts,30,24/12/2024,75,No,Yes
87017,34723,Groundnuts,30,25/12/2024,75,No,Yes
96989,34739,Soybean,25,08/01/2025,50,No,Yes
82211,3474,Soybean,25,12/12/2024,50,Yes,Yes
92006,34740,Soybean,50,01/01/2025,50,No,Yes
102956,34742,Beans,20,04/02/2025,60,No,Yes
100198,31609,Groundnuts,20,14/01/2025,50,No,Yes
100204,31610,Groundnuts,20,14/12/2024,50,No,Yes
100207,31611,Groundnuts,20,14/01/2025,50,No,Yes
100210,31614,Groundnuts,20,14/12/2024,50,No,Yes
84206,31628,Soybean,25,10/12/2024,43,Yes,Yes
89920,31629,Soybean,25,01/01/2025,45,Yes,Yes
111396,31633,Beans,60,18/02/2025,60,No,Yes
100589,31638,Beans,60,22/01/2025,15,Yes,Yes
107990,31650,Beans,20,07/02/2025,10,No,Yes
81676,31653,Soybean,25,25/12/2024,45,Yes,Yes
101834,31657,Beans,20,05/02/2025,10,Yes,Yes
99606,3166,Soybean,25,12/12/2024,45,Yes,Yes
95596,31676,Soybean,25,29/12/2024,40,No,Yes
106329,31677,Beans,20,02/03/2025,50,No,Yes
108414,31678,Beans,20,07/02/2025,10,No,Yes
102497,31683,Beans,20,03/02/2025,15,No,Yes
95595,31692,Soybean,25,02/01/2025,45,No,Yes
93215,31696,Soybean,25,15/12/2024,40,No,Yes
95840,31700,Soybean,25,09/12/2024,75,Yes,Yes
95051,31701,Soybean,50,14/12/2024,50,Yes,Yes
78511,3475,Soybean,25,10/12/2024,60,Yes,Yes
97247,34781,Soybean,25,09/01/2025,45,No,Yes
92132,34783,Soybean,25,02/01/2025,50,No,Yes
113556,34793,Soybean,50,15/12/2024,40,No,No
113558,34796,Soybean,25,15/12/2024,50,No,No
78163,3481,Soybean,25,11/12/2024,60,Yes,Yes
96199,34826,Soybean,25,27/12/2024,50,No,Yes
96197,34832,Soybean,25,27/12/2024,50,No,Yes
113551,34837,Soybean,50,15/12/2024,45,No,No
115355,34843,Soybean,25,16/12/2024,50,No,No
85728,3487,Soybean,25,28/12/2024,45,Yes,Yes
95858,31706,Soybean,25,18/12/2024,90,Yes,Yes
87089,31708,Soybean,50,20/12/2024,45,Yes,Yes
95628,31728,Soybean,25,02/01/2025,40,No,Yes
93219,31729,Soybean,25,18/12/2024,40,No,Yes
87220,31735,Soybean,25,02/01/2025,45,Yes,Yes
84016,31737,Soybean,25,01/01/2025,45,Yes,Yes
87186,31738,Soybean,50,12/12/2024,45,Yes,Yes
106652,31739,Beans,20,05/02/2025,10,No,Yes
106649,31740,Beans,20,20/01/2025,10,No,Yes
82000,31743,Soybean,25,10/12/2024,45,Yes,Yes
106647,31749,Beans,20,21/02/2025,10,No,Yes
91793,3175,Soybean,50,18/12/2024,60,Yes,Yes
102769,31755,Beans,20,03/02/2025,10,No,Yes
98314,31759,Soybean,25,28/12/2024,45,No,Yes
98322,31766,Soybean,25,20/12/2024,45,No,Yes
98337,31771,Soybean,25,01/01/2025,35,No,Yes
98349,31773,Soybean,25,01/01/2025,45,No,Yes
115636,31787,Beans,20,05/02/2025,90,Yes,Yes
119314,31792,Beans,20,08/02/2025,90,Yes,No
118994,31795,Beans,20,27/01/2025,100,Yes,Yes
119320,31796,Beans,20,18/02/2025,90,Yes,Yes
90181,34891,Groundnuts,20,04/12/2024,30,Yes,Yes
90676,34904,Groundnuts,20,28/11/2024,4,No,Yes
91217,34914,Groundnuts,40,29/11/2024,50,No,Yes
86702,3493,Soybean,25,23/12/2024,45,Yes,Yes
85759,3495,Soybean,25,23/12/2024,45,Yes,Yes
108602,34960,Beans,10,14/02/2025,10,No,Yes
100660,34979,Soybean,50,24/12/2024,50,No,No
95029,34999,Soybean,25,10/12/2024,40,No,Yes
98788,35010,Soybean,150,17/12/2024,30,Yes,Yes
95521,35019,Soybean,25,09/01/2025,35,No,Yes
99455,35026,Soybean,25,29/12/2024,50,No,Yes
99460,35028,Soybean,25,21/12/2024,46,Yes,Yes
99483,35030,Soybean,25,12/12/2024,56,Yes,Yes
96192,35046,Soybean,25,29/12/2024,50,No,Yes
96212,35055,Soybean,25,29/12/2024,50,No,Yes
96214,35056,Soybean,25,28/12/2024,50,No,Yes
98437,35115,Soybean,2,09/01/2025,5,Yes,Yes
99108,35120,Soybean,25,28/12/2024,50,No,Yes
115371,35134,Beans,40,19/02/2025,60,No,Yes
116238,35135,Beans,80,12/02/2025,60,No,Yes
115375,35136,Beans,20,24/02/2025,60,No,Yes
112122,31801,Beans,20,16/01/2025,60,Yes,Yes
119312,31806,Beans,20,10/02/2025,90,Yes,Yes
119311,31809,Beans,20,07/02/2025,100,Yes,No
119027,31814,Beans,20,05/02/2025,90,Yes,Yes
119026,31815,Beans,20,09/02/2025,90,Yes,Yes
112123,31820,Beans,20,05/02/2025,100,Yes,Yes
119044,31823,Beans,20,06/02/2025,100,Yes,Yes
101146,31825,Soybean,25,24/12/2024,50,No,Yes
115387,35138,Beans,20,17/02/2025,80,Yes,Yes
115386,35139,Beans,20,21/02/2025,80,Yes,Yes
115385,35143,Beans,100,26/02/2025,60,No,Yes
109660,35145,Beans,20,15/02/2025,60,No,Yes
119018,35170,Beans,20,10/02/2025,80,Yes,No
112093,35172,Beans,20,01/02/2025,90,Yes,Yes
119043,35173,Beans,20,25/01/2025,90,Yes,No
86706,3522,Soybean,25,02/01/2025,45,Yes,Yes
104181,35228,Beans,20,04/02/2025,50,No,Yes
104182,35229,Beans,20,02/02/2025,50,No,Yes
104186,35230,Beans,20,08/02/2025,50,No,Yes
104208,35233,Beans,20,03/02/2025,60,No,Yes
104207,35235,Beans,20,02/02/2025,54,No,Yes
86707,3525,Soybean,25,03/01/2025,45,Yes,Yes
88359,3526,Soybean,50,03/01/2025,45,Yes,Yes
93879,3533,Soybean,25,09/01/2025,60,Yes,Yes
78118,3629,Soybean,25,14/12/2024,55,Yes,Yes
93878,3631,Soybean,25,09/01/2025,60,Yes,Yes
100249,31829,Soybean,25,07/01/2025,60,Yes,Yes
103863,31831,Beans,40,05/02/2025,50,No,Yes
78620,31845,Soybean,40,10/11/2024,45,Yes,Yes
100504,31867,Groundnuts,20,13/01/2025,50,No,Yes
100239,31868,Groundnuts,20,10/01/2025,50,No,Yes
98372,31880,Soybean,25,01/01/2025,45,No,Yes
89339,31886,Soybean,25,10/12/2024,45,No,Yes
82753,31888,Soybean,25,20/12/2024,45,Yes,Yes
95409,31890,Soybean,25,21/12/2024,45,Yes,Yes
95411,31893,Soybean,25,21/12/2024,45,Yes,Yes
95413,31895,Soybean,25,22/12/2024,45,Yes,Yes
101144,31906,Soybean,25,18/01/2025,50,No,Yes
78723,3646,Soybean,25,18/12/2024,60,Yes,Yes
84517,3647,Soybean,25,01/01/2025,60,Yes,Yes
92635,3650,Soybean,25,06/01/2025,55,Yes,Yes
92014,3655,Soybean,25,22/12/2024,45,Yes,Yes
97455,3659,Soybean,50,18/01/2025,45,Yes,Yes
93928,3663,Soybean,50,11/01/2025,50,Yes,Yes
87347,3673,Soybean,25,12/12/2024,30,No,No
86988,3681,Soybean,50,22/12/2024,50,Yes,Yes
81334,3682,Soybean,25,16/12/2024,50,Yes,Yes
84026,3695,Soybean,25,15/12/2024,62,Yes,Yes
96645,3705,Soybean,25,03/01/2025,60,Yes,Yes
84222,3710,Soybean,50,03/01/2025,51,Yes,Yes
96644,3719,Soybean,50,02/01/2025,50,Yes,Yes
95661,3725,Soybean,75,30/12/2024,50,Yes,Yes
92876,3734,Soybean,6,29/12/2024,50,Yes,Yes
82192,3745,Soybean,25,31/12/2024,60,Yes,Yes
87426,3747,Beans,25,19/12/2024,60,No,No
99794,3767,Soybean,75,01/01/2025,52,Yes,Yes
94978,31908,Groundnuts,20,17/11/2024,45,Yes,Yes
95421,31909,Groundnuts,20,22/12/2024,45,Yes,Yes
100732,31931,Groundnuts,20,06/01/2025,50,No,Yes
98922,31949,Soybean,25,12/11/2024,75,Yes,Yes
100695,31968,Groundnuts,20,20/12/2024,20,Yes,Yes
87686,31968,Soybean,25,11/12/2024,50,Yes,Yes
91898,31970,Soybean,25,13/12/2024,50,Yes,Yes
105685,31993,Beans,40,07/02/2025,75,No,Yes
96204,32002,Soybean,25,23/12/2024,50,No,Yes
83052,32021,Soybean,25,03/12/2024,50,No,No
96213,32022,Soybean,25,29/12/2024,50,No,Yes
96187,32023,Soybean,25,29/12/2024,50,No,Yes
96163,32025,Soybean,25,27/12/2024,50,No,Yes
104943,32026,Beans,20,05/02/2025,50,Yes,Yes
96188,32028,Soybean,25,11/12/2024,50,No,Yes
94463,32030,Soybean,50,14/12/2024,5,Yes,Yes
94471,32034,Soybean,25,23/12/2024,5,Yes,Yes
102542,32038,Beans,20,04/02/2025,60,No,Yes
88322,32051,Groundnuts,20,12/11/2024,10,Yes,Yes
93490,32063,Groundnuts,20,29/11/2024,10,No,Yes
109804,32067,Beans,20,03/02/2025,60,Yes,Yes
99160,3769,Soybean,75,20/11/2024,47,Yes,Yes
99642,3772,Soybean,25,07/01/2025,47,Yes,Yes
99895,3779,Soybean,75,25/12/2024,50,Yes,Yes
93392,3837,Soybean,75,10/11/2024,45,Yes,Yes
99893,3883,Soybean,25,03/01/2025,45,No,Yes
93058,3885,Soybean,25,14/12/2024,45,Yes,Yes
99894,3888,Soybean,50,05/01/2025,45,No,Yes
90764,3911,Soybean,25,26/11/2024,60,Yes,Yes
89878,3916,Soybean,25,10/12/2024,60,Yes,Yes
88709,3937,Soybean,25,13/01/2025,55,Yes,Yes
101241,3941,Sunflower,5,10/01/2025,60,Yes,Yes
102168,3944,Beans,60,05/02/2025,30,No,Yes
102265,3947,Beans,20,28/01/2025,35,No,Yes
78832,3980,Maize,10,12/12/2024,75,No,Yes
92702,3982,Soybean,75,09/01/2025,50,Yes,Yes
93420,3996,Groundnuts,80,01/01/2025,50,No,Yes
86061,4002,Soybean,25,01/01/2025,50,Yes,Yes
97018,4036,Soybean,25,10/01/2025,50,Yes,Yes
88770,4047,Groundnuts,20,19/11/2024,35,Yes,Yes
88769,4050,Groundnuts,20,28/11/2024,35,Yes,Yes
108162,32068,Beans,20,09/02/2025,10,Yes,Yes
109832,32092,Beans,20,10/02/2025,3,Yes,Yes
109885,32100,Beans,20,15/02/2025,60,Yes,Yes
109878,32109,Beans,20,01/02/2025,2,Yes,Yes
109882,32110,Beans,20,07/02/2025,3,Yes,Yes
109881,32112,Beans,20,04/02/2025,3,Yes,Yes
109880,32113,Beans,20,03/02/2025,3,Yes,Yes
94029,3212,Soybean,25,09/12/2024,45,No,Yes
109836,32128,Beans,20,10/02/2025,3,Yes,Yes
120168,32141,Beans,20,08/02/2025,60,Yes,Yes
120156,32143,Beans,20,28/03/2025,60,Yes,Yes
91825,32149,Groundnuts,20,30/12/2024,6,No,Yes
95012,32150,Groundnuts,20,30/12/2024,10,No,Yes
99644,32153,Soybean,25,10/12/2024,56,No,Yes
94023,3217,Soybean,50,09/12/2024,45,No,Yes
90554,32183,Soybean,25,14/12/2024,55,Yes,Yes
95106,32205,Soybean,25,09/12/2024,40,No,Yes
95335,32226,Soybean,25,02/01/2025,50,No,Yes
95493,32232,Soybean,25,09/01/2025,50,Yes,Yes
99822,4051,Soybean,50,01/01/2025,57,Yes,Yes
99804,4052,Soybean,25,08/01/2025,58,Yes,Yes
86991,4058,Soybean,50,16/12/2024,50,Yes,Yes
92633,4060,Soybean,50,10/12/2024,55,Yes,Yes
102321,4062,Soybean,50,03/01/2025,60,Yes,Yes
111940,40666,Beans,40,05/02/2025,60,No,Yes
113658,40672,Beans,10,06/02/2025,7,No,Yes
91406,4071,Soybean,50,25/12/2024,50,No,Yes
81969,4072,Soybean,25,19/01/2025,50,No,Yes
91541,4075,Soybean,25,10/01/2025,45,No,Yes
98163,4078,Soybean,25,10/01/2025,50,No,Yes
119137,40868,Beans,20,13/02/2025,60,Yes,Yes
119132,40869,Beans,20,10/02/2025,60,Yes,Yes
119136,40872,Beans,20,17/02/2025,60,Yes,Yes
119135,40875,Beans,20,14/02/2025,60,Yes,Yes
119140,40877,Beans,20,15/02/2025,60,Yes,Yes
128941,40880,Beans,20,04/03/2025,60,Yes,Yes
96828,4089,Soybean,50,09/01/2025,50,No,Yes
99104,32235,Soybean,25,07/01/2025,50,No,Yes
96393,32291,Soybean,25,04/01/2025,60,Yes,Yes
98885,32293,Soybean,50,20/12/2024,75,Yes,Yes
99651,32298,Soybean,25,16/11/2024,90,Yes,Yes
88196,32303,Soybean,25,05/01/2025,75,Yes,Yes
90708,32309,Soybean,25,01/01/2025,45,Yes,Yes
95798,32314,Soybean,25,06/12/2024,90,Yes,Yes
116772,28213,Beans,20,08/03/2025,50,No,Yes
118205,28214,Beans,20,09/03/2025,50,No,Yes
112644,28215,Beans,20,04/03/2025,50,No,Yes
116662,28217,Beans,20,12/03/2025,50,No,Yes
91445,28224,Groundnuts,20,01/01/2025,45,No,Yes
78771,28227,Groundnuts,20,02/12/2024,1,No,Yes
91453,28232,Groundnuts,20,15/12/2024,45,No,Yes
116771,28255,Beans,40,08/03/2025,50,No,Yes
94173,28261,Groundnuts,20,28/12/2024,60,No,Yes
89900,28265,Groundnuts,20,24/12/2024,70,No,Yes
117924,30693,Beans,20,20/02/2025,10,No,Yes
95331,30703,Soybean,25,24/12/2024,50,No,Yes
83900,3071,Soybean,1,23/12/2024,50,Yes,Yes
99107,30710,Soybean,25,28/12/2024,50,No,Yes
103474,30724,Beans,20,01/02/2025,60,No,Yes
102091,30728,Beans,20,12/02/2025,100,No,Yes
103670,30730,Beans,20,02/02/2025,60,No,Yes
109026,30740,Beans,20,23/02/2025,50,Yes,Yes
103622,30747,Beans,40,02/02/2025,60,No,Yes
104154,30749,Beans,40,11/02/2025,50,No,Yes
81473,30753,Soybean,25,21/12/2024,45,No,Yes
113625,30757,Beans,40,10/02/2025,70,No,Yes
111607,30759,Beans,20,11/02/2025,80,No,Yes
89706,30762,Soybean,25,27/12/2024,60,No,Yes
84150,30763,Groundnuts,20,13/11/2024,45,No,Yes
80592,30764,Groundnuts,20,19/12/2024,45,Yes,Yes
109638,30769,Beans,20,08/02/2025,5,No,Yes
109811,30771,Beans,20,19/02/2025,70,Yes,Yes
108265,30779,Beans,20,08/02/2025,8,Yes,Yes
108261,30780,Beans,20,10/02/2025,10,Yes,Yes
108268,30794,Beans,20,08/02/2025,8,Yes,Yes
108161,30801,Beans,20,07/02/2025,10,Yes,Yes
94185,28266,Groundnuts,20,03/01/2025,60,No,Yes
98300,28267,Soybean,25,15/01/2025,60,Yes,Yes
95522,2828,Soybean,50,15/01/2025,50,Yes,Yes
94384,28299,Soybean,25,07/12/2024,40,No,Yes
102775,28305,Beans,20,05/02/2025,30,No,Yes
85217,28306,Soybean,50,10/01/2025,5,Yes,Yes
84368,28308,Groundnuts,20,08/12/2024,10,Yes,Yes
84371,28308,Soybean,25,18/12/2024,5,Yes,Yes
84890,28310,Groundnuts,20,29/11/2024,45,No,Yes
88504,28312,Soybean,25,26/12/2024,45,No,Yes
84889,28314,Soybean,25,29/12/2024,45,No,Yes
84878,28315,Soybean,25,05/01/2025,45,No,Yes
83436,28317,Soybean,25,29/12/2024,45,No,Yes
83070,28319,Groundnuts,20,13/11/2024,45,No,Yes
83068,28319,Soybean,25,12/11/2024,45,No,Yes
81340,28325,Soybean,50,12/12/2024,45,Yes,Yes
79711,28326,Soybean,25,10/12/2024,45,No,Yes
88513,28330,Groundnuts,20,10/11/2024,45,No,Yes
88511,28330,Soybean,25,10/11/2024,45,No,Yes
85666,28334,Soybean,25,06/12/2024,45,No,Yes
82190,28337,Soybean,25,23/12/2024,45,No,Yes
112641,28346,Beans,20,10/03/2025,50,No,Yes
112640,28347,Beans,20,11/03/2025,50,No,Yes
93299,2835,Soybean,100,10/01/2025,50,Yes,Yes
107850,28350,Beans,20,12/02/2025,60,No,Yes
109351,28362,Beans,20,19/02/2025,50,No,Yes
94378,28368,Beans,25,27/12/2024,40,No,Yes
97375,28380,Groundnuts,20,11/12/2024,30,No,Yes
86493,28383,Soybean,25,28/12/2024,45,Yes,Yes
81249,28384,Soybean,25,16/12/2024,25,Yes,Yes
88981,28405,Groundnuts,20,10/12/2024,30,No,Yes
97377,28407,Soybean,25,02/01/2025,50,No,Yes
104341,28408,Beans,40,05/02/2025,10,Yes,Yes
83432,28414,Soybean,25,10/12/2024,45,No,Yes
100066,28418,Soybean,25,19/12/2024,45,Yes,Yes
112463,28426,Beans,20,20/02/2025,50,No,No
112460,28428,Beans,20,20/02/2025,50,No,Yes
96884,28433,Soybean,25,24/12/2024,50,Yes,Yes
100310,28442,Soybean,25,14/11/2024,45,Yes,Yes
100100,28443,Soybean,25,13/12/2024,45,Yes,Yes
89370,28451,Soybean,25,01/01/2025,20,Yes,Yes
108195,30805,Beans,20,05/02/2025,8,Yes,Yes
108188,30807,Beans,20,08/02/2025,10,Yes,Yes
96915,3081,Maize,10,15/12/2024,50,Yes,Yes
108163,30815,Beans,20,08/02/2025,10,Yes,Yes
109808,30818,Beans,20,02/02/2025,70,Yes,Yes
108164,30821,Beans,20,10/02/2025,10,Yes,Yes
107327,30835,Beans,20,08/02/2025,75,No,Yes
90591,30835,Groundnuts,30,15/01/2025,75,No,Yes
98361,30851,Soybean,25,01/01/2025,45,No,Yes
98354,30852,Soybean,25,20/12/2024,45,No,Yes
98352,30854,Soybean,25,01/01/2025,45,No,Yes
87473,28455,Groundnuts,20,20/11/2024,45,No,Yes
87477,28455,Soybean,25,20/12/2024,45,No,Yes
88838,2846,Soybean,75,29/12/2024,50,Yes,Yes
86506,28461,Soybean,25,20/12/2024,45,Yes,Yes
86483,28465,Soybean,25,20/12/2024,50,No,Yes
78996,28472,Soybean,25,19/12/2024,45,No,Yes
106005,28475,Beans,40,10/02/2025,15,No,Yes
98996,28491,Groundnuts,20,20/11/2024,25,Yes,Yes
86497,28494,Soybean,25,01/01/2025,50,Yes,Yes
100070,28500,Soybean,25,15/11/2024,45,Yes,Yes
99325,28503,Soybean,25,20/12/2024,45,Yes,Yes
80297,28509,Soybean,25,22/12/2024,45,No,Yes
98346,30860,Soybean,25,04/01/2025,30,No,Yes
78404,3087,Soybean,25,10/12/2024,50,Yes,Yes
88825,30884,Soybean,25,02/01/2025,50,No,Yes
104336,30888,Beans,20,04/02/2025,10,Yes,Yes
81083,3089,Soybean,25,14/12/2024,45,Yes,Yes
92227,30895,Groundnuts,20,26/12/2024,2,No,Yes
92179,30896,Groundnuts,20,26/12/2024,3,No,Yes
92178,30897,Groundnuts,20,26/12/2024,3,No,Yes
98936,3090,Soybean,25,10/01/2025,45,Yes,Yes
110508,30901,Beans,80,18/02/2025,60,No,Yes
117751,30903,Beans,40,25/02/2025,60,No,Yes
117750,30904,Beans,40,22/02/2025,60,No,Yes
117745,30907,Beans,40,20/02/2025,60,No,Yes
95285,3091,Soybean,25,16/12/2024,50,Yes,Yes
117748,30912,Beans,40,21/02/2025,60,No,Yes
117756,30913,Beans,20,26/02/2025,9,No,Yes
108644,30916,Beans,60,19/02/2025,60,No,Yes
115377,30918,Beans,40,17/02/2025,60,No,Yes
114540,30920,Beans,60,11/02/2025,80,Yes,Yes
116239,30922,Beans,40,10/02/2025,60,No,Yes
109655,30926,Beans,80,12/02/2025,60,No,Yes
108862,30928,Beans,20,13/02/2025,60,No,Yes
93053,3093,Soybean,25,29/12/2024,50,Yes,Yes
95604,30930,Soybean,25,02/01/2025,40,No,Yes
95606,30944,Soybean,25,26/12/2024,40,No,Yes
95602,30945,Soybean,25,05/01/2025,40,No,Yes
102596,30969,Beans,20,06/02/2025,40,No,Yes
107402,30975,Beans,60,05/02/2025,10,No,Yes
107383,30979,Beans,20,05/02/2025,10,No,Yes
109199,30980,Beans,20,05/02/2025,10,No,Yes
84865,28512,Soybean,50,09/12/2024,45,No,Yes
96786,28519,Soybean,25,20/12/2024,60,Yes,Yes
83427,28524,Groundnuts,20,28/11/2024,45,No,Yes
85672,28528,Groundnuts,20,20/11/2024,45,No,Yes
84897,28533,Soybean,25,10/11/2024,45,No,Yes
88521,28537,Soybean,25,27/12/2024,45,No,Yes
82911,2854,Soybean,50,28/12/2024,50,Yes,Yes
102287,28553,Beans,20,01/02/2025,10,No,Yes
102279,28555,Beans,20,01/02/2025,10,No,Yes
112199,28556,Beans,20,06/02/2025,11,No,Yes
83561,28576,Groundnuts,20,28/11/2024,45,No,Yes
99329,28588,Soybean,25,20/12/2024,45,Yes,Yes
99300,28590,Soybean,25,20/12/2024,45,Yes,Yes
99949,28599,Soybean,25,17/12/2024,45,Yes,Yes
100317,28600,Soybean,25,11/12/2024,45,Yes,Yes
100229,2861,Soybean,25,10/12/2024,50,Yes,Yes
100334,28610,Groundnuts,20,14/11/2024,20,Yes,Yes
99972,28610,Soybean,20,13/11/2024,20,Yes,Yes
100067,28611,Soybean,25,20/12/2024,45,Yes,Yes
84874,28613,Groundnuts,20,29/11/2024,45,No,Yes
80428,28620,Groundnuts,20,25/12/2024,45,No,Yes
78994,28621,Groundnuts,20,20/11/2024,45,No,Yes
78995,28621,Soybean,25,19/12/2024,45,No,Yes
98529,28626,Soybean,25,30/12/2024,65,Yes,Yes
99066,28631,Soybean,25,26/12/2024,50,Yes,Yes
95717,28639,Soybean,25,14/11/2024,45,Yes,Yes
95719,28640,Soybean,25,10/11/2024,45,Yes,Yes
80431,28645,Groundnuts,20,25/11/2024,45,No,Yes
84858,28646,Groundnuts,20,27/11/2024,45,No,Yes
83553,28647,Soybean,25,27/12/2024,45,No,Yes
84895,28659,Groundnuts,20,05/11/2024,45,No,Yes
109200,30981,Beans,20,05/02/2025,10,No,Yes
106198,30993,Beans,20,06/02/2025,75,No,Yes
107448,31014,Beans,20,06/02/2025,10,Yes,Yes
109004,31022,Beans,10,08/02/2025,75,No,Yes
109005,31023,Beans,20,17/02/2025,75,No,Yes
109006,31024,Beans,10,07/02/2025,75,No,Yes
105478,31025,Beans,20,07/01/2025,40,No,Yes
82570,31028,Soybean,25,22/12/2024,60,Yes,Yes
109170,31032,Beans,10,12/02/2025,10,No,Yes
109007,31033,Beans,20,06/02/2025,75,No,Yes
109008,31034,Beans,20,07/02/2025,75,No,Yes
98799,3105,Soybean,25,12/12/2024,50,Yes,Yes
103311,31051,Beans,20,08/02/2025,100,No,Yes
95947,31053,Soybean,25,05/01/2025,7,Yes,Yes
95968,31058,Soybean,25,20/12/2024,15,Yes,Yes
81288,3106,Maize,10,11/12/2024,85,No,Yes
103831,31062,Beans,20,08/02/2025,45,No,Yes
113724,31063,Beans,20,08/03/2025,5,No,No
107431,31066,Beans,20,04/03/2025,40,No,Yes
106951,31067,Soybean,20,01/03/2025,12,No,Yes
116573,31069,Beans,20,04/03/2025,30,No,Yes
118352,31071,Beans,20,25/02/2025,60,No,Yes
108159,31073,Beans,20,14/02/2025,60,Yes,Yes
84880,28659,Soybean,25,20/12/2024,45,No,Yes
83422,28660,Groundnuts,20,17/12/2024,45,No,Yes
83423,28663,Soybean,50,10/12/2024,45,No,Yes
79737,28667,Soybean,25,28/11/2024,45,Yes,Yes
103250,28670,Beans,20,07/02/2025,45,No,Yes
98524,28671,Soybean,25,01/01/2025,60,Yes,Yes
98523,28672,Soybean,25,01/01/2025,60,Yes,Yes
95243,28682,Soybean,25,20/12/2024,55,No,Yes
102879,28690,Beans,20,02/02/2025,60,No,Yes
101810,28692,Beans,40,08/02/2025,60,Yes,No
101807,28694,Beans,20,10/02/2025,60,Yes,Yes
108158,31081,Beans,20,16/02/2025,8,Yes,Yes
115740,31085,Beans,20,24/02/2025,90,Yes,Yes
115741,31088,Beans,20,25/02/2025,100,Yes,Yes
117708,31117,Beans,20,10/02/2025,110,No,Yes
115746,31128,Beans,20,20/02/2025,90,Yes,Yes
102443,31157,Beans,20,08/02/2025,45,No,Yes
94026,3116,Soybean,25,09/12/2024,45,No,Yes
107975,31160,Beans,40,06/02/2025,10,No,Yes
114224,31165,Beans,20,12/02/2025,12,No,No
108606,31171,Beans,20,05/02/2025,10,No,Yes
101655,31178,Beans,20,08/02/2025,10,No,Yes
114226,31179,Beans,20,06/02/2025,14,No,No
114228,31181,Beans,20,07/02/2025,13,No,No
108720,31187,Beans,20,01/02/2025,12,No,Yes
108727,31189,Beans,20,13/02/2025,13,No,No
108725,31190,Beans,20,01/02/2025,11,No,Yes
112194,31193,Beans,20,01/02/2025,11,No,Yes
108731,31203,Beans,40,06/02/2025,13,No,Yes
102277,31207,Beans,20,05/02/2025,10,No,Yes
91853,31208,Groundnuts,20,22/12/2024,45,Yes,Yes
114125,31214,Beans,20,06/03/2025,90,No,No
118326,31215,Beans,20,08/03/2025,90,No,No
99102,31225,Soybean,25,27/12/2024,50,No,Yes
99109,31226,Soybean,25,05/01/2025,50,No,Yes
99117,31229,Soybean,25,23/12/2024,50,No,Yes
88084,31234,Soybean,25,28/12/2024,45,Yes,Yes
106537,31237,Beans,20,07/02/2025,70,No,Yes
106558,31238,Beans,20,05/02/2025,70,No,Yes
107436,31242,Beans,20,01/03/2025,35,No,Yes
114659,31243,Beans,20,27/03/2025,30,No,Yes
116572,31244,Beans,20,08/03/2025,30,No,Yes
112462,31246,Beans,100,20/02/2025,50,No,No
95616,31251,Soybean,25,02/01/2025,40,No,Yes
93735,3126,Soybean,50,26/12/2024,65,Yes,Yes
101664,31272,Beans,40,07/02/2025,10,No,Yes
102120,28698,Beans,20,03/02/2025,60,No,Yes
102123,28699,Beans,20,03/02/2025,60,No,Yes
102822,28700,Beans,20,03/02/2025,70,No,Yes
109783,28705,Beans,20,10/02/2025,60,No,Yes
104946,28722,Beans,40,11/02/2025,30,No,Yes
95711,28729,Groundnuts,20,29/11/2024,15,No,Yes
102921,2873,Beans,20,04/02/2025,45,Yes,Yes
104493,28730,Beans,20,09/02/2025,30,No,Yes
94238,28734,Soybean,50,21/01/2025,45,Yes,Yes
104849,28736,Beans,40,13/02/2025,30,No,Yes
103173,28745,Beans,20,10/02/2025,45,No,Yes
110326,28748,Beans,20,17/02/2025,60,No,Yes
101632,28754,Beans,60,05/02/2025,12,No,Yes
101628,28758,Beans,20,05/02/2025,13,No,Yes
104284,28769,Beans,20,04/02/2025,60,No,Yes
104203,28771,Beans,20,02/02/2025,50,No,Yes
102504,28779,Beans,20,08/02/2025,10,No,Yes
102503,28782,Beans,60,10/02/2025,8,No,Yes
102423,28794,Beans,20,08/02/2025,12,No,Yes
102669,28795,Beans,20,15/02/2025,6,No,Yes
102668,28796,Beans,20,11/02/2025,9,No,Yes
102755,28797,Beans,20,04/02/2025,45,No,Yes
104094,28803,Beans,20,03/03/2025,50,No,Yes
104199,28804,Beans,20,02/02/2025,45,No,Yes
108508,31273,Beans,20,05/02/2025,75,No,Yes
107132,31286,Beans,40,10/02/2025,12,Yes,Yes
110123,31292,Beans,20,11/02/2025,12,Yes,Yes
109613,31298,Beans,80,05/02/2025,60,No,Yes
108638,31301,Beans,20,17/02/2025,50,No,Yes
110316,31304,Beans,40,23/02/2025,60,No,Yes
102415,31312,Beans,20,06/02/2025,13,No,Yes
117746,31319,Beans,20,26/02/2025,60,No,Yes
102200,31323,Beans,20,11/02/2025,14,No,Yes
106588,31330,Beans,20,20/01/2025,80,Yes,Yes
109840,31336,Beans,20,17/02/2025,3,Yes,Yes
106586,31338,Beans,20,10/02/2025,60,Yes,Yes
103699,31340,Beans,20,07/02/2025,50,No,Yes
103696,31341,Beans,20,07/02/2025,50,No,Yes
109937,31354,Beans,20,12/01/2025,60,Yes,Yes
109920,31362,Beans,20,12/01/2025,60,Yes,Yes
109941,31364,Beans,20,12/01/2025,60,No,Yes
112487,31372,Beans,20,11/02/2025,60,Yes,Yes
104451,31388,Beans,20,01/02/2025,10,No,Yes
82902,31394,Groundnuts,20,29/11/2024,60,No,Yes
104072,28806,Beans,20,04/03/2025,50,No,Yes
104223,28809,Beans,20,03/02/2025,60,No,Yes
110298,28811,Beans,20,22/02/2025,60,No,Yes
110324,28815,Beans,20,20/02/2025,60,No,Yes
104251,2882,Beans,20,02/02/2025,45,No,Yes
104233,28821,Beans,20,02/02/2025,45,No,Yes
104213,28822,Beans,20,01/02/2025,60,No,Yes
110271,28837,Beans,20,17/02/2025,60,No,Yes
110297,28839,Beans,20,25/02/2025,60,No,Yes
95445,28840,Soybean,25,05/01/2025,45,Yes,Yes
95463,28841,Soybean,25,09/01/2025,50,Yes,Yes
95468,28842,Groundnuts,20,06/01/2025,53,Yes,Yes
95471,28844,Soybean,25,03/01/2025,57,Yes,Yes
104382,28846,Beans,20,06/02/2025,55,No,Yes
104416,28847,Beans,20,07/02/2025,60,No,Yes
104377,28848,Beans,20,05/02/2025,60,No,Yes
95477,28850,Soybean,25,04/01/2025,59,Yes,Yes
95451,28851,Soybean,25,05/01/2025,51,Yes,Yes
95686,28852,Soybean,25,10/01/2025,50,Yes,Yes
95467,28860,Soybean,25,11/01/2025,52,Yes,Yes
95696,28862,Soybean,25,18/01/2025,53,Yes,Yes
90436,31398,Groundnuts,20,16/12/2024,50,No,Yes
100500,31416,Groundnuts,20,29/12/2024,50,No,Yes
99571,31433,Soybean,75,27/12/2024,1,No,Yes
95045,31448,Groundnuts,20,02/01/2025,50,No,Yes
80861,31456,Groundnuts,20,20/12/2024,45,Yes,Yes
83474,31458,Soybean,25,25/11/2024,45,No,Yes
79302,31461,Groundnuts,20,11/11/2024,45,No,Yes
126633,31471,Beans,20,01/02/2025,60,Yes,Yes
127370,31474,Beans,20,11/02/2025,60,Yes,Yes
95049,31481,Groundnuts,20,09/01/2025,50,No,Yes
81160,31483,Soybean,25,21/12/2024,45,No,Yes
93608,3149,Soybean,25,08/01/2025,60,Yes,Yes
95928,31490,Soybean,25,27/12/2024,25,Yes,Yes
95282,31492,Soybean,25,18/12/2024,40,No,Yes
112495,31494,Beans,20,10/02/2025,60,No,Yes
100105,31510,Groundnuts,20,16/01/2025,70,No,Yes
100518,31518,Groundnuts,20,18/01/2025,60,No,Yes
100520,31519,Groundnuts,20,16/01/2025,60,No,Yes
95684,28864,Soybean,25,11/01/2025,51,Yes,Yes
95671,28883,Soybean,25,03/01/2025,59,Yes,Yes
95455,28885,Soybean,25,05/01/2025,52,Yes,Yes
95665,28886,Soybean,125,02/01/2025,51,Yes,Yes
95689,28890,Groundnuts,20,11/01/2025,50,Yes,Yes
98516,28898,Soybean,25,01/01/2025,65,Yes,Yes
98514,28900,Soybean,25,01/01/2025,60,Yes,Yes
98512,28907,Soybean,25,01/01/2025,65,Yes,Yes
98509,28915,Soybean,25,01/01/2025,65,Yes,Yes
85813,28923,Soybean,25,31/12/2024,60,Yes,Yes
97942,28927,Soybean,25,01/01/2025,65,Yes,Yes
83979,28930,Groundnuts,560,17/12/2024,20,No,Yes
112191,28940,Beans,20,06/02/2025,11,No,No
102656,28941,Beans,20,12/02/2025,13,No,No
81158,28944,Groundnuts,20,15/12/2024,50,No,Yes
102577,28945,Beans,20,05/02/2025,50,No,Yes
85125,28946,Groundnuts,20,20/12/2024,50,No,Yes
96612,3152,Soybean,50,09/12/2024,45,No,Yes
101558,31522,Groundnuts,20,15/01/2025,60,No,Yes
113352,31525,Beans,20,10/02/2025,100,Yes,Yes
113358,31531,Beans,20,05/03/2025,100,Yes,Yes
101790,31535,Beans,20,10/02/2025,10,Yes,Yes
110521,31539,Beans,20,25/02/2025,40,No,Yes
97392,3154,Soybean,50,07/01/2025,45,No,Yes
110528,31542,Beans,20,19/02/2025,50,No,Yes
88526,31545,Groundnuts,20,30/11/2024,50,No,Yes
78112,31546,Groundnuts,20,10/12/2024,50,No,Yes
100645,31559,Groundnuts,20,24/12/2024,50,No,Yes
93395,28948,Soybean,25,15/01/2025,20,Yes,Yes
99993,28956,Soybean,50,29/12/2024,50,Yes,Yes
100075,28971,Soybean,25,13/12/2024,45,Yes,Yes
99297,28975,Soybean,25,20/12/2024,45,Yes,Yes
100069,28978,Soybean,25,13/12/2024,45,Yes,Yes
94250,28979,Soybean,25,28/11/2024,45,Yes,Yes
99307,28981,Soybean,50,22/11/2024,45,Yes,Yes
94268,28993,Groundnuts,20,08/12/2024,30,Yes,Yes
100358,29001,Soybean,25,22/11/2024,45,Yes,Yes
100211,31562,Groundnuts,20,22/12/2024,50,No,Yes
112489,31571,Beans,20,15/02/2025,60,Yes,Yes
80572,3159,Soybean,50,19/11/2024,45,No,Yes
100734,31598,Groundnuts,20,04/01/2025,5,No,Yes
81125,31605,Groundnuts,20,10/12/2024,50,No,Yes
100206,31607,Groundnuts,20,04/01/2025,50,No,Yes
100735,31608,Groundnuts,20,15/01/2025,60,No,Yes
100201,31613,Groundnuts,20,19/01/2025,50,No,Yes
94610,31615,Beans,80,02/01/2025,10,No,Yes
95615,31618,Soybean,25,03/01/2025,40,No,Yes
93289,29005,Soybean,25,06/01/2025,45,No,Yes
114119,29010,Beans,20,06/03/2025,90,No,No
114127,29011,Beans,40,05/03/2025,75,No,Yes
114122,29013,Beans,60,01/03/2025,90,No,No
107616,29030,Beans,20,10/02/2025,10,No,Yes
107613,29031,Beans,20,10/02/2025,10,No,Yes
107618,29034,Beans,10,10/02/2025,10,No,Yes
100256,29043,Groundnuts,20,17/01/2025,60,No,Yes
100257,29044,Groundnuts,20,13/01/2025,60,No,Yes
101555,29045,Groundnuts,20,10/01/2025,60,No,Yes
101563,29049,Groundnuts,20,14/01/2025,70,No,Yes
100306,29051,Groundnuts,20,10/01/2025,70,No,Yes
100384,29057,Groundnuts,20,10/01/2025,60,No,Yes
100385,29059,Groundnuts,20,10/01/2025,70,No,Yes
106920,29061,Beans,20,11/02/2025,10,No,Yes
100103,29066,Groundnuts,20,15/01/2025,60,No,Yes
100389,29069,Groundnuts,20,13/01/2025,60,No,Yes
92625,29075,Soybean,25,23/12/2024,45,Yes,Yes
99441,29076,Soybean,28,27/12/2024,45,Yes,Yes
92618,29080,Groundnuts,20,26/12/2024,45,Yes,Yes
111398,31627,Beans,20,21/02/2025,60,No,Yes
107829,31635,Beans,20,22/02/2025,60,No,Yes
102995,31643,Beans,20,02/02/2025,10,Yes,Yes
102506,31647,Beans,20,13/02/2025,11,No,No
97840,31654,Soybean,25,08/01/2025,45,Yes,Yes
109399,31679,Beans,40,06/03/2025,50,No,Yes
109394,31680,Beans,20,02/03/2025,50,No,Yes
107972,31684,Beans,20,06/02/2025,10,No,Yes
107839,31685,Beans,20,07/03/2025,10,No,Yes
99931,29087,Groundnuts,20,29/11/2024,45,Yes,Yes
99440,29093,Groundnuts,20,17/11/2024,30,Yes,Yes
90768,29094,Soybean,25,02/01/2025,45,Yes,Yes
90767,29095,Soybean,25,07/12/2024,30,Yes,Yes
90148,2910,Soybean,25,28/12/2024,65,Yes,Yes
93125,29102,Groundnuts,20,17/11/2024,20,No,Yes
93846,29103,Soybean,25,26/12/2024,45,Yes,Yes
108525,29110,Beans,60,06/02/2025,30,No,Yes
81777,29115,Soybean,252,20/12/2024,50,No,Yes
92343,29127,Groundnuts,20,16/11/2024,20,No,Yes
90769,29131,Groundnuts,20,24/11/2024,45,Yes,Yes
99932,29132,Groundnuts,20,10/12/2024,45,Yes,Yes
99443,29139,Groundnuts,20,29/12/2024,45,Yes,Yes
92622,29140,Soybean,25,03/12/2024,45,Yes,Yes
108523,29144,Beans,20,21/02/2025,30,No,Yes
100718,29152,Soybean,50,20/12/2024,45,Yes,Yes
84654,29158,Soybean,25,20/12/2024,50,Yes,Yes
88924,29159,Groundnuts,25,11/12/2024,25,No,Yes
108502,29165,Beans,20,29/01/2025,20,No,Yes
99363,31702,Soybean,3,09/12/2024,80,Yes,Yes
95816,31703,Soybean,25,31/12/2024,75,Yes,Yes
108340,31714,Beans,40,06/03/2025,60,No,Yes
94146,31716,Soybean,25,24/12/2024,45,Yes,Yes
95623,31732,Soybean,25,15/12/2024,40,No,Yes
106653,31741,Beans,20,04/02/2025,10,No,Yes
114970,31747,Beans,20,21/02/2025,50,No,Yes
106875,31748,Beans,20,10/02/2025,10,No,Yes
106651,31750,Beans,20,05/01/2025,10,No,Yes
118507,31752,Beans,25,17/02/2025,50,No,Yes
102382,31754,Beans,20,08/02/2025,10,No,Yes
98330,31757,Soybean,25,01/12/2024,35,No,Yes
98316,31764,Soybean,25,28/12/2024,45,No,Yes
98318,31765,Soybean,25,27/12/2024,45,No,Yes
98319,31768,Soybean,25,28/12/2024,45,No,Yes
98320,31769,Soybean,25,29/12/2024,45,No,Yes
98331,31770,Soybean,25,26/12/2024,45,No,Yes
98347,31772,Soybean,25,03/01/2025,30,No,Yes
115874,31790,Beans,20,08/02/2025,90,Yes,Yes
119325,31793,Beans,20,29/01/2025,90,Yes,Yes
119326,31802,Beans,20,20/02/2025,90,Yes,Yes
119029,31803,Beans,20,03/02/2025,90,Yes,Yes
119313,31804,Beans,20,11/02/2025,100,Yes,Yes
108822,29172,Beans,40,12/02/2025,30,No,Yes
108520,29174,Beans,20,14/02/2025,20,No,Yes
84609,29182,Groundnuts,20,14/11/2024,30,No,Yes
108496,29189,Beans,40,08/02/2025,20,No,Yes
105472,29191,Beans,20,05/02/2025,30,No,Yes
103120,29197,Beans,20,08/02/2025,50,No,Yes
92621,29199,Groundnuts,20,02/12/2024,30,Yes,Yes
100192,29201,Groundnuts,20,10/12/2024,45,Yes,Yes
99439,29204,Soybean,25,10/12/2024,45,Yes,Yes
111682,29205,Beans,20,07/02/2025,13,No,No
102393,29206,Beans,20,07/02/2025,12,No,No
111683,29207,Beans,20,05/02/2025,14,No,No
111688,29212,Beans,40,03/02/2025,12,No,Yes
94811,29213,Groundnuts,20,22/01/2025,20,No,Yes
84603,29217,Soybean,50,02/01/2025,45,Yes,Yes
93952,29218,Soybean,25,10/12/2024,45,Yes,Yes
98555,29227,Groundnuts,40,04/01/2025,20,Yes,Yes
94414,29244,Groundnuts,20,02/01/2025,45,No,Yes
95699,29244,Soybean,25,02/01/2025,45,Yes,Yes
95481,29258,Soybean,25,07/01/2025,55,Yes,Yes
94653,29265,Soybean,25,05/01/2025,45,Yes,Yes
83942,29275,Soybean,25,15/12/2024,45,Yes,Yes
92039,29279,Soybean,25,05/01/2025,50,No,Yes
82579,29281,Soybean,25,16/12/2024,70,No,Yes
105908,31808,Beans,20,05/02/2025,100,Yes,No
119028,31813,Beans,20,10/02/2025,90,Yes,Yes
119017,31819,Beans,20,02/02/2025,90,Yes,No
82558,31826,Soybean,25,26/01/2025,30,Yes,Yes
100634,31835,Groundnuts,20,05/01/2025,70,No,Yes
100636,31836,Groundnuts,20,03/01/2025,70,No,Yes
92386,31840,Soybean,25,07/01/2025,90,Yes,Yes
84821,31844,Groundnuts,20,17/01/2025,50,Yes,Yes
78627,31845,Groundnuts,20,11/11/2024,50,Yes,Yes
115850,29287,Beans,20,17/02/2025,60,No,No
92573,29294,Groundnuts,20,20/11/2024,25,Yes,Yes
85492,29304,Soybean,25,25/12/2024,50,Yes,Yes
95530,29306,Groundnuts,20,14/11/2024,25,Yes,Yes
85507,29307,Soybean,25,20/11/2024,45,Yes,Yes
95527,29309,Soybean,25,29/12/2024,50,Yes,Yes
92568,29311,Soybean,25,17/12/2024,50,Yes,Yes
93250,29314,Groundnuts,20,15/10/2024,25,Yes,Yes
94855,2932,Soybean,25,13/12/2024,60,Yes,Yes
102252,29323,Beans,20,06/02/2025,75,No,Yes
95544,29332,Soybean,25,08/12/2024,50,Yes,Yes
92566,31849,Soybean,25,01/01/2025,45,Yes,Yes
93753,31851,Soybean,25,18/12/2024,50,Yes,Yes
85491,31853,Soybean,25,19/12/2024,50,Yes,Yes
92045,31857,Groundnuts,20,12/11/2024,50,Yes,Yes
98334,31861,Soybean,25,04/01/2025,40,No,Yes
100133,31863,Groundnuts,20,18/01/2025,50,No,Yes
100403,31869,Groundnuts,20,09/01/2025,50,No,Yes
90509,31889,Soybean,25,15/11/2024,45,Yes,Yes
86038,31898,Soybean,25,23/12/2024,45,Yes,Yes
95557,29336,Groundnuts,20,17/11/2024,25,Yes,Yes
89314,29337,Soybean,25,20/12/2024,45,Yes,Yes
93176,2934,Soybean,50,03/01/2025,50,Yes,Yes
101572,29342,Groundnuts,30,23/12/2024,75,No,Yes
106253,29347,Beans,20,06/02/2025,75,No,Yes
100391,29353,Groundnuts,20,09/01/2025,70,No,Yes
100261,29355,Groundnuts,20,11/01/2025,70,No,Yes
100262,29357,Groundnuts,20,15/01/2025,60,No,Yes
91292,2937,Soybean,25,04/01/2025,50,Yes,Yes
89296,29370,Soybean,50,27/12/2024,45,Yes,Yes
85451,2938,Soybean,25,03/01/2025,60,Yes,Yes
101468,29380,Groundnuts,20,05/01/2025,60,No,Yes
101384,29383,Groundnuts,20,20/01/2025,60,No,Yes
97794,29402,Groundnuts,20,14/11/2024,20,No,Yes
105931,29403,Beans,20,24/02/2025,50,Yes,Yes
113833,29405,Beans,20,24/02/2025,50,Yes,Yes
97808,29407,Soybean,50,20/12/2024,50,Yes,Yes
99074,29409,Soybean,50,15/12/2024,45,Yes,Yes
104890,29414,Beans,20,15/02/2025,10,No,Yes
118654,29415,Beans,20,10/02/2025,10,No,Yes
99531,29417,Soybean,25,20/12/2024,45,Yes,Yes
97729,29425,Soybean,25,21/12/2024,45,Yes,Yes
100757,29426,Soybean,25,05/01/2025,45,Yes,Yes
94434,31899,Groundnuts,20,21/12/2024,45,Yes,Yes
94976,31908,Soybean,25,17/11/2024,45,Yes,Yes
95423,31910,Soybean,25,20/12/2024,45,Yes,Yes
86406,31917,Soybean,25,16/12/2024,45,Yes,Yes
95069,31918,Soybean,25,15/12/2024,45,Yes,Yes
81643,31919,Soybean,25,24/12/2024,45,Yes,Yes
100731,31932,Groundnuts,20,05/01/2025,50,No,Yes
100208,31933,Groundnuts,20,04/01/2025,50,No,Yes
111389,31938,Soybean,40,21/02/2025,60,No,Yes
87710,31952,Groundnuts,20,25/11/2024,30,Yes,Yes
86404,31961,Soybean,25,23/12/2024,45,Yes,Yes
82016,31974,Groundnuts,20,13/12/2024,45,No,Yes
86244,29432,Soybean,25,23/12/2024,45,Yes,Yes
84409,29434,Groundnuts,20,18/12/2024,20,No,Yes
103709,29436,Beans,20,08/02/2025,60,No,Yes
91349,29439,Soybean,50,25/12/2024,50,Yes,Yes
84394,29441,Groundnuts,20,19/12/2024,20,No,Yes
84392,29442,Soybean,50,18/12/2024,45,Yes,Yes
86246,29445,Groundnuts,20,23/11/2024,20,No,Yes
93854,29446,Groundnuts,20,12/12/2024,20,No,Yes
104853,29447,Beans,20,10/02/2025,30,No,Yes
100586,29466,Groundnuts,20,06/01/2025,50,No,Yes
103826,29469,Beans,20,09/02/2025,50,Yes,Yes
103830,29470,Beans,20,07/02/2025,60,Yes,Yes
109193,31976,Beans,20,05/02/2025,14,No,No
82463,31979,Soybean,25,11/12/2024,45,No,Yes
89708,31982,Groundnuts,20,19/12/2024,45,No,Yes
105464,31983,Beans,20,08/02/2025,50,No,Yes
109646,31991,Beans,20,05/02/2025,35,No,Yes
109647,31994,Beans,40,09/02/2025,35,No,Yes
89347,32006,Soybean,25,11/12/2024,45,No,Yes
96205,32010,Soybean,25,28/12/2024,50,No,Yes
96206,32011,Soybean,25,29/12/2024,50,No,Yes
96170,32018,Soybean,25,16/12/2024,50,No,Yes
96183,32027,Soybean,25,28/12/2024,50,No,Yes
94470,32034,Groundnuts,20,21/12/2024,10,Yes,Yes
103864,29472,Beans,20,07/02/2025,50,Yes,Yes
104053,29474,Beans,20,04/02/2025,50,Yes,Yes
106279,29475,Beans,20,05/02/2025,75,No,Yes
106050,29478,Beans,20,01/02/2025,50,Yes,Yes
102065,29481,Beans,20,07/02/2025,75,No,Yes
102987,29483,Beans,20,08/02/2025,75,No,Yes
100125,29490,Groundnuts,40,10/12/2024,50,No,Yes
100240,29491,Groundnuts,20,01/01/2025,50,No,Yes
100131,29492,Groundnuts,20,08/01/2025,50,No,Yes
103859,29495,Beans,80,04/02/2025,58,Yes,Yes
102124,29498,Beans,20,12/02/2025,60,No,Yes
101814,29500,Beans,20,13/02/2025,60,No,Yes
82383,32049,Soybean,25,03/01/2025,5,Yes,Yes
83957,32052,Groundnuts,20,19/11/2024,10,Yes,Yes
83340,32053,Groundnuts,20,31/12/2024,50,No,Yes
127376,32057,Beans,20,06/02/2025,60,Yes,Yes
85456,32060,Groundnuts,20,02/01/2025,50,No,Yes
93495,32062,Groundnuts,20,31/12/2024,10,No,Yes
121120,32081,Beans,20,06/02/2025,60,Yes,Yes
106593,32090,Beans,20,10/02/2025,60,Yes,Yes
109839,32091,Beans,20,17/02/2025,3,Yes,Yes
109887,32102,Beans,20,16/02/2025,3,Yes,Yes
109891,32107,Beans,20,06/02/2025,3,Yes,Yes
102830,29503,Beans,20,01/02/2025,80,No,Yes
102832,29504,Beans,20,05/02/2025,80,No,Yes
107951,29506,Beans,20,05/03/2025,60,Yes,Yes
109781,29509,Beans,20,06/02/2025,60,No,Yes
102874,29514,Beans,20,08/02/2025,60,No,Yes
102127,29518,Beans,20,03/02/2025,60,No,Yes
102872,29520,Beans,20,08/02/2025,60,No,Yes
104439,29524,Beans,50,04/02/2025,50,Yes,Yes
94413,29528,Groundnuts,20,02/01/2025,45,No,Yes
91451,29529,Groundnuts,20,05/01/2025,45,No,Yes
98159,29530,Groundnuts,20,18/12/2024,50,No,Yes
101430,29554,Soybean,25,04/01/2025,55,Yes,Yes
94611,29556,Soybean,50,27/12/2024,20,Yes,Yes
80624,2957,Soybean,25,13/12/2024,60,Yes,Yes
110824,29570,Beans,20,10/02/2025,100,Yes,Yes
95548,29576,Soybean,25,20/12/2024,50,Yes,Yes
95563,29580,Soybean,25,05/12/2024,45,Yes,Yes
93252,29586,Groundnuts,20,20/11/2024,25,Yes,Yes
110829,29592,Beans,20,08/02/2025,90,Yes,Yes
84954,29602,Groundnuts,20,16/11/2024,10,Yes,Yes
95569,29609,Groundnuts,20,10/11/2024,25,Yes,Yes
109890,32108,Beans,20,06/02/2025,2,Yes,Yes
122686,32120,Beans,20,09/02/2025,60,Yes,Yes
127367,32122,Beans,20,09/02/2025,60,Yes,Yes
128946,32124,Beans,20,16/02/2025,60,Yes,Yes
120340,32130,Beans,20,26/02/2025,3,Yes,Yes
91824,32147,Groundnuts,20,01/01/2025,5,No,Yes
113369,32155,Beans,20,20/02/2025,100,Yes,Yes
101150,32171,Soybean,25,18/12/2024,50,No,Yes
96378,32177,Soybean,25,02/01/2025,60,Yes,Yes
96446,32178,Soybean,25,02/01/2025,50,Yes,Yes
96414,32179,Soybean,25,15/12/2024,60,Yes,Yes
95097,32189,Soybean,25,28/12/2024,40,No,Yes
95624,32190,Soybean,25,07/01/2025,40,Yes,Yes
94381,32191,Soybean,25,07/12/2024,40,No,Yes
94391,32193,Soybean,25,26/12/2024,40,No,Yes
94027,3220,Soybean,100,02/12/2024,45,No,Yes
95104,32203,Soybean,25,11/01/2025,40,No,Yes
96620,3222,Soybean,75,10/12/2024,45,No,Yes
94394,32228,Soybean,25,31/12/2024,50,No,Yes
89639,32240,Groundnuts,20,03/01/2025,50,No,Yes
85215,32275,Groundnuts,20,08/12/2024,30,Yes,Yes
96428,32279,Soybean,25,02/01/2025,60,Yes,Yes
94035,32281,Soybean,25,02/01/2025,60,Yes,Yes
94065,32283,Soybean,25,02/01/2025,55,Yes,Yes
93545,32284,Soybean,25,10/12/2024,60,Yes,Yes
118508,32286,Beans,25,17/02/2025,50,No,Yes
93459,3229,Soybean,25,07/01/2025,50,No,Yes
98916,32295,Soybean,25,14/01/2025,75,Yes,Yes
95837,32296,Soybean,50,10/12/2024,70,Yes,Yes
92051,32300,Groundnuts,20,13/11/2024,50,Yes,Yes
96478,32302,Soybean,25,22/12/2024,40,No,Yes
100342,32306,Soybean,25,11/12/2024,45,Yes,Yes
100344,32307,Soybean,25,12/12/2024,45,Yes,Yes
87341,32308,Soybean,25,26/12/2024,50,Yes,Yes
97093,32330,Soybean,50,04/01/2025,2,Yes,Yes
97209,32332,Soybean,25,29/12/2024,45,Yes,Yes
98749,32333,Soybean,25,03/01/2025,45,Yes,Yes
97218,32335,Soybean,50,06/01/2025,50,Yes,Yes
96482,32350,Soybean,25,22/12/2024,40,No,Yes
96483,32351,Soybean,25,24/12/2024,40,No,Yes
95568,29609,Soybean,25,13/12/2024,45,Yes,Yes
89310,29610,Groundnuts,20,15/11/2024,25,Yes,Yes
95536,29611,Soybean,25,20/12/2024,50,Yes,Yes
95537,29614,Groundnuts,20,15/11/2024,25,Yes,Yes
95549,29617,Soybean,25,11/12/2024,45,Yes,Yes
94468,29636,Soybean,50,28/12/2024,5,Yes,Yes
113567,29642,Beans,20,05/02/2025,60,No,Yes
84416,29648,Groundnuts,20,12/11/2024,10,Yes,Yes
84418,29648,Soybean,25,10/12/2024,5,Yes,Yes
85121,29663,Groundnuts,20,18/11/2024,10,Yes,Yes
87328,29664,Groundnuts,20,14/11/2024,10,Yes,Yes
92326,29673,Soybean,25,31/12/2024,45,Yes,Yes
83656,29674,Groundnuts,20,02/11/2024,20,No,Yes
92328,29674,Soybean,25,01/01/2025,45,Yes,Yes
100587,29675,Soybean,25,18/01/2025,50,Yes,Yes
104662,29680,Beans,20,10/03/2025,12,Yes,Yes
92742,29682,Soybean,25,22/12/2024,50,No,Yes
84420,29684,Soybean,25,15/12/2024,50,Yes,Yes
97954,29694,Soybean,25,15/11/2024,51,No,Yes
107131,29701,Beans,20,05/02/2025,12,Yes,Yes
101707,29703,Beans,20,15/02/2025,13,No,No
89306,29707,Groundnuts,20,15/11/2024,25,Yes,Yes
96498,32352,Soybean,25,18/01/2025,40,No,Yes
96488,32361,Soybean,25,28/12/2024,40,No,Yes
96507,32363,Soybean,25,29/12/2024,40,No,Yes
96509,32365,Soybean,25,31/12/2024,40,No,Yes
96567,32380,Soybean,25,18/12/2024,39,No,Yes
98063,32386,Soybean,25,03/01/2025,50,Yes,Yes
91673,32390,Soybean,25,01/01/2025,45,Yes,Yes
79575,32391,Soybean,25,15/12/2024,50,Yes,Yes
95336,32394,Soybean,25,03/01/2025,50,No,Yes
104271,2972,Beans,20,02/02/2025,50,No,Yes
92756,29721,Soybean,25,12/01/2025,50,No,Yes
98026,29726,Soybean,25,25/12/2024,52,No,Yes
92762,29732,Soybean,25,05/01/2025,50,No,Yes
107827,29734,Beans,20,22/02/2025,60,No,Yes
95567,29741,Soybean,25,12/12/2024,45,Yes,Yes
93253,29742,Groundnuts,20,14/11/2024,25,Yes,Yes
95566,29743,Groundnuts,20,12/11/2024,25,Yes,Yes
95554,29746,Groundnuts,20,15/11/2024,25,Yes,Yes
85498,29747,Soybean,25,15/12/2024,45,Yes,Yes
92570,29748,Groundnuts,20,20/10/2024,25,Yes,Yes
104286,2975,Beans,40,02/02/2025,50,No,Yes
108199,29757,Beans,60,10/02/2025,60,No,Yes
113580,29762,Beans,20,12/02/2025,120,No,Yes
95256,29766,Soybean,25,28/11/2024,52,Yes,Yes
95253,29767,Soybean,25,05/12/2024,48,Yes,Yes
95259,29768,Soybean,25,03/01/2025,42,Yes,Yes
87651,29783,Soybean,25,20/12/2024,45,No,Yes
85515,29785,Soybean,25,20/01/2025,45,No,Yes
84002,29787,Groundnuts,20,12/12/2024,30,No,Yes
87643,29787,Soybean,25,20/12/2024,45,No,Yes
91651,29790,Soybean,25,26/12/2024,45,No,Yes
88187,29794,Soybean,25,18/12/2024,45,No,Yes
99105,32399,Soybean,25,25/12/2024,50,No,Yes
92613,32405,Soybean,25,03/01/2025,50,Yes,Yes
96516,32412,Soybean,25,20/12/2024,40,No,Yes
85575,3244,Soybean,50,04/01/2025,50,Yes,Yes
95338,32442,Soybean,25,14/12/2024,50,No,Yes
98375,32453,Soybean,25,20/12/2024,35,No,Yes
98380,32454,Soybean,25,03/01/2025,30,No,Yes
105310,32457,Beans,20,05/02/2025,61,No,Yes
104385,32460,Beans,20,09/02/2025,61,No,Yes
99930,32467,Groundnuts,20,29/11/2024,5,Yes,Yes
114473,32470,Beans,40,25/02/2025,60,No,Yes
102612,29802,Beans,20,01/02/2025,35,No,Yes
94522,29803,Soybean,50,29/12/2024,5,Yes,Yes
84945,29805,Groundnuts,20,13/11/2024,10,Yes,Yes
87326,29806,Groundnuts,20,18/12/2024,10,Yes,Yes
84886,29812,Soybean,50,21/12/2024,5,Yes,Yes
88185,29822,Soybean,25,20/12/2024,45,No,Yes
88181,29827,Soybean,25,22/11/2024,45,No,Yes
81662,29835,Soybean,25,30/12/2024,60,No,Yes
90425,29838,Soybean,25,03/01/2025,45,No,Yes
83998,29841,Groundnuts,20,27/11/2024,30,No,Yes
91656,29843,Soybean,25,28/12/2024,45,No,Yes
87659,29845,Soybean,25,19/12/2024,45,No,Yes
87664,29847,Groundnuts,20,10/11/2024,10,No,Yes
87640,29850,Groundnuts,20,07/11/2024,17,No,Yes
89521,29851,Groundnuts,20,20/11/2024,8,No,Yes
117155,29861,Beans,20,03/03/2025,10,No,No
117157,29862,Beans,20,28/02/2025,10,No,Yes
95276,29869,Soybean,25,24/12/2024,37,No,Yes
87321,29870,Soybean,25,19/12/2024,45,No,Yes
81703,29872,Groundnuts,20,29/12/2024,45,No,Yes
114474,32473,Beans,40,26/02/2025,60,No,Yes
87839,32477,Groundnuts,20,20/12/2024,65,Yes,Yes
78697,3248,Soybean,25,14/12/2024,50,Yes,Yes
77789,32511,Groundnuts,40,18/11/2024,50,Yes,Yes
117741,32522,Beans,40,25/02/2025,60,No,Yes
116915,32547,Beans,20,07/02/2025,11,Yes,No
78707,3256,Soybean,25,11/12/2024,50,Yes,Yes
97569,32560,Soybean,25,02/01/2025,45,No,Yes
97551,32563,Soybean,25,01/01/2025,50,No,Yes
85250,32571,Soybean,25,27/11/2024,50,No,Yes
88586,32573,Soybean,25,27/12/2024,50,No,Yes
99317,32591,Soybean,50,14/12/2024,45,Yes,Yes
91890,32600,Soybean,50,14/12/2024,50,Yes,Yes
100683,32601,Soybean,25,13/12/2024,50,Yes,Yes
91905,32604,Soybean,50,15/12/2024,50,Yes,Yes
91911,32607,Soybean,25,15/12/2024,50,Yes,Yes
90587,32613,Soybean,25,08/01/2025,50,Yes,Yes
95011,32629,Groundnuts,20,31/12/2024,10,No,Yes
96998,32633,Soybean,25,02/01/2025,45,Yes,Yes
80700,32641,Soybean,50,16/12/2024,50,No,Yes
82607,32644,Soybean,50,19/11/2024,5,Yes,Yes
104409,32651,Beans,20,05/02/2025,60,No,Yes
104408,32652,Beans,20,07/02/2025,60,No,Yes
104403,32659,Beans,20,07/02/2025,61,No,Yes
104394,32661,Beans,20,03/02/2025,60,No,Yes
94446,32662,Soybean,50,29/12/2024,55,Yes,Yes
95982,32664,Soybean,25,23/12/2024,60,Yes,Yes
99450,32667,Soybean,25,11/12/2024,35,Yes,Yes
93456,3267,Soybean,25,01/01/2025,60,Yes,Yes
95954,32673,Soybean,25,25/12/2024,30,Yes,Yes
95939,32674,Soybean,25,23/12/2024,4,Yes,Yes
82013,29880,Soybean,25,19/12/2024,45,No,Yes
83475,29881,Groundnuts,25,13/11/2024,45,No,Yes
83476,29881,Soybean,25,06/12/2024,45,No,Yes
81067,29890,Soybean,25,19/12/2024,60,Yes,Yes
112841,29893,Beans,260,05/02/2025,60,No,Yes
95249,29894,Soybean,25,01/01/2025,57,No,Yes
78930,29901,Soybean,20,13/12/2024,50,Yes,Yes
89239,29902,Soybean,25,01/01/2025,50,Yes,Yes
84009,29907,Groundnuts,20,10/12/2024,50,No,Yes
94991,29921,Groundnuts,20,03/01/2025,50,No,Yes
94992,29922,Groundnuts,20,02/01/2025,50,No,Yes
94993,29924,Groundnuts,20,25/12/2024,50,No,Yes
94994,29925,Groundnuts,20,28/12/2024,50,No,Yes
80577,29926,Groundnuts,20,03/12/2024,50,No,Yes
83591,29938,Groundnuts,20,16/12/2024,50,No,Yes
96169,29947,Soybean,25,14/12/2024,50,No,Yes
105294,29955,Beans,20,20/02/2025,50,Yes,Yes
105929,29957,Beans,20,23/02/2025,50,Yes,Yes
84570,29960,Soybean,25,23/12/2024,50,No,Yes
103179,29977,Beans,20,03/02/2025,45,No,Yes
93458,3268,Soybean,25,01/01/2025,60,No,Yes
95949,32683,Soybean,25,28/12/2024,45,No,Yes
80169,32684,Groundnuts,20,25/11/2024,5,Yes,Yes
104383,32685,Beans,20,06/02/2025,58,No,Yes
100088,32691,Soybean,25,09/01/2025,50,Yes,Yes
103768,32700,Beans,20,05/02/2025,40,No,Yes
103784,32701,Beans,40,04/02/2025,40,No,Yes
103763,32703,Beans,40,05/02/2025,40,No,No
103787,32704,Beans,20,04/02/2025,46,No,Yes
85912,32708,Groundnuts,20,02/12/2024,30,Yes,Yes
103619,32709,Beans,20,08/02/2025,60,No,Yes
102081,32712,Beans,20,04/02/2025,60,No,Yes
104057,32724,Beans,20,06/03/2025,65,No,Yes
104096,32726,Beans,20,07/03/2025,50,No,Yes
83993,32728,Soybean,25,10/12/2024,5,Yes,Yes
104169,32732,Beans,20,05/02/2025,50,No,Yes
102938,32733,Beans,20,06/02/2025,45,Yes,Yes
102937,32734,Beans,20,09/02/2025,50,Yes,Yes
104104,32737,Beans,20,05/03/2025,45,No,Yes
104078,32738,Beans,20,06/03/2025,45,No,Yes
104091,32739,Beans,20,06/03/2025,45,No,Yes
111392,32742,Beans,40,19/02/2025,50,No,Yes
111400,32743,Beans,40,20/02/2025,60,No,Yes
111397,32744,Beans,60,18/02/2025,60,No,Yes
102617,29979,Beans,20,02/02/2025,30,No,Yes
119316,29983,Beans,20,08/02/2025,90,Yes,No
119324,29985,Beans,20,15/02/2025,100,Yes,Yes
119319,29986,Beans,20,11/02/2025,85,Yes,Yes
122024,29987,Beans,20,24/01/2025,100,Yes,Yes
119046,29989,Beans,20,08/02/2025,85,Yes,Yes
105918,29990,Beans,20,08/02/2025,90,Yes,No
93254,29999,Groundnuts,20,31/12/2024,10,No,Yes
116586,30006,Beans,20,24/02/2025,90,Yes,Yes
116583,30008,Beans,20,15/02/2025,100,Yes,Yes
116582,30009,Beans,20,06/02/2025,100,Yes,Yes
116581,30010,Beans,20,24/02/2025,100,Yes,Yes
112092,30012,Beans,20,22/02/2025,100,Yes,Yes
119025,30016,Beans,20,05/02/2025,100,Yes,Yes
90567,30022,Soybean,25,08/01/2025,50,Yes,Yes
102378,30024,Beans,20,06/02/2025,10,No,Yes
104455,30026,Beans,20,01/02/2025,10,No,Yes
102774,30027,Beans,20,01/02/2025,10,No,Yes
102768,30028,Beans,20,02/02/2025,10,No,Yes
84573,30043,Soybean,25,28/12/2024,50,No,Yes
94385,30058,Soybean,25,06/12/2024,40,No,Yes
84571,30062,Soybean,25,29/12/2024,50,No,Yes
101363,30064,Soybean,25,26/12/2024,46,Yes,Yes
80093,32754,Soybean,25,09/12/2024,45,Yes,Yes
86750,32756,Soybean,75,26/12/2024,45,Yes,Yes
92359,3276,Soybean,50,27/12/2024,50,No,Yes
111022,32777,Beans,80,17/02/2025,55,No,Yes
104083,32779,Beans,20,05/03/2025,50,No,Yes
104084,32780,Beans,20,04/03/2025,50,No,Yes
104086,32781,Beans,20,03/03/2025,50,No,Yes
111602,32784,Beans,20,07/02/2025,60,No,Yes
104085,32787,Beans,20,05/03/2025,45,No,Yes
95922,32788,Soybean,25,22/12/2024,25,No,Yes
99481,32795,Soybean,25,13/12/2024,45,No,Yes
99506,32797,Soybean,25,05/01/2025,45,Yes,Yes
95099,30074,Soybean,25,30/12/2024,40,No,Yes
111023,30080,Beans,20,15/02/2025,60,No,Yes
84754,30096,Soybean,25,20/01/2025,45,No,Yes
89531,30097,Soybean,25,26/12/2024,45,No,Yes
91660,30102,Soybean,25,18/12/2024,45,No,Yes
84003,30103,Groundnuts,20,02/12/2024,30,No,Yes
84098,30103,Soybean,25,18/12/2024,0,No,Yes
86677,30104,Soybean,25,20/12/2024,45,No,Yes
89536,30106,Soybean,25,27/12/2024,45,No,Yes
89535,30108,Soybean,25,23/12/2024,45,No,Yes
111408,32820,Beans,60,22/02/2025,60,No,Yes
92351,32824,Soybean,50,26/12/2024,45,Yes,Yes
92353,32825,Soybean,25,17/12/2024,45,Yes,Yes
83024,32829,Groundnuts,20,06/11/2024,20,No,Yes
91581,32834,Soybean,25,23/12/2024,45,Yes,Yes
93095,32835,Groundnuts,20,18/11/2024,20,No,Yes
94236,32839,Soybean,50,21/12/2024,45,Yes,Yes
99111,32843,Soybean,25,02/01/2025,50,No,Yes
110210,32852,Beans,40,14/02/2025,60,No,Yes
93945,32864,Groundnuts,40,15/11/2024,45,No,Yes
90680,32865,Groundnuts,20,16/11/2024,20,No,Yes
91494,32870,Groundnuts,20,27/11/2024,20,No,Yes
95064,3011,Beans,50,29/12/2024,45,Yes,Yes
77850,3013,Soybean,50,15/12/2024,50,Yes,Yes
94386,30131,Soybean,25,11/01/2025,40,No,Yes
90632,30134,Soybean,25,27/12/2024,55,Yes,Yes
95849,32315,Soybean,25,02/12/2024,75,Yes,Yes
97156,32317,Soybean,75,05/12/2024,60,Yes,Yes
97147,32329,Soybean,25,05/01/2025,50,Yes,Yes
97221,32331,Soybean,25,01/01/2025,55,Yes,Yes
98761,32334,Soybean,25,03/01/2025,55,Yes,Yes
92728,32344,Soybean,25,27/11/2024,50,No,Yes
96506,32360,Soybean,25,25/12/2024,39,No,Yes
85568,3237,Soybean,50,12/12/2024,50,Yes,Yes
92369,32372,Soybean,25,23/12/2024,40,No,Yes
94395,32398,Soybean,25,03/01/2025,50,No,Yes
85572,3240,Soybean,25,02/01/2025,50,Yes,Yes
117710,40891,Beans,20,20/02/2025,90,No,Yes
117704,40894,Beans,20,27/02/2025,90,Yes,Yes
117868,40902,Beans,20,24/02/2025,70,No,No
127369,40936,Beans,20,08/02/2025,60,Yes,Yes
81079,4222,Groundnuts,40,21/12/2024,50,No,Yes
81084,4223,Groundnuts,40,15/12/2024,50,No,Yes
82072,4225,Groundnuts,40,25/12/2024,50,No,Yes
100397,4243,Soybean,50,03/11/2024,50,Yes,Yes
85573,3241,Soybean,50,04/01/2025,50,Yes,Yes
96515,32411,Soybean,25,27/12/2024,40,No,Yes
94492,32419,Soybean,25,03/01/2025,15,Yes,Yes
95339,32426,Soybean,25,27/12/2024,50,No,Yes
82125,32434,Soybean,50,20/12/2024,50,Yes,Yes
95340,32436,Soybean,25,27/12/2024,50,No,Yes
94919,32445,Groundnuts,20,10/11/2024,15,Yes,Yes
85577,3246,Soybean,25,03/01/2025,50,Yes,Yes
109602,4272,Beans,40,07/02/2025,60,No,Yes
110160,4273,Beans,20,14/01/2025,120,No,Yes
110759,4275,Beans,80,10/02/2025,60,No,Yes
110761,4276,Beans,80,06/02/2025,60,No,Yes
103257,4289,Beans,20,04/02/2025,10,No,Yes
78159,4294,Maize,10,13/12/2024,70,No,Yes
96266,4294,Soybean,50,09/01/2025,55,Yes,Yes
94210,4296,Soybean,25,05/01/2025,55,Yes,Yes
92596,4324,Soybean,50,08/12/2024,50,Yes,Yes
94618,4325,Soybean,50,08/01/2025,60,Yes,Yes
93306,4338,Soybean,25,03/01/2025,50,Yes,Yes
97020,4342,Soybean,25,02/01/2025,50,Yes,Yes
114472,32469,Beans,40,26/02/2025,60,No,Yes
114476,32481,Beans,40,20/02/2025,60,No,Yes
114470,32482,Beans,40,26/02/2025,60,No,Yes
78699,3249,Soybean,25,12/12/2024,50,Yes,Yes
83909,32498,Soybean,50,23/12/2024,45,Yes,Yes
117742,32517,Beans,40,26/02/2025,60,No,Yes
107694,32538,Beans,40,19/02/2025,10,No,Yes
111387,32548,Beans,60,18/02/2025,60,No,Yes
111401,32550,Beans,40,21/02/2025,60,No,Yes
97547,32567,Soybean,25,03/01/2025,50,No,Yes
88587,32576,Soybean,25,26/12/2024,50,No,No
94403,32585,Soybean,25,05/01/2025,50,No,Yes
94528,32586,Soybean,25,25/12/2024,5,Yes,Yes
98203,4351,Soybean,25,28/12/2024,60,Yes,Yes
98201,4357,Soybean,25,28/12/2024,45,Yes,Yes
98206,4358,Soybean,25,16/12/2024,45,Yes,Yes
100368,4374,Soybean,25,14/12/2024,50,Yes,Yes
81586,4377,Soybean,50,11/12/2024,50,Yes,Yes
99623,4398,Soybean,50,08/12/2024,50,Yes,Yes
98280,4431,Soybean,25,10/01/2025,45,Yes,Yes
97839,4435,Soybean,50,08/01/2025,45,Yes,Yes
93873,4438,Soybean,25,15/01/2025,45,No,Yes
92779,4462,Soybean,4,30/12/2024,50,Yes,Yes
92583,4471,Soybean,25,01/01/2025,50,Yes,Yes
100064,32589,Soybean,50,23/11/2024,45,Yes,Yes
100348,32593,Soybean,25,07/12/2024,45,Yes,Yes
99953,32596,Soybean,50,18/12/2024,50,Yes,Yes
99334,32599,Soybean,25,19/12/2024,50,Yes,Yes
87687,32603,Soybean,25,17/12/2024,50,Yes,Yes
118968,32615,Beans,40,26/02/2025,60,No,Yes
109153,32617,Beans,2,27/02/2025,60,No,Yes
93461,32624,Soybean,25,01/01/2025,60,Yes,Yes
91828,32626,Groundnuts,20,21/12/2024,8,No,Yes
91829,32630,Groundnuts,40,30/12/2024,8,No,Yes
84440,32640,Soybean,75,28/12/2024,50,No,Yes
108415,32643,Beans,20,10/02/2025,30,No,Yes
104389,32653,Beans,20,08/02/2025,60,No,Yes
104417,32657,Beans,20,07/02/2025,60,No,Yes
95952,32668,Soybean,25,03/01/2025,45,Yes,Yes
95267,32669,Soybean,25,27/12/2024,55,No,Yes
95994,32678,Soybean,25,28/12/2024,45,No,Yes
103762,32687,Beans,20,06/02/2025,42,No,Yes
102135,32692,Beans,20,08/02/2025,60,No,Yes
91667,3270,Soybean,50,01/01/2025,60,No,Yes
104384,32706,Beans,20,06/02/2025,61,No,Yes
104296,32707,Beans,20,05/02/2025,60,No,Yes
83538,32710,Groundnuts,20,16/12/2024,45,No,Yes
80722,4474,Beans,25,11/12/2024,55,No,Yes
90734,4474,Soybean,25,11/12/2024,15,No,Yes
92019,4479,Soybean,25,13/12/2024,50,Yes,Yes
90557,4481,Soybean,25,02/12/2024,45,Yes,Yes
90745,4485,Soybean,25,11/12/2024,50,No,Yes
106126,4500,Beans,80,14/02/2025,60,No,Yes
106976,4527,Beans,20,16/02/2025,55,No,Yes
106975,4530,Beans,20,18/02/2025,60,No,Yes
96592,4538,Maize,10,10/12/2024,70,No,Yes
97674,4571,Soybean,25,05/01/2025,55,Yes,Yes
78709,4574,Soybean,25,14/12/2024,60,Yes,Yes
96366,4576,Soybean,50,08/01/2025,60,Yes,Yes
103384,4582,Beans,20,03/02/2025,69,No,Yes
101389,4589,Sunflower,5,05/12/2024,60,Yes,Yes
86639,4590,Soybean,50,13/12/2024,65,Yes,Yes
91123,4596,Soybean,50,06/01/2025,60,Yes,Yes
93336,4605,Soybean,25,07/01/2025,49,Yes,Yes
104879,4616,Beans,20,11/02/2025,30,No,Yes
104497,4617,Beans,20,09/02/2025,30,No,Yes
93222,4625,Soybean,50,19/12/2024,50,Yes,Yes
89586,4633,Soybean,25,11/12/2024,50,Yes,Yes
90546,4640,Soybean,75,14/12/2024,50,Yes,Yes
99339,4643,Soybean,50,10/12/2024,50,Yes,Yes
99337,4644,Soybean,25,10/12/2024,50,Yes,Yes
93180,4646,Soybean,25,08/12/2024,50,Yes,Yes
103225,4649,Beans,20,12/02/2025,50,Yes,Yes
97936,4711,Soybean,75,27/11/2024,50,Yes,Yes
79605,4713,Soybean,50,15/11/2024,50,Yes,Yes
87807,4714,Soybean,50,21/11/2024,50,Yes,Yes
87858,4715,Soybean,50,13/11/2024,50,Yes,Yes
102076,32713,Beans,20,02/02/2025,50,No,Yes
88200,32722,Groundnuts,20,20/12/2024,10,Yes,Yes
88199,32722,Soybean,25,20/12/2024,5,Yes,Yes
104099,32723,Beans,20,04/03/2025,50,No,Yes
104087,32725,Beans,20,06/03/2025,50,No,Yes
104062,32730,Beans,20,06/03/2025,50,No,Yes
93457,3274,Soybean,25,03/01/2025,60,Yes,Yes
114477,32740,Beans,40,26/02/2025,60,No,Yes
104884,32745,Beans,20,12/02/2025,10,No,Yes
85579,32753,Soybean,25,30/12/2024,45,Yes,Yes
85976,32755,Soybean,25,31/12/2024,45,Yes,Yes
95945,32763,Soybean,25,16/12/2024,15,Yes,Yes
95984,32770,Soybean,25,28/12/2024,49,Yes,Yes
96000,32773,Soybean,25,26/12/2024,40,Yes,Yes
101837,32775,Beans,20,05/02/2025,10,Yes,Yes
104064,32776,Beans,20,06/03/2025,50,No,Yes
104081,32778,Beans,20,04/03/2025,50,No,Yes
91794,3279,Soybean,25,24/12/2024,60,Yes,Yes
95972,32791,Soybean,25,15/12/2024,7,Yes,Yes
99477,32796,Soybean,25,13/12/2024,50,No,Yes
95284,32798,Soybean,25,29/11/2024,50,No,Yes
91665,3280,Soybean,25,01/01/2025,60,No,Yes
95920,32802,Soybean,25,21/12/2024,5,Yes,Yes
104234,32803,Beans,20,03/02/2025,45,No,Yes
104202,32804,Beans,20,01/02/2025,35,No,Yes
100016,32818,Soybean,25,03/01/2025,65,Yes,Yes
107762,32821,Beans,40,10/02/2025,60,No,Yes
108989,32822,Beans,40,14/02/2025,60,No,Yes
92339,32826,Soybean,25,27/12/2024,45,Yes,Yes
92324,32828,Soybean,50,18/01/2025,45,Yes,Yes
83658,32830,Soybean,50,21/12/2024,45,Yes,Yes
83660,32831,Groundnuts,20,24/11/2024,20,No,Yes
86242,32840,Soybean,50,19/12/2024,45,Yes,Yes
92091,4719,Soybean,75,10/12/2024,50,Yes,Yes
79604,4731,Soybean,50,22/11/2024,45,No,Yes
96703,4737,Soybean,75,15/12/2024,50,Yes,Yes
79600,4739,Soybean,50,24/11/2024,55,Yes,Yes
79233,4740,Soybean,50,22/11/2024,55,Yes,Yes
97672,4743,Sunflower,5,12/01/2025,60,No,Yes
83623,4751,Soybean,100,23/12/2024,45,No,Yes
93462,4783,Soybean,50,13/01/2025,50,Yes,Yes
110533,4790,Beans,40,26/02/2025,50,No,Yes
110534,4795,Beans,40,24/03/2025,45,No,Yes
82929,4797,Soybean,50,22/11/2024,55,Yes,Yes
79606,4802,Soybean,50,24/11/2024,50,Yes,Yes
79236,4806,Soybean,50,22/11/2024,55,Yes,Yes
108857,4808,Beans,20,15/02/2025,40,No,Yes
84288,4826,Soybean,25,12/12/2024,50,Yes,Yes
86602,4828,Soybean,50,28/12/2024,55,Yes,Yes
81024,4838,Soybean,50,17/12/2024,60,Yes,Yes
86720,4850,Soybean,50,24/11/2024,55,Yes,Yes
79938,4862,Soybean,50,25/11/2024,50,Yes,Yes
79933,4865,Soybean,25,26/11/2024,50,Yes,Yes
86723,4868,Soybean,50,21/11/2024,55,Yes,Yes
111406,32841,Beans,40,18/02/2025,60,No,Yes
111393,32846,Beans,40,18/02/2025,60,No,Yes
111391,32851,Beans,40,19/02/2025,60,No,Yes
103659,32853,Beans,20,01/02/2025,60,No,Yes
91502,32859,Groundnuts,80,02/12/2024,50,No,Yes
90673,32861,Groundnuts,20,14/11/2024,50,No,Yes
91213,32868,Groundnuts,20,27/11/2024,45,Yes,Yes
90260,32871,Groundnuts,40,21/11/2024,20,No,Yes
90307,32873,Groundnuts,20,21/11/2024,50,No,Yes
81203,3290,Soybean,25,10/12/2024,50,Yes,Yes
114480,32902,Beans,40,24/02/2025,60,No,Yes
114483,32906,Beans,40,26/02/2025,60,No,Yes
84289,4869,Soybean,50,29/11/2024,50,Yes,Yes
89466,4893,Soybean,50,28/11/2024,50,Yes,Yes
86600,4894,Soybean,50,18/11/2024,55,Yes,Yes
81260,4903,Soybean,1,18/12/2024,50,Yes,Yes
103207,4905,Beans,20,02/02/2025,10,No,Yes
103202,4907,Beans,20,02/02/2025,10,No,Yes
103201,4910,Beans,20,03/02/2025,10,No,Yes
114740,4913,Beans,20,01/02/2025,10,Yes,Yes
114713,4914,Beans,20,02/02/2025,10,Yes,Yes
82388,4917,Maize,10,12/12/2024,75,No,Yes
78095,4917,Soybean,50,10/12/2024,45,Yes,Yes
102814,4934,Beans,20,03/02/2025,60,No,Yes
93407,4943,Soybean,25,03/01/2025,50,Yes,Yes
91705,4948,Soybean,25,14/12/2024,55,Yes,Yes
93136,4966,Soybean,25,11/01/2025,45,Yes,Yes
87877,4973,Soybean,50,12/11/2024,45,Yes,Yes
86728,4976,Soybean,50,21/11/2024,55,Yes,Yes
79238,4979,Soybean,50,18/11/2024,55,Yes,Yes
79609,4990,Soybean,50,23/11/2024,45,Yes,Yes
79946,4991,Soybean,75,24/11/2024,55,Yes,Yes
92884,5007,Soybean,6,25/12/2024,50,Yes,Yes
110207,5011,Beans,40,11/02/2025,60,No,Yes
109686,5029,Beans,80,13/02/2025,55,No,Yes
104217,32925,Beans,20,02/02/2025,60,No,Yes
98305,32930,Soybean,75,21/01/2025,60,Yes,Yes
115244,32933,Beans,20,05/02/2025,50,No,Yes
90826,32934,Soybean,25,24/12/2024,60,Yes,Yes
109209,32936,Beans,20,18/02/2025,50,Yes,Yes
90199,32937,Groundnuts,20,18/11/2024,45,No,Yes
98934,3294,Soybean,50,17/01/2025,45,Yes,Yes
99403,32973,Soybean,25,24/12/2024,50,Yes,Yes
95813,32978,Soybean,25,30/11/2024,80,Yes,Yes
99501,32988,Soybean,25,12/12/2024,45,Yes,Yes
99944,32992,Soybean,25,15/01/2025,45,Yes,Yes
84585,32993,Soybean,25,15/12/2024,50,Yes,Yes
96601,3300,Soybean,25,17/01/2025,60,Yes,Yes
104195,33028,Beans,20,02/02/2025,50,No,Yes
118516,33068,Beans,20,10/03/2025,60,Yes,Yes
97570,33069,Soybean,25,02/01/2025,45,No,Yes
109607,33071,Beans,80,05/02/2025,70,No,Yes
94493,33078,Soybean,25,02/01/2025,15,Yes,Yes
94885,3308,Soybean,25,20/01/2025,16,Yes,Yes
86045,33081,Soybean,25,24/12/2024,45,Yes,Yes
109681,5032,Beans,40,18/02/2025,55,No,Yes
109682,5035,Beans,340,14/02/2025,60,No,Yes
109689,5049,Beans,40,17/02/2025,55,No,Yes
96276,5055,Soybean,25,17/01/2025,50,Yes,Yes
79655,5060,Groundnuts,20,01/12/2024,35,Yes,Yes
79622,5062,Groundnuts,20,29/11/2024,45,No,Yes
109159,5071,Beans,20,17/02/2025,60,No,Yes
79652,5074,Groundnuts,20,04/12/2024,45,No,Yes
80956,5081,Groundnuts,20,03/12/2024,35,No,Yes
79182,5092,Groundnuts,20,03/12/2024,35,No,Yes
85188,5115,Soybean,25,25/12/2024,60,Yes,Yes
77938,5118,Groundnuts,20,29/11/2024,8,No,Yes
88401,33090,Soybean,50,01/01/2025,65,Yes,Yes
95100,33098,Soybean,25,23/12/2024,45,No,Yes
78425,3311,Soybean,25,19/12/2024,45,No,Yes
104006,33113,Beans,20,02/02/2025,50,Yes,Yes
83767,33119,Soybean,50,29/12/2024,45,No,Yes
87748,33134,Soybean,25,07/12/2024,50,No,Yes
88720,33135,Groundnuts,20,26/11/2024,5,Yes,Yes
84515,33153,Soybean,25,03/01/2025,4,Yes,Yes
86020,33158,Soybean,25,03/01/2025,4,Yes,Yes
80045,33164,Soybean,45,14/12/2024,5,Yes,Yes
86474,33166,Soybean,100,29/12/2024,4,Yes,Yes
118972,5133,Beans,80,18/02/2025,60,No,Yes
108752,5170,Beans,40,18/02/2025,60,No,Yes
109162,5177,Beans,40,11/02/2025,60,No,Yes
110532,5191,Beans,20,20/02/2025,50,No,Yes
110516,5197,Beans,40,14/02/2025,50,No,Yes
83687,5206,Groundnuts,20,29/11/2024,30,Yes,Yes
108047,5235,Beans,20,12/02/2025,60,No,Yes
107724,5236,Beans,40,14/02/2025,60,No,Yes
107848,5237,Beans,40,21/02/2025,120,Yes,Yes
108286,5242,Beans,40,17/02/2025,60,No,Yes
108290,5262,Beans,40,12/02/2025,60,No,Yes
85973,33170,Soybean,25,02/01/2025,4,Yes,Yes
85969,33176,Soybean,25,28/12/2024,4,Yes,Yes
85974,33183,Soybean,25,03/01/2025,5,Yes,Yes
86663,33186,Soybean,25,03/01/2025,4,Yes,Yes
85966,33197,Soybean,50,03/01/2025,3,Yes,Yes
85967,33198,Soybean,25,03/01/2025,3,Yes,Yes
85968,33200,Soybean,50,02/01/2025,3,Yes,Yes
86670,33203,Soybean,25,03/01/2025,4,Yes,Yes
95020,33207,Soybean,50,01/01/2025,50,No,Yes
91242,33210,Soybean,25,10/12/2024,60,Yes,Yes
93280,33213,Soybean,25,02/01/2025,45,No,Yes
95355,33237,Soybean,50,06/01/2025,50,No,Yes
107813,5273,Beans,40,10/02/2025,60,No,Yes
107937,5277,Beans,20,14/02/2025,60,No,Yes
108987,5279,Beans,40,16/02/2025,60,No,Yes
107809,5286,Beans,20,20/02/2025,60,No,Yes
110198,5325,Beans,80,21/02/2025,55,No,Yes
95486,5337,Soybean,100,28/11/2024,50,Yes,Yes
87936,5345,Soybean,50,12/11/2024,50,Yes,Yes
87938,5351,Soybean,25,13/11/2024,50,Yes,Yes
82934,5370,Soybean,50,22/11/2024,55,Yes,Yes
89468,5377,Soybean,25,14/12/2024,50,Yes,Yes
95360,33243,Soybean,50,02/01/2025,50,No,Yes
89884,33249,Soybean,25,04/01/2025,50,No,Yes
90021,33262,Soybean,25,07/01/2025,45,Yes,Yes
91524,33264,Soybean,100,04/01/2025,45,Yes,Yes
86999,33270,Soybean,100,01/01/2025,4,Yes,Yes
96927,3329,Soybean,25,27/12/2024,60,Yes,Yes
94404,33290,Soybean,25,28/12/2024,50,No,Yes
101166,33298,Soybean,25,11/12/2024,55,No,Yes
119454,33300,Beans,20,13/03/2025,90,No,Yes
89632,33303,Soybean,25,11/12/2024,50,Yes,Yes
96641,3333,Soybean,100,12/12/2024,65,Yes,Yes
108861,33336,Beans,260,14/02/2025,50,No,Yes
110523,33354,Beans,20,28/02/2025,50,No,Yes
108860,33376,Beans,260,11/02/2025,60,No,Yes
112808,33414,Beans,20,08/03/2025,50,No,Yes
97558,33415,Soybean,25,02/01/2025,50,No,Yes
97559,33420,Soybean,25,01/01/2025,50,No,Yes
96481,33444,Soybean,25,16/12/2024,40,No,Yes
96551,33445,Soybean,25,27/12/2024,40,No,Yes
95725,33458,Soybean,25,03/01/2025,50,No,Yes
86019,33461,Soybean,50,01/01/2025,4,Yes,Yes
86694,33464,Soybean,10,17/12/2024,20,Yes,Yes
89506,33465,Soybean,50,17/12/2024,10,Yes,Yes
89512,33468,Soybean,25,03/01/2025,10,Yes,Yes
89508,33471,Soybean,50,17/12/2024,10,Yes,Yes
96566,33486,Soybean,25,14/12/2024,40,No,Yes
96535,33495,Soybean,25,17/12/2024,40,No,Yes
96558,33499,Soybean,25,20/12/2024,39,No,Yes
87941,5386,Soybean,50,23/11/2024,50,Yes,Yes
93402,5401,Soybean,25,27/12/2024,50,Yes,Yes
100975,5427,Soybean,25,28/11/2024,50,Yes,Yes
101623,5484,Beans,20,03/02/2025,80,No,Yes
101697,5493,Beans,20,12/02/2025,65,No,Yes
101944,5498,Beans,20,04/02/2025,75,Yes,Yes
80936,5500,Soybean,30,11/12/2024,60,Yes,Yes
101788,5508,Beans,80,01/02/2025,60,No,Yes
101869,5513,Beans,20,08/02/2025,8,No,Yes
101870,5515,Beans,20,09/02/2025,8,No,Yes
102222,5519,Beans,20,07/02/2025,8,No,Yes
102166,5524,Beans,40,06/02/2025,35,No,Yes
90345,5561,Groundnuts,20,21/11/2024,45,No,Yes
108706,5567,Beans,40,16/02/2025,60,No,Yes
78759,5573,Groundnuts,60,26/12/2024,45,No,Yes
87771,5577,Groundnuts,20,19/11/2024,45,No,Yes
94532,5594,Soybean,25,05/01/2025,50,Yes,Yes
99223,5595,Soybean,75,13/01/2025,50,Yes,Yes
99773,5604,Soybean,25,08/01/2025,60,Yes,Yes
96974,5605,Soybean,25,29/12/2024,50,Yes,Yes
97472,5611,Soybean,25,01/01/2025,50,Yes,Yes
94649,5614,Soybean,25,28/12/2024,50,Yes,Yes
91504,5620,Soybean,25,21/12/2024,50,Yes,Yes
99826,5635,Soybean,50,17/12/2024,50,Yes,Yes
109785,5637,Beans,20,04/02/2025,60,No,Yes
109792,5644,Beans,20,01/02/2025,60,Yes,Yes
79231,5724,Soybean,50,20/11/2024,55,Yes,Yes
91625,5748,Groundnuts,40,30/11/2024,35,No,Yes
82167,5753,Groundnuts,20,19/12/2024,30,No,Yes
96556,33500,Soybean,25,17/12/2024,40,No,Yes
96477,33503,Soybean,25,20/12/2024,40,No,Yes
94001,3351,Soybean,75,05/01/2025,65,Yes,Yes
98797,3352,Soybean,25,03/01/2025,70,Yes,Yes
90434,3354,Soybean,25,03/01/2025,55,Yes,Yes
96531,33550,Soybean,25,24/12/2024,40,No,Yes
96530,33551,Soybean,25,26/12/2024,40,No,Yes
96493,33553,Soybean,25,08/01/2025,40,No,Yes
96486,33606,Soybean,25,27/12/2024,45,No,Yes
107664,5834,Beans,160,17/02/2025,60,No,Yes
107661,5835,Beans,80,15/02/2025,60,No,Yes
107956,5841,Beans,40,15/02/2025,60,No,Yes
103039,5856,Beans,40,15/02/2025,60,No,Yes
103031,5858,Beans,60,05/02/2025,60,No,Yes
104637,5863,Beans,60,04/02/2025,60,No,Yes
92634,5900,Soybean,25,02/01/2025,60,Yes,Yes
118961,5904,Beans,40,23/02/2025,60,No,Yes
97054,5913,Soybean,25,06/01/2025,50,Yes,Yes
95490,5916,Soybean,25,11/12/2024,45,Yes,Yes
84359,5931,Soybean,75,26/12/2024,60,Yes,Yes
103295,5937,Beans,20,07/02/2025,80,No,Yes
93286,33648,Soybean,25,03/01/2025,50,No,Yes
95724,33663,Soybean,25,10/01/2025,50,No,Yes
93451,3367,Soybean,25,27/12/2024,60,Yes,Yes
96678,3371,Soybean,50,27/12/2024,60,Yes,Yes
95773,3374,Soybean,25,11/12/2024,50,Yes,Yes
101858,33747,Beans,20,09/02/2025,10,Yes,Yes
101451,3375,Beans,40,22/01/2025,42,Yes,Yes
109070,33807,Beans,10,07/02/2025,7,No,Yes
88449,33809,Groundnuts,20,23/12/2024,75,No,Yes
109066,33813,Beans,10,07/02/2025,7,No,Yes
88452,33813,Groundnuts,20,23/12/2024,75,No,Yes
109065,33814,Beans,10,08/02/2025,7,No,Yes
90354,3382,Soybean,50,11/12/2024,55,Yes,Yes
88454,33829,Groundnuts,20,22/12/2024,75,No,Yes
86799,33843,Groundnuts,30,22/12/2024,75,No,Yes
109076,33845,Beans,10,08/02/2025,7,No,Yes
86802,33845,Groundnuts,30,23/12/2024,75,No,Yes
92035,5953,Soybean,25,19/12/2024,50,No,Yes
83152,5976,Soybean,25,20/12/2024,60,Yes,Yes
94375,5980,Soybean,25,28/12/2024,50,Yes,Yes
101609,6016,Groundnuts,20,18/12/2024,50,No,Yes
101611,6016,Soybean,25,26/12/2024,45,No,Yes
81558,6021,Groundnuts,20,28/11/2024,3,No,Yes
81557,6024,Groundnuts,20,26/11/2024,3,No,Yes
82752,6026,Groundnuts,20,29/11/2024,2,No,Yes
94912,6043,Soybean,25,12/12/2024,60,Yes,Yes
92021,6047,Soybean,50,10/12/2024,45,Yes,Yes
89351,6055,Soybean,25,03/01/2025,60,Yes,Yes
89356,6061,Soybean,50,02/01/2025,50,Yes,Yes
89355,6065,Soybean,50,17/12/2024,50,Yes,Yes
78717,6068,Groundnuts,20,01/12/2024,3,No,Yes
100716,6118,Soybean,25,30/12/2024,50,Yes,Yes
93432,6128,Soybean,50,13/12/2024,50,Yes,Yes
93411,6136,Soybean,50,05/01/2025,50,No,Yes
93468,6137,Soybean,25,06/01/2025,50,Yes,Yes
95632,6141,Soybean,100,06/12/2024,50,Yes,Yes
93489,6150,Soybean,50,13/12/2024,50,Yes,Yes
93433,6153,Soybean,25,14/12/2024,50,Yes,Yes
91408,6157,Soybean,25,28/11/2024,50,Yes,Yes
93412,6167,Soybean,50,12/12/2024,50,No,Yes
93450,6171,Soybean,25,04/01/2025,50,Yes,Yes
95598,6173,Soybean,50,28/12/2024,50,Yes,Yes
93425,6175,Soybean,50,12/12/2024,50,Yes,Yes
91486,6178,Soybean,25,28/11/2024,45,Yes,Yes
95576,6179,Soybean,50,28/11/2024,45,Yes,Yes
80606,6185,Beans,2,23/11/2024,60,No,Yes
109074,33848,Beans,10,07/02/2025,7,No,Yes
109073,33849,Beans,10,08/02/2025,7,No,Yes
109239,33855,Beans,10,06/02/2025,7,No,Yes
88729,33855,Groundnuts,20,23/12/2024,75,No,Yes
109242,33858,Beans,10,06/02/2025,7,No,Yes
109252,33860,Beans,10,07/02/2025,7,No,Yes
109258,33861,Beans,10,08/02/2025,7,No,Yes
109235,33864,Beans,10,06/02/2025,7,No,Yes
86810,33866,Groundnuts,20,24/12/2024,75,No,Yes
107415,33901,Beans,10,06/02/2025,1,No,Yes
109245,33902,Beans,10,06/02/2025,7,No,Yes
109250,33905,Beans,10,08/02/2025,7,No,Yes
88461,33907,Groundnuts,20,23/12/2024,1,No,Yes
107412,33909,Beans,10,06/02/2025,1,No,Yes
86825,33911,Groundnuts,20,22/12/2024,75,No,Yes
88728,33912,Groundnuts,20,22/12/2024,75,No,Yes
107409,33913,Beans,10,07/02/2025,1,No,Yes
86815,33915,Groundnuts,20,23/12/2024,75,No,Yes
109089,33919,Beans,10,07/02/2025,7,No,Yes
109084,33924,Beans,10,08/02/2025,7,No,Yes
109083,33925,Beans,10,07/02/2025,7,No,Yes
86817,33925,Groundnuts,20,23/12/2024,75,No,Yes
86816,33926,Groundnuts,20,24/12/2024,75,No,Yes
109081,33927,Beans,10,06/02/2025,7,No,Yes
109080,33928,Beans,10,07/02/2025,7,No,Yes
86806,33928,Groundnuts,20,23/12/2024,75,No,Yes
104793,33932,Beans,10,08/02/2025,40,No,Yes
84962,33932,Groundnuts,20,29/12/2024,75,No,No
105696,33939,Beans,10,05/02/2025,35,No,Yes
106200,33941,Beans,20,05/02/2025,75,No,Yes
108906,33947,Beans,20,24/02/2025,50,No,Yes
105594,33992,Beans,20,03/02/2025,50,No,Yes
95023,33995,Soybean,1,02/01/2025,40,No,Yes
95024,33996,Soybean,25,06/01/2025,40,No,Yes
96964,6187,Soybean,2,30/12/2024,10,No,No
93470,6194,Soybean,25,14/12/2024,50,Yes,Yes
93439,6195,Soybean,25,13/12/2024,50,Yes,Yes
101178,6196,Soybean,25,10/01/2025,55,Yes,Yes
90775,6198,Soybean,25,29/12/2024,55,Yes,Yes
90776,6203,Soybean,50,29/12/2024,55,Yes,Yes
99434,6204,Soybean,25,01/01/2025,65,No,Yes
101061,6213,Soybean,25,12/12/2024,60,Yes,Yes
90772,6220,Soybean,25,19/12/2024,60,Yes,Yes
90652,6223,Soybean,25,05/01/2025,60,Yes,Yes
92239,6243,Soybean,50,03/01/2025,60,No,Yes
98115,6247,Soybean,25,10/01/2025,42,Yes,Yes
91935,6262,Soybean,25,11/12/2024,65,No,Yes
87777,6264,Groundnuts,20,10/12/2024,5,Yes,Yes
101164,6287,Soybean,25,03/01/2025,60,No,Yes
92124,6294,Soybean,25,10/12/2024,55,No,Yes
101221,6302,Soybean,2,09/01/2025,10,No,Yes
97581,6303,Soybean,2,08/01/2025,10,No,Yes
80256,6309,Soybean,25,09/12/2024,70,Yes,Yes
95025,34027,Soybean,50,03/01/2025,40,No,Yes
110507,34045,Beans,40,18/02/2025,60,No,Yes
109045,34050,Beans,40,18/02/2025,60,No,Yes
104174,34081,Beans,20,09/02/2025,60,No,Yes
102114,34125,Beans,40,01/02/2025,60,No,Yes
95992,34132,Soybean,25,18/12/2024,38,Yes,Yes
95265,34136,Soybean,25,24/12/2024,53,No,Yes
95263,34143,Soybean,25,03/12/2024,52,No,Yes
99452,34148,Soybean,25,10/01/2025,40,Yes,Yes
104306,34152,Beans,80,05/02/2025,45,No,Yes
104141,34160,Beans,20,09/02/2025,45,No,Yes
89336,3418,Soybean,25,14/12/2024,50,Yes,Yes
81310,6318,Soybean,25,10/12/2024,50,Yes,Yes
80943,6321,Soybean,25,09/12/2024,60,Yes,Yes
80724,6323,Soybean,50,26/11/2024,70,Yes,Yes
80730,6326,Soybean,25,10/12/2024,60,Yes,Yes
80942,6327,Soybean,25,11/12/2024,50,Yes,Yes
80589,6331,Soybean,50,27/11/2024,60,Yes,Yes
88262,6335,Soybean,50,10/12/2024,60,Yes,Yes
83966,6337,Soybean,25,11/12/2024,60,Yes,Yes
80727,6338,Soybean,50,09/12/2024,60,Yes,Yes
81307,6339,Soybean,25,10/12/2024,70,Yes,Yes
98563,34205,Soybean,50,19/12/2024,50,No,Yes
98564,34206,Soybean,25,18/12/2024,50,No,Yes
96988,34210,Soybean,50,27/12/2024,50,No,Yes
92136,34213,Soybean,25,05/01/2025,50,No,Yes
91416,34219,Soybean,25,08/01/2025,50,No,Yes
96990,34228,Soybean,25,10/01/2025,50,No,Yes
95363,34234,Soybean,25,02/01/2025,40,No,Yes
91808,34239,Soybean,200,25/12/2024,50,No,Yes
100410,3429,Soybean,25,10/01/2025,50,Yes,Yes
86632,34325,Groundnuts,30,26/12/2024,75,No,Yes
109172,34328,Beans,10,13/02/2025,10,No,Yes
84980,34331,Groundnuts,30,24/12/2024,75,No,Yes
80587,6346,Soybean,25,10/12/2024,60,Yes,Yes
91125,6357,Soybean,50,09/12/2024,45,Yes,Yes
98210,6370,Soybean,25,11/01/2025,60,Yes,Yes
80977,6374,Soybean,25,28/11/2024,60,Yes,Yes
88216,6385,Soybean,25,09/12/2024,60,Yes,Yes
84597,6393,Soybean,4,18/12/2024,50,Yes,Yes
100293,6395,Soybean,50,20/01/2025,50,Yes,Yes
93954,6396,Soybean,50,07/01/2025,60,Yes,Yes
100292,6398,Soybean,25,16/01/2025,50,Yes,Yes
87773,6412,Groundnuts,20,22/12/2024,5,Yes,Yes
78773,6419,Groundnuts,20,03/12/2024,1,No,Yes
90414,6420,Soybean,50,11/12/2024,60,Yes,Yes
86676,6428,Groundnuts,20,31/12/2024,45,No,Yes
89186,6439,Soybean,25,05/01/2025,60,Yes,Yes
90216,6442,Soybean,25,14/12/2024,60,Yes,Yes
90454,6452,Soybean,25,29/12/2024,60,Yes,Yes
90401,6457,Soybean,25,02/01/2025,70,Yes,Yes
92266,6497,Soybean,25,24/11/2024,45,Yes,Yes
98172,6506,Soybean,2,11/12/2024,10,No,Yes
80769,6512,Groundnuts,20,02/12/2024,45,No,Yes
108790,34333,Beans,10,12/02/2025,10,No,Yes
108789,34334,Beans,10,13/02/2025,10,No,Yes
84983,34334,Groundnuts,30,26/12/2024,75,No,Yes
111399,34342,Beans,40,19/02/2025,60,No,Yes
104021,34369,Beans,20,01/02/2025,50,No,Yes
104019,34371,Beans,20,01/02/2025,45,No,Yes
103975,34373,Beans,20,02/02/2025,50,No,Yes
103920,34374,Beans,20,07/02/2025,20,No,Yes
108975,34388,Beans,10,08/02/2025,60,No,Yes
93294,34393,Soybean,125,07/01/2025,50,No,Yes
93292,34394,Soybean,150,22/12/2024,50,No,Yes
107672,34396,Beans,10,07/03/2025,60,No,Yes
107671,34397,Beans,10,05/03/2025,60,No,Yes
87765,34399,Groundnuts,15,28/12/2024,75,No,Yes
88341,34401,Groundnuts,20,29/12/2024,75,No,Yes
87567,34403,Groundnuts,20,31/12/2024,75,No,Yes
87569,34405,Groundnuts,15,02/01/2025,75,No,Yes
97511,3441,Soybean,25,17/12/2024,45,Yes,Yes
93931,34474,Soybean,175,23/12/2024,45,No,Yes
91178,34476,Soybean,25,13/12/2024,45,No,Yes
88661,34480,Groundnuts,20,28/12/2024,75,No,Yes
88571,34483,Groundnuts,20,29/12/2024,75,No,Yes
88574,34486,Groundnuts,15,29/12/2024,75,No,Yes
107772,34489,Beans,10,05/02/2025,60,No,Yes
89044,34491,Groundnuts,30,25/12/2024,75,No,Yes
88236,34493,Groundnuts,30,26/12/2024,75,No,Yes
107785,34494,Beans,10,07/02/2025,60,No,Yes
88232,34494,Groundnuts,30,25/12/2024,75,No,Yes
107783,34496,Beans,10,07/02/2025,60,No,Yes
88228,34497,Groundnuts,20,24/12/2024,75,No,Yes
107776,34499,Beans,10,07/02/2025,60,No,Yes
88235,34500,Groundnuts,20,25/12/2024,75,No,Yes
107788,34503,Beans,10,07/02/2025,60,No,Yes
107780,34504,Beans,10,07/02/2025,60,No,Yes
89047,34504,Groundnuts,30,25/12/2024,75,No,Yes
107781,34505,Beans,10,07/02/2025,60,No,Yes
86573,34508,Groundnuts,30,24/12/2024,75,No,Yes
95730,34514,Soybean,25,10/01/2025,50,No,Yes
95726,34516,Soybean,25,28/12/2024,50,No,Yes
92845,6572,Soybean,25,20/12/2024,50,Yes,Yes
97066,6575,Soybean,50,20/12/2024,50,Yes,Yes
85641,6596,Soybean,25,14/12/2024,50,Yes,Yes
88862,6599,Soybean,50,28/12/2024,60,Yes,Yes
88178,6610,Soybean,50,25/12/2024,60,Yes,Yes
88663,6615,Soybean,25,30/11/2024,60,Yes,Yes
88668,6617,Soybean,25,30/11/2024,60,Yes,Yes
89149,6623,Soybean,50,29/12/2024,60,Yes,Yes
90277,6624,Soybean,25,01/01/2025,60,Yes,Yes
89152,6629,Soybean,25,01/01/2025,60,Yes,Yes
89154,6630,Soybean,25,01/01/2025,60,Yes,Yes
93875,6640,Soybean,25,09/01/2025,50,No,Yes
97418,6642,Soybean,25,06/01/2025,60,Yes,Yes
108516,6645,Beans,100,14/02/2025,55,No,Yes
118973,6649,Beans,40,22/02/2025,60,No,Yes
97499,6663,Soybean,50,01/01/2025,50,Yes,Yes
90811,6702,Soybean,25,12/12/2024,60,Yes,Yes
90804,6703,Soybean,25,28/11/2024,60,Yes,Yes
90813,6707,Soybean,25,06/01/2025,60,Yes,Yes
101224,6709,Soybean,1,01/01/2025,10,No,Yes
97663,6710,Beans,1,01/01/2025,10,No,Yes
101222,6715,Soybean,2,01/01/2025,10,No,Yes
97560,34518,Soybean,25,01/01/2025,50,No,Yes
108769,34540,Beans,20,18/02/2025,11,No,No
100654,34557,Soybean,75,20/12/2024,50,No,No
100222,34561,Soybean,25,20/12/2024,30,No,No
100652,34572,Soybean,25,16/12/2024,50,No,No
82256,3460,Maize,10,17/12/2024,60,No,Yes
109408,34601,Beans,40,19/02/2025,60,No,Yes
109405,34602,Beans,40,17/02/2025,60,Yes,Yes
107779,34610,Beans,10,07/02/2025,60,No,Yes
107773,34611,Beans,10,08/02/2025,60,No,Yes
79380,6771,Soybean,25,13/12/2024,50,Yes,Yes
84318,6772,Groundnuts,20,20/11/2024,45,No,Yes
98419,6837,Soybean,25,04/01/2025,50,Yes,Yes
96712,6843,Soybean,25,31/12/2024,50,Yes,Yes
91647,6849,Soybean,25,14/12/2024,25,Yes,Yes
96711,6853,Soybean,25,04/01/2025,50,Yes,Yes
98425,6858,Soybean,25,12/12/2024,50,Yes,Yes
99378,6868,Soybean,50,03/01/2025,60,Yes,Yes
84938,6871,Soybean,25,02/01/2025,60,Yes,Yes
84935,6872,Soybean,25,03/01/2025,50,Yes,Yes
89046,34611,Groundnuts,30,25/12/2024,75,No,Yes
88234,34614,Groundnuts,20,24/12/2024,75,No,Yes
86575,34615,Groundnuts,30,24/12/2024,75,No,Yes
108088,34619,Beans,10,13/02/2025,60,Yes,Yes
108090,34620,Beans,10,06/02/2025,60,No,Yes
109733,34625,Beans,40,18/02/2025,60,No,Yes
109734,34627,Beans,40,18/02/2025,55,No,Yes
78094,3463,Soybean,25,11/12/2024,50,Yes,Yes
118977,34634,Beans,40,21/02/2025,60,No,Yes
89653,34646,Soybean,25,22/12/2024,50,No,Yes
97562,34650,Soybean,25,04/01/2025,50,No,Yes
107750,34655,Beans,10,07/02/2025,60,No,Yes
87111,34657,Groundnuts,15,31/12/2024,75,Yes,Yes
89101,34665,Groundnuts,15,31/12/2024,75,No,Yes
86460,34668,Groundnuts,20,27/12/2024,75,No,Yes
101823,34669,Beans,10,05/02/2025,60,No,Yes
88117,34669,Groundnuts,20,31/12/2024,75,No,Yes
102017,34670,Beans,10,10/02/2025,60,No,Yes
107753,34672,Beans,10,08/02/2025,60,No,Yes
91415,6882,Soybean,25,19/12/2024,45,Yes,Yes
97065,6889,Soybean,25,20/12/2024,50,Yes,Yes
93722,6930,Soybean,25,10/01/2025,60,Yes,Yes
78791,6940,Groundnuts,20,15/11/2024,45,No,Yes
78795,6943,Groundnuts,20,15/11/2024,45,Yes,Yes
82026,6959,Groundnuts,40,19/11/2024,30,No,Yes
79159,6966,Groundnuts,20,16/11/2024,45,No,Yes
95086,6967,Groundnuts,40,17/11/2024,25,Yes,Yes
80798,6968,Groundnuts,60,13/11/2024,30,Yes,Yes
81009,6975,Groundnuts,20,17/11/2024,25,Yes,Yes
90342,6997,Groundnuts,20,13/11/2024,45,No,Yes
91040,7000,Soybean,50,17/11/2024,45,Yes,Yes
101702,7002,Beans,20,04/02/2025,70,No,Yes
100275,7012,Soybean,25,09/02/2025,45,No,Yes
95504,7016,Soybean,25,08/01/2025,42,No,Yes
95512,7027,Soybean,25,04/01/2025,42,No,Yes
100278,7028,Soybean,25,03/02/2025,60,No,Yes
100279,7030,Soybean,25,17/02/2025,48,No,Yes
100282,7038,Soybean,25,11/02/2025,45,No,Yes
100280,7043,Soybean,25,03/02/2025,55,No,Yes
91742,7052,Soybean,25,06/01/2025,65,Yes,Yes
83222,7053,Maize,10,16/12/2024,65,No,Yes
90712,7053,Soybean,50,04/01/2025,45,Yes,Yes
83679,7069,Groundnuts,20,12/12/2024,30,Yes,Yes
77799,7103,Groundnuts,20,26/11/2024,45,No,Yes
105009,7108,Beans,20,15/02/2025,10,No,Yes
102851,7111,Beans,20,06/02/2025,30,No,Yes
105470,7115,Beans,20,19/02/2025,40,No,Yes
93759,7139,Groundnuts,20,19/12/2024,40,Yes,Yes
91042,7140,Soybean,20,17/11/2024,45,Yes,Yes
102627,34680,Beans,20,03/02/2025,60,No,Yes
93168,34682,Soybean,50,15/12/2024,65,Yes,Yes
108895,34684,Beans,10,09/02/2025,75,No,Yes
109014,34688,Beans,20,07/02/2025,75,No,Yes
106646,34690,Beans,20,15/03/2025,10,No,Yes
107468,34702,Beans,10,13/02/2025,10,No,Yes
108869,34706,Beans,20,07/02/2025,75,No,Yes
91036,3472,Soybean,25,07/01/2025,50,Yes,Yes
87019,34724,Groundnuts,20,24/12/2024,75,No,Yes
109303,34726,Beans,10,07/02/2025,60,No,Yes
102907,34728,Beans,20,05/02/2025,70,No,Yes
118796,34732,Beans,20,11/02/2025,50,No,No
97246,34744,Soybean,150,10/01/2025,50,No,Yes
97251,34745,Soybean,25,12/01/2025,45,No,No
92320,3478,Soybean,25,06/01/2025,45,Yes,Yes
98566,34784,Soybean,50,21/11/2024,50,No,Yes
94605,34785,Soybean,25,05/01/2025,45,No,Yes
115348,34792,Soybean,50,16/12/2024,45,No,No
113555,34795,Soybean,25,15/12/2024,40,No,No
115350,34797,Soybean,25,16/12/2024,45,No,No
93070,3480,Soybean,25,03/01/2025,55,Yes,Yes
112905,34810,Soybean,25,16/12/2024,35,Yes,No
109253,34818,Beans,10,07/02/2025,7,No,Yes
88755,34818,Groundnuts,20,22/12/2024,75,No,Yes
93725,34822,Soybean,25,14/01/2025,50,Yes,Yes
96201,34827,Soybean,25,23/12/2024,50,No,Yes
113554,34836,Soybean,25,15/12/2024,45,No,No
85727,3485,Soybean,25,04/01/2025,45,Yes,Yes
101613,34889,Soybean,0,20/02/2025,0,Yes,Yes
90180,34893,Groundnuts,20,05/12/2024,30,Yes,Yes
91497,34894,Groundnuts,20,27/11/2024,2,No,Yes
97254,34902,Soybean,25,06/01/2025,45,No,Yes
99661,7151,Soybean,25,31/12/2024,58,Yes,Yes
108672,7193,Beans,20,19/02/2025,20,No,Yes
108836,7198,Beans,80,05/02/2025,40,No,Yes
104156,7199,Beans,20,03/03/2025,40,No,Yes
92699,7223,Soybean,25,08/01/2025,50,Yes,Yes
87277,7238,Soybean,25,18/12/2024,75,Yes,Yes
97713,7272,Soybean,50,15/12/2024,50,Yes,Yes
97715,7277,Soybean,50,29/12/2024,50,Yes,Yes
87784,7300,Groundnuts,20,25/12/2024,45,No,Yes
97714,7305,Soybean,25,29/12/2024,45,Yes,Yes
99425,7316,Soybean,25,03/01/2025,60,Yes,Yes
100874,7329,Soybean,25,15/11/2024,50,Yes,Yes
85221,7330,Soybean,50,08/12/2024,50,No,Yes
100872,7332,Soybean,25,06/11/2024,50,Yes,Yes
100871,7334,Soybean,25,10/11/2024,50,Yes,Yes
117727,7352,Beans,60,20/02/2025,60,No,Yes
80590,7357,Soybean,50,28/11/2024,70,Yes,Yes
93705,7383,Soybean,25,08/01/2025,6,Yes,Yes
97720,7388,Soybean,50,26/12/2024,50,Yes,Yes
93601,7413,Soybean,25,17/11/2024,55,Yes,Yes
95293,7448,Soybean,25,28/12/2024,55,Yes,Yes
95519,7465,Soybean,25,06/01/2025,50,Yes,Yes
97255,34965,Soybean,75,10/01/2025,45,No,Yes
126629,34968,Beans,20,15/02/2025,60,Yes,Yes
127366,34970,Beans,20,06/02/2025,60,Yes,Yes
127372,34971,Beans,20,13/02/2025,60,Yes,Yes
127374,34974,Beans,20,08/02/2025,60,Yes,Yes
94302,34982,Groundnuts,20,28/11/2024,1,No,Yes
89279,3500,Soybean,50,28/12/2024,50,Yes,Yes
87721,3501,Soybean,25,01/01/2025,45,Yes,Yes
95083,35017,Soybean,25,06/01/2025,50,No,Yes
99461,35021,Soybean,25,21/12/2024,36,Yes,Yes
96011,35024,Soybean,25,20/12/2024,50,Yes,Yes
99487,35032,Soybean,25,09/01/2025,35,Yes,Yes
99491,35035,Soybean,25,10/01/2025,35,No,Yes
96195,35040,Soybean,25,24/12/2024,50,No,Yes
96190,35048,Soybean,25,29/12/2024,50,No,Yes
97258,35096,Soybean,25,13/01/2025,45,No,Yes
97260,35098,Soybean,100,12/01/2025,13,No,Yes
114552,35142,Beans,60,16/02/2025,60,No,Yes
113574,35161,Soybean,75,15/12/2024,35,No,No
118995,35169,Beans,20,11/02/2025,90,Yes,Yes
104209,35232,Beans,40,03/02/2025,45,No,Yes
95488,7466,Soybean,25,06/01/2025,50,Yes,Yes
92647,7473,Soybean,25,28/12/2024,50,Yes,Yes
95593,7476,Soybean,25,01/01/2025,50,Yes,Yes
89959,7493,Soybean,25,10/12/2024,45,Yes,Yes
117415,7508,Soybean,25,01/12/2024,45,Yes,Yes
99891,7513,Soybean,75,09/01/2025,45,No,Yes
100122,7517,Soybean,25,13/01/2025,45,Yes,Yes
79382,7532,Soybean,25,12/11/2024,50,Yes,Yes
98845,7576,Soybean,25,10/01/2025,55,No,Yes
80718,7595,Soybean,25,29/11/2024,60,Yes,Yes
98435,7600,Soybean,25,20/12/2024,50,No,Yes
99340,7615,Soybean,50,10/12/2024,50,Yes,Yes
101225,7619,Soybean,2,27/12/2024,10,No,Yes
88259,7628,Soybean,25,27/11/2024,60,Yes,Yes
96709,7651,Soybean,25,03/01/2025,50,Yes,Yes
96714,7653,Soybean,25,04/01/2025,50,Yes,Yes
96713,7656,Soybean,25,04/01/2025,50,Yes,Yes
91265,7657,Soybean,25,28/12/2024,58,Yes,Yes
88826,7669,Soybean,25,15/12/2024,45,No,Yes
88859,7673,Soybean,50,07/12/2024,60,Yes,Yes
101449,7697,Soybean,25,17/01/2025,50,Yes,Yes
92615,7701,Soybean,37,12/12/2024,50,Yes,Yes
78064,3530,Beans,25,09/12/2024,60,Yes,Yes
78117,3531,Soybean,25,13/12/2024,60,Yes,Yes
92090,3633,Soybean,25,02/01/2025,60,Yes,Yes
92676,3651,Soybean,25,04/01/2025,60,Yes,Yes
101439,3654,Soybean,25,20/01/2025,45,Yes,Yes
95660,3662,Soybean,25,18/01/2025,50,Yes,Yes
86845,3666,Soybean,25,28/12/2024,30,No,No
87349,3671,Soybean,25,10/12/2024,30,No,No
87345,3672,Soybean,25,11/12/2024,30,No,No
81336,3680,Soybean,25,14/12/2024,50,Yes,Yes
92658,3683,Soybean,75,23/12/2024,50,Yes,Yes
92659,3684,Soybean,25,03/01/2025,50,Yes,Yes
92663,3685,Soybean,50,26/12/2024,50,Yes,Yes
86990,3687,Soybean,50,23/12/2024,45,Yes,Yes
92660,3688,Soybean,25,23/12/2024,50,Yes,Yes
92651,3690,Soybean,50,24/12/2024,50,Yes,Yes
92656,3692,Soybean,25,03/01/2025,50,Yes,Yes
96634,3699,Soybean,25,01/01/2025,50,Yes,Yes
96646,3701,Soybean,25,02/01/2025,50,Yes,Yes
96637,3706,Soybean,25,02/01/2025,55,Yes,Yes
95353,3712,Soybean,50,14/12/2024,65,Yes,Yes
97900,7725,Soybean,25,19/01/2025,45,Yes,Yes
91691,7756,Soybean,50,03/01/2025,60,Yes,Yes
91771,7762,Soybean,50,27/12/2024,50,Yes,Yes
96835,7766,Soybean,25,08/12/2024,70,Yes,Yes
92382,7772,Soybean,50,08/12/2024,50,Yes,Yes
99593,7777,Soybean,50,08/12/2024,65,Yes,Yes
92022,7783,Soybean,50,02/01/2025,60,Yes,Yes
91795,7790,Soybean,50,08/01/2025,50,Yes,Yes
89058,7794,Soybean,25,08/01/2025,60,Yes,Yes
90420,7796,Soybean,25,09/01/2025,50,Yes,Yes
92687,7838,Soybean,25,01/01/2025,50,Yes,Yes
93012,7845,Soybean,25,01/01/2025,50,Yes,Yes
83981,3721,Soybean,25,01/12/2024,50,Yes,Yes
87434,3731,Soybean,25,31/12/2024,60,No,No
87359,3746,Soybean,25,08/12/2024,60,No,No
82232,3749,Soybean,25,18/12/2024,60,Yes,Yes
87408,3751,Soybean,25,30/12/2024,60,No,No
87406,3752,Soybean,25,18/12/2024,60,No,No
95093,3755,Soybean,25,15/01/2025,60,Yes,Yes
99797,3774,Soybean,100,01/01/2025,48,Yes,Yes
99598,3797,Soybean,50,18/12/2024,50,Yes,Yes
81716,3800,Soybean,25,24/12/2024,30,Yes,Yes
87417,3809,Soybean,25,12/12/2024,60,No,No
87431,3811,Soybean,25,25/12/2024,60,No,No
101541,3844,Soybean,25,01/12/2024,45,Yes,Yes
90495,7865,Soybean,50,08/01/2025,60,Yes,Yes
89252,7874,Soybean,25,29/12/2024,60,Yes,Yes
92038,7893,Soybean,25,10/12/2024,45,No,Yes
94348,7895,Soybean,20,05/01/2025,50,Yes,Yes
94349,7897,Soybean,25,06/01/2025,60,Yes,Yes
92943,7913,Soybean,25,30/12/2024,60,Yes,Yes
91818,7918,Soybean,50,02/01/2025,60,Yes,Yes
91936,7920,Soybean,50,08/12/2024,60,Yes,Yes
92131,7926,Soybean,50,04/01/2025,60,Yes,Yes
88097,7948,Soybean,25,06/01/2025,50,Yes,Yes
92688,7950,Soybean,25,16/12/2024,50,Yes,Yes
92390,7952,Soybean,25,02/01/2025,60,Yes,Yes
92209,7965,Soybean,50,18/12/2024,60,Yes,Yes
92113,7967,Soybean,50,04/01/2025,60,Yes,Yes
90151,7983,Soybean,25,18/11/2024,60,Yes,Yes
93993,7989,Soybean,25,01/01/2025,60,Yes,Yes
97704,8003,Soybean,25,18/01/2025,45,Yes,Yes
93417,8030,Soybean,25,08/01/2025,5,Yes,Yes
96586,8031,Soybean,25,08/01/2025,5,Yes,Yes
94968,8053,Soybean,25,05/12/2024,5,Yes,Yes
93480,8060,Soybean,25,09/01/2025,5,Yes,Yes
106553,8073,Beans,40,06/03/2025,60,No,Yes
93016,3882,Soybean,25,05/01/2025,45,Yes,Yes
79773,3898,Soybean,50,16/12/2024,50,Yes,Yes
91612,3913,Soybean,50,05/12/2024,65,Yes,Yes
101390,3913,Sunflower,5,15/12/2024,65,Yes,Yes
93983,3922,Soybean,50,08/01/2025,65,Yes,Yes
97502,3924,Soybean,75,04/01/2025,14,Yes,Yes
99169,3930,Soybean,25,29/11/2024,65,Yes,Yes
90762,3932,Soybean,25,28/11/2024,65,Yes,Yes
92640,3938,Soybean,50,26/11/2024,70,Yes,Yes
101491,3940,Sunflower,5,04/12/2024,60,Yes,Yes
98485,3941,Soybean,50,30/11/2024,65,Yes,Yes
107381,3943,Beans,40,01/02/2025,45,No,Yes
104155,8092,Beans,100,09/02/2025,30,No,Yes
93370,8103,Soybean,25,30/01/2025,5,Yes,Yes
91193,8109,Soybean,25,04/01/2025,65,Yes,Yes
90217,8116,Soybean,25,13/12/2024,65,Yes,Yes
90219,8117,Soybean,25,08/12/2024,60,Yes,Yes
90485,8147,Soybean,50,19/11/2024,65,Yes,Yes
99852,8154,Soybean,25,04/01/2025,65,No,Yes
87780,8168,Groundnuts,20,22/12/2024,45,No,Yes
103526,3945,Beans,20,05/02/2025,30,No,No
103665,3946,Beans,20,15/02/2025,30,No,Yes
103365,3951,Beans,60,29/01/2025,70,No,Yes
99662,3981,Soybean,25,06/01/2025,50,Yes,Yes
99261,3987,Soybean,25,13/01/2025,45,Yes,Yes
80604,3992,Groundnuts,40,16/12/2024,50,No,Yes
81185,3993,Groundnuts,80,14/12/2024,50,No,Yes
93347,4043,Soybean,30,26/12/2024,45,Yes,Yes
98938,8218,Soybean,25,05/01/2025,65,No,Yes
98283,8219,Soybean,25,03/01/2025,65,No,Yes
98465,8220,Soybean,25,10/01/2025,65,No,Yes
99771,8234,Soybean,25,03/01/2025,67,No,Yes
85648,8246,Soybean,25,28/12/2024,65,Yes,Yes
92890,8255,Soybean,4,25/12/2024,50,Yes,Yes
102829,8292,Beans,20,29/01/2025,80,No,Yes
102876,8294,Beans,20,02/02/2025,60,No,Yes
102129,8299,Beans,20,05/02/2025,60,No,Yes
108669,8304,Beans,20,20/02/2025,20,No,Yes
103111,8305,Beans,40,15/02/2025,30,No,Yes
107083,8307,Beans,20,06/02/2025,15,No,Yes
105482,8316,Beans,40,10/02/2025,30,No,Yes
108671,8317,Beans,20,14/02/2025,20,No,Yes
92101,8320,Soybean,25,28/12/2024,50,Yes,Yes
93086,8328,Soybean,50,27/12/2024,45,Yes,Yes
93869,8345,Soybean,50,04/01/2025,5,Yes,Yes
92321,8349,Soybean,25,06/01/2025,45,Yes,Yes
107932,8361,Beans,40,14/02/2025,60,No,Yes
108060,8372,Beans,80,17/02/2025,70,No,Yes
96653,8374,Soybean,25,20/01/2025,45,Yes,Yes
91546,4048,Soybean,25,28/12/2024,50,Yes,Yes
88767,4050,Soybean,50,18/12/2024,50,Yes,Yes
86538,4055,Soybean,25,23/12/2024,50,Yes,Yes
86992,4057,Soybean,25,03/01/2025,50,Yes,Yes
94071,4063,Soybean,25,07/01/2025,65,Yes,Yes
113657,40671,Beans,10,07/02/2025,7,No,Yes
89660,30141,Groundnuts,20,04/01/2025,50,No,Yes
111689,30146,Beans,40,07/02/2025,13,No,Yes
111692,30163,Beans,20,11/02/2025,13,No,No
111690,30166,Beans,20,06/02/2025,14,No,No
94886,3017,Soybean,25,09/01/2025,60,Yes,Yes
103693,30178,Beans,20,02/02/2025,60,No,Yes
77890,3019,Soybean,25,14/12/2024,50,Yes,Yes
90200,32872,Groundnuts,20,27/11/2024,45,No,Yes
79356,3288,Soybean,25,12/11/2024,55,Yes,Yes
110603,32886,Beans,40,14/02/2025,55,No,Yes
81795,32888,Soybean,25,18/12/2024,10,Yes,Yes
110213,32894,Beans,80,21/02/2025,50,No,Yes
114482,32905,Beans,40,21/02/2025,60,No,Yes
104219,32924,Beans,20,03/02/2025,60,No,Yes
91493,32942,Groundnuts,20,02/12/2024,60,No,Yes
92780,32943,Soybean,25,06/01/2025,50,Yes,Yes
83401,32948,Groundnuts,20,21/11/2024,45,No,Yes
83404,32958,Groundnuts,20,27/11/2024,4,No,Yes
102785,30190,Beans,20,06/02/2025,70,No,Yes
82828,30202,Soybean,25,12/12/2024,50,No,Yes
96181,30204,Soybean,25,22/12/2024,50,No,Yes
96182,30205,Soybean,25,25/12/2024,50,No,Yes
99465,30207,Soybean,25,27/12/2024,45,Yes,Yes
95926,30208,Soybean,25,15/12/2024,7,Yes,Yes
96616,3021,Maize,10,07/12/2024,70,No,Yes
84960,30214,Groundnuts,20,27/01/2025,75,No,No
96677,3022,Maize,10,10/12/2024,70,No,Yes
94901,3022,Soybean,25,12/01/2025,60,Yes,Yes
103334,30222,Beans,20,15/02/2025,90,No,Yes
103332,30223,Beans,20,08/02/2025,60,No,Yes
101820,30225,Beans,20,08/02/2025,60,No,Yes
101821,30226,Beans,20,11/02/2025,60,No,Yes
103627,30228,Beans,20,02/02/2025,60,No,Yes
84004,30230,Groundnuts,20,25/11/2024,30,No,Yes
90576,30237,Groundnuts,20,07/11/2024,10,No,Yes
87654,30238,Soybean,25,18/12/2024,45,No,Yes
91662,30239,Soybean,25,17/12/2024,45,No,Yes
89525,30240,Groundnuts,20,28/11/2024,10,No,Yes
119696,30244,Beans,20,15/02/2025,60,Yes,Yes
110832,30248,Beans,20,12/02/2025,60,No,Yes
81465,32960,Soybean,50,09/12/2024,45,Yes,Yes
110219,32975,Beans,40,14/02/2025,60,No,Yes
112233,32976,Beans,40,21/02/2025,60,No,Yes
103701,32977,Beans,20,03/02/2025,60,No,Yes
95937,32987,Soybean,25,01/01/2025,5,Yes,Yes
87262,33002,Soybean,25,27/12/2024,50,Yes,Yes
87257,33011,Soybean,25,22/12/2024,50,Yes,Yes
101136,33012,Soybean,25,15/12/2024,50,No,Yes
87259,33019,Soybean,25,22/12/2024,50,Yes,Yes
113185,33072,Beans,20,08/03/2025,60,No,Yes
110483,30264,Beans,20,18/02/2025,50,No,Yes
101929,30272,Beans,60,06/02/2025,70,No,Yes
101927,30273,Beans,40,04/02/2025,70,No,No
105607,30279,Beans,20,04/02/2025,60,No,Yes
104387,30285,Beans,20,06/02/2025,61,No,Yes
106194,30296,Beans,20,05/02/2025,75,No,Yes
105686,30297,Beans,20,07/02/2025,75,No,Yes
105689,30298,Beans,20,10/02/2025,75,No,Yes
96256,3030,Soybean,25,14/12/2024,65,Yes,Yes
105682,30300,Beans,40,06/02/2025,75,No,Yes
105687,30301,Beans,20,05/02/2025,75,No,Yes
103191,30318,Beans,20,07/02/2025,60,No,Yes
85377,30323,Groundnuts,20,01/01/2025,50,No,Yes
100301,30325,Soybean,25,28/11/2024,55,Yes,Yes
112256,30326,Beans,20,03/03/2025,50,No,Yes
102077,30335,Beans,20,10/02/2025,50,No,Yes
102623,30336,Beans,20,10/02/2025,72,No,No
105610,30343,Beans,20,04/02/2025,60,No,Yes
105755,30351,Beans,20,03/02/2025,50,No,Yes
89661,30353,Soybean,25,26/12/2024,45,Yes,Yes
94248,30357,Soybean,25,12/11/2024,45,Yes,Yes
104894,30362,Beans,20,20/02/2025,10,No,Yes
102070,30365,Beans,20,10/02/2025,45,No,Yes
82172,30367,Soybean,25,22/12/2024,45,No,Yes
79975,30368,Groundnuts,20,12/11/2024,45,Yes,Yes
77864,3037,Soybean,25,16/12/2024,55,Yes,Yes
78956,30371,Groundnuts,20,21/11/2024,45,No,Yes
101705,30374,Beans,20,12/02/2025,80,No,No
101941,30375,Beans,20,01/02/2025,60,No,Yes
96578,3038,Soybean,25,02/01/2025,60,Yes,Yes
99778,30381,Soybean,25,28/11/2024,50,No,Yes
99783,30385,Groundnuts,20,02/12/2024,50,No,Yes
94442,33079,Soybean,25,31/12/2024,15,Yes,Yes
105451,33087,Beans,20,04/02/2025,80,No,No
95109,33103,Soybean,25,03/12/2024,40,No,Yes
95102,33105,Soybean,25,23/12/2024,40,No,Yes
107981,33107,Beans,20,12/02/2025,15,No,Yes
94763,33114,Groundnuts,20,22/12/2024,45,Yes,Yes
80064,33159,Soybean,25,16/12/2024,4,Yes,Yes
94421,3316,Soybean,25,12/01/2025,60,Yes,Yes
85972,33160,Soybean,45,03/01/2025,3,Yes,Yes
83952,33161,Soybean,25,04/01/2025,4,Yes,Yes
86018,33163,Soybean,75,29/12/2024,2,Yes,Yes
86661,33175,Soybean,25,02/01/2025,5,Yes,Yes
86478,33179,Soybean,25,03/01/2025,3,Yes,Yes
86278,33180,Soybean,25,06/01/2025,3,Yes,Yes
86665,33188,Soybean,50,02/01/2025,4,Yes,Yes
86669,33202,Soybean,50,03/01/2025,4,Yes,Yes
93279,33204,Soybean,50,24/12/2024,50,No,Yes
93291,33205,Soybean,125,06/01/2025,50,No,Yes
94960,33208,Soybean,25,02/01/2025,50,No,Yes
93281,33212,Soybean,25,02/01/2025,50,No,Yes
85262,33218,Groundnuts,20,23/12/2024,35,No,Yes
93746,3322,Soybean,25,10/01/2025,11,Yes,Yes
96599,3041,Maize,10,10/12/2024,70,No,Yes
109859,30422,Beans,20,11/01/2025,60,No,Yes
109842,30425,Beans,20,13/01/2025,60,Yes,Yes
107490,30433,Beans,20,14/01/2025,60,Yes,Yes
109863,30441,Beans,20,12/01/2025,60,Yes,Yes
109864,30442,Beans,20,12/01/2025,60,Yes,Yes
109867,30445,Beans,20,13/01/2025,60,Yes,Yes
113376,30451,Beans,20,11/02/2025,100,Yes,Yes
107845,33220,Beans,20,07/02/2025,10,No,Yes
118967,33223,Beans,160,25/02/2025,60,No,Yes
91811,33238,Soybean,50,07/01/2025,50,No,Yes
85248,33244,Soybean,25,26/11/2024,40,No,Yes
95364,33248,Soybean,75,02/01/2025,50,No,Yes
102943,33254,Beans,20,04/02/2025,80,No,No
102942,33255,Beans,20,05/02/2025,80,No,No
102915,33256,Beans,20,08/02/2025,80,No,Yes
102917,33257,Beans,40,01/02/2025,60,No,Yes
93409,3326,Soybean,50,28/12/2024,50,Yes,Yes
90007,33261,Soybean,25,04/01/2025,45,Yes,Yes
91528,33263,Soybean,50,04/01/2025,45,Yes,Yes
91527,33266,Soybean,50,06/01/2025,45,Yes,Yes
96552,33272,Soybean,25,15/12/2024,40,No,Yes
107465,33275,Beans,20,08/02/2025,10,Yes,Yes
119456,33301,Beans,20,06/03/2025,75,No,Yes
94320,33306,Groundnuts,40,24/11/2024,45,No,Yes
93944,33307,Groundnuts,20,19/11/2024,20,Yes,Yes
91495,33308,Groundnuts,40,28/11/2024,20,No,Yes
82733,33331,Soybean,25,05/12/2024,47,Yes,Yes
97774,3337,Soybean,25,06/01/2025,70,Yes,Yes
112642,33400,Beans,20,03/03/2025,50,No,Yes
97542,33412,Soybean,25,04/01/2025,50,No,Yes
97577,33416,Soybean,25,10/01/2025,50,No,Yes
89651,33421,Soybean,50,28/11/2024,50,No,Yes
96550,33441,Soybean,25,14/12/2024,40,No,Yes
96563,33442,Soybean,25,28/12/2024,40,No,Yes
113325,30462,Beans,20,20/02/2025,60,Yes,Yes
113326,30463,Beans,20,20/02/2025,60,Yes,Yes
93255,30472,Groundnuts,20,31/12/2024,10,No,Yes
83051,30507,Soybean,25,03/12/2024,50,No,Yes
96167,30509,Soybean,25,17/12/2024,50,No,Yes
88812,30520,Groundnuts,20,01/01/2025,50,No,Yes
82326,30525,Groundnuts,20,27/12/2024,50,No,Yes
90506,30526,Groundnuts,20,06/01/2025,50,No,Yes
97057,30527,Groundnuts,20,20/12/2024,50,No,Yes
89537,30538,Soybean,25,24/12/2024,45,No,Yes
85514,30542,Soybean,25,20/01/2025,45,No,Yes
90141,30547,Soybean,25,17/12/2024,45,No,Yes
89532,30551,Groundnuts,20,16/11/2024,10,No,No
88180,30552,Soybean,25,26/12/2024,45,No,Yes
95645,30553,Groundnuts,20,18/12/2024,50,No,Yes
94398,30558,Soybean,25,21/12/2024,50,No,Yes
99113,30559,Soybean,25,05/01/2025,50,No,Yes
103177,30572,Beans,20,03/02/2025,45,No,Yes
96539,33447,Soybean,25,17/12/2024,40,No,Yes
96560,33448,Soybean,25,27/12/2024,40,No,Yes
87492,33466,Soybean,25,30/12/2024,45,Yes,Yes
89507,33470,Soybean,25,01/01/2025,10,Yes,Yes
96568,33487,Soybean,25,22/12/2024,40,No,Yes
96500,33488,Soybean,25,28/12/2024,40,No,Yes
94011,3349,Soybean,75,14/12/2024,70,Yes,Yes
96533,33493,Soybean,25,22/12/2024,40,No,Yes
114656,33516,Beans,20,08/03/2025,30,No,Yes
80439,33531,Soybean,25,08/12/2024,45,Yes,Yes
102813,30579,Beans,60,02/02/2025,60,No,Yes
91392,30582,Beans,100,03/01/2025,15,No,Yes
111729,30588,Beans,20,06/03/2025,50,No,Yes
102207,30590,Beans,20,03/02/2025,8,No,Yes
100599,30630,Beans,20,25/01/2025,15,Yes,Yes
100601,30632,Beans,20,25/01/2025,12,Yes,Yes
100602,30633,Beans,20,25/01/2025,12,Yes,Yes
85142,30687,Groundnuts,20,21/12/2024,50,No,Yes
102352,30690,Beans,20,10/02/2025,50,No,Yes
86753,33533,Soybean,25,30/12/2024,45,Yes,Yes
97574,33544,Soybean,25,02/01/2025,50,No,Yes
96527,33605,Soybean,25,18/12/2024,40,No,Yes
96496,33609,Soybean,25,10/01/2025,40,No,Yes
98795,3361,Soybean,25,07/12/2024,70,Yes,Yes
96497,33610,Soybean,25,13/01/2025,40,No,Yes
96526,33614,Soybean,25,19/12/2024,40,No,Yes
96525,33615,Soybean,25,17/12/2024,40,No,Yes
96522,33618,Soybean,25,18/12/2024,40,No,Yes
93230,33664,Soybean,25,27/12/2024,50,No,Yes
101857,33748,Beans,20,05/02/2025,10,Yes,Yes
101856,33760,Beans,20,05/02/2025,10,Yes,Yes
111701,33805,Beans,10,08/02/2025,7,No,Yes
88448,33808,Groundnuts,20,22/12/2024,75,No,Yes
85684,3381,Soybean,25,11/12/2024,46,Yes,Yes
88450,33810,Groundnuts,20,23/12/2024,75,No,Yes
88451,33812,Groundnuts,20,23/12/2024,75,No,Yes
95022,33817,Soybean,50,03/01/2025,45,No,Yes
88455,33830,Groundnuts,20,22/12/2024,75,No,Yes
109049,33831,Beans,10,08/02/2025,7,No,Yes
99120,30711,Soybean,25,25/12/2024,50,No,Yes
106563,30716,Beans,20,04/02/2025,70,No,Yes
106562,30717,Beans,20,04/02/2025,70,No,Yes
106560,30719,Beans,20,05/02/2025,70,No,Yes
106545,30720,Beans,20,08/02/2025,70,No,Yes
108378,30722,Beans,20,07/02/2025,75,No,Yes
109758,30723,Beans,20,07/02/2025,75,No,Yes
103600,30732,Beans,20,01/02/2025,60,No,Yes
91148,30738,Soybean,50,10/12/2024,50,No,Yes
116379,30741,Beans,40,24/02/2025,50,Yes,Yes
116378,30742,Beans,20,03/03/2025,50,No,Yes
112164,30743,Beans,40,03/03/2025,50,No,No
80573,30750,Groundnuts,20,14/11/2024,45,No,Yes
80574,30754,Groundnuts,20,14/11/2024,45,No,Yes
85200,30760,Soybean,25,15/12/2024,45,No,Yes
81139,30765,Soybean,25,26/12/2024,45,Yes,Yes
90456,30767,Groundnuts,20,27/12/2024,45,No,Yes
90458,30767,Soybean,25,28/12/2024,45,No,Yes
107105,30768,Beans,20,05/02/2025,70,No,Yes
84668,3077,Soybean,50,28/12/2024,50,Yes,Yes
109079,33842,Beans,10,08/02/2025,7,No,Yes
109078,33843,Beans,10,07/02/2025,7,No,Yes
86800,33844,Groundnuts,30,24/12/2024,75,No,Yes
88462,33848,Groundnuts,20,23/12/2024,75,No,Yes
109257,33859,Beans,10,08/02/2025,7,No,Yes
88734,33861,Groundnuts,20,22/12/2024,75,No,Yes
109236,33866,Beans,10,08/02/2025,7,No,Yes
109244,33867,Beans,10,07/02/2025,7,No,Yes
109834,33883,Beans,20,05/02/2025,3,Yes,Yes
109835,33884,Beans,20,05/02/2025,3,Yes,Yes
105312,33895,Beans,20,07/02/2025,60,No,Yes
88460,33899,Groundnuts,25,23/12/2024,75,No,Yes
108267,30774,Beans,20,08/02/2025,8,Yes,Yes
111126,30783,Beans,20,25/02/2025,90,Yes,Yes
108262,30791,Beans,20,02/02/2025,8,Yes,Yes
109813,30797,Beans,20,10/02/2025,70,Yes,Yes
108263,30799,Beans,20,04/02/2025,10,Yes,Yes
92674,3080,Soybean,25,02/01/2025,50,Yes,Yes
79078,3082,Soybean,25,10/12/2024,45,Yes,Yes
99418,3083,Maize,10,17/12/2024,75,No,No
95600,30847,Soybean,25,21/12/2024,40,No,Yes
98357,30855,Soybean,25,01/01/2025,45,No,Yes
98355,30857,Soybean,25,02/01/2025,35,No,Yes
98359,30866,Soybean,25,01/01/2025,45,No,Yes
98324,30870,Soybean,25,18/12/2024,40,No,Yes
98366,30875,Soybean,25,04/01/2025,35,No,Yes
93901,30892,Groundnuts,20,01/01/2025,2,No,Yes
92245,30894,Groundnuts,20,17/12/2024,3,No,Yes
117758,30914,Beans,40,20/02/2025,60,No,Yes
100494,3092,Soybean,25,09/01/2025,65,Yes,Yes
115368,30927,Beans,60,15/02/2025,60,No,Yes
93035,3093,Beans,25,09/01/2025,50,Yes,Yes
95607,30938,Soybean,25,12/12/2024,40,No,Yes
109248,33903,Beans,10,07/02/2025,7,No,Yes
88463,33910,Groundnuts,35,20/12/2024,75,No,Yes
109251,33911,Beans,10,08/02/2025,7,No,Yes
109247,33914,Beans,10,06/02/2025,7,No,Yes
107407,33916,Beans,10,07/02/2025,1,No,Yes
103790,33918,Beans,20,04/02/2025,42,No,No
109087,33921,Beans,10,07/02/2025,7,No,Yes
109085,33923,Beans,10,08/02/2025,7,No,Yes
86819,33927,Groundnuts,20,23/12/2024,75,No,Yes
109639,33929,Beans,10,08/02/2025,40,No,Yes
109652,33930,Beans,10,07/02/2025,35,No,Yes
84968,33930,Groundnuts,20,02/01/2025,75,No,Yes
104790,33937,Beans,20,06/02/2025,40,No,Yes
105273,33938,Beans,10,10/01/2025,35,No,Yes
106258,33940,Beans,20,05/02/2025,75,No,Yes
103048,33989,Beans,20,08/02/2025,50,No,Yes
108382,34035,Beans,40,18/02/2025,60,No,Yes
105132,34057,Beans,20,03/03/2025,50,No,Yes
108851,34079,Beans,20,21/02/2025,60,No,Yes
104200,34084,Beans,20,02/02/2025,50,No,Yes
89337,3409,Soybean,25,01/12/2024,45,Yes,Yes
104179,34118,Beans,20,02/03/2025,45,No,Yes
102112,34124,Beans,40,05/02/2025,10,No,Yes
104313,34127,Beans,40,04/02/2025,45,No,Yes
95619,30952,Soybean,25,02/01/2025,40,No,Yes
95629,30960,Soybean,25,05/01/2025,40,No,Yes
95611,30964,Soybean,25,06/01/2025,40,No,Yes
92964,3097,Soybean,25,03/01/2025,45,Yes,Yes
107400,30970,Beans,40,05/02/2025,10,No,Yes
109198,30977,Beans,60,05/02/2025,10,No,Yes
95610,30986,Soybean,25,10/12/2024,40,No,Yes
82980,3099,Maize,10,13/12/2024,75,Yes,Yes
82989,3099,Soybean,50,25/12/2024,50,Yes,Yes
102113,34128,Beans,40,05/02/2025,45,No,Yes
95970,34142,Soybean,25,20/12/2024,15,Yes,Yes
103084,34150,Beans,40,04/02/2025,60,No,Yes
104264,34198,Beans,20,03/02/2025,60,No,No
108369,34201,Beans,100,15/02/2025,30,No,Yes
99908,34208,Soybean,25,24/12/2024,45,Yes,Yes
92134,34215,Soybean,25,18/12/2024,50,Yes,Yes
92185,34216,Soybean,25,02/01/2025,50,No,Yes
92135,34220,Soybean,75,23/12/2024,50,No,Yes
96041,34223,Soybean,75,17/12/2024,50,No,Yes
91812,34233,Soybean,50,03/01/2025,50,No,Yes
106252,30994,Beans,20,06/02/2025,75,No,Yes
92848,30995,Soybean,25,12/01/2025,45,Yes,Yes
86240,30999,Soybean,50,20/12/2024,20,Yes,Yes
108782,31009,Beans,10,05/02/2025,10,No,Yes
108781,31010,Beans,40,05/02/2025,10,No,Yes
95297,3102,Maize,10,20/12/2024,75,No,Yes
109428,31027,Beans,20,15/02/2025,70,No,Yes
99624,3103,Maize,10,16/12/2024,80,No,Yes
114468,31039,Beans,60,25/02/2025,60,No,Yes
111388,31041,Beans,40,20/02/2025,60,No,Yes
108873,31046,Beans,20,03/02/2025,75,No,Yes
86108,31050,Soybean,50,03/01/2025,5,Yes,Yes
95958,31057,Soybean,25,23/12/2024,37,No,Yes
89890,34236,Soybean,25,01/01/2025,50,No,Yes
89887,34237,Soybean,25,31/12/2024,40,No,Yes
89885,34238,Soybean,125,06/01/2025,40,No,Yes
98471,3426,Soybean,25,08/01/2025,50,Yes,Yes
110760,34287,Beans,60,10/02/2025,60,No,Yes
92196,34324,Soybean,25,13/12/2024,75,Yes,Yes
84977,34328,Groundnuts,20,25/12/2024,75,No,Yes
84978,34329,Groundnuts,30,25/12/2024,75,No,Yes
105287,34332,Beans,10,13/02/2025,10,No,Yes
108091,34335,Beans,10,13/02/2025,60,No,Yes
96940,3106,Soybean,25,06/01/2025,45,Yes,Yes
111976,31064,Beans,20,02/03/2025,50,No,Yes
107433,31065,Beans,20,03/03/2025,30,No,Yes
116851,31067,Beans,20,01/03/2025,30,No,Yes
115739,31084,Beans,20,20/02/2025,100,Yes,Yes
111149,31104,Beans,20,18/02/2025,100,Yes,Yes
89781,3111,Soybean,25,27/12/2024,50,No,Yes
108156,31113,Beans,20,10/02/2025,8,Yes,Yes
115747,31129,Beans,20,20/02/2025,100,Yes,Yes
117703,31138,Beans,20,24/02/2025,90,Yes,Yes
111144,31142,Beans,20,24/02/2025,100,Yes,Yes
89877,3115,Soybean,25,27/12/2024,50,No,Yes
93372,31153,Groundnuts,20,01/01/2025,5,No,Yes
103477,31161,Beans,20,07/02/2025,70,No,Yes
116815,31162,Beans,20,26/02/2025,50,No,Yes
114223,31163,Beans,20,04/02/2025,13,No,No
108770,31164,Beans,20,05/02/2025,12,No,Yes
108870,31176,Beans,20,18/02/2025,75,No,Yes
108717,31183,Beans,80,08/02/2025,12,Yes,Yes
108718,31184,Beans,60,02/02/2025,11,No,Yes
108719,31186,Beans,20,06/02/2025,11,No,Yes
114486,34350,Beans,40,26/02/2025,60,No,Yes
111017,34353,Beans,40,20/02/2025,60,No,Yes
118962,34355,Beans,40,25/02/2025,60,No,Yes
111941,34359,Beans,40,31/01/2025,45,No,Yes
104309,34361,Beans,20,02/02/2025,60,No,Yes
104297,34366,Soybean,20,09/02/2025,45,No,Yes
104298,34368,Beans,20,28/01/2025,45,No,Yes
104025,34370,Beans,20,01/02/2025,50,No,Yes
103919,34377,Beans,20,06/02/2025,20,No,Yes
103976,34379,Beans,20,03/02/2025,60,No,Yes
95027,34384,Soybean,50,10/01/2025,40,No,Yes
89099,34397,Groundnuts,20,27/12/2024,75,No,Yes
92366,3119,Soybean,50,27/12/2024,60,No,Yes
114236,31199,Beans,20,05/02/2025,13,No,No
108723,31205,Beans,20,08/02/2025,11,No,Yes
95078,31212,Groundnuts,20,20/12/2024,45,Yes,Yes
119306,31217,Beans,20,10/03/2025,90,No,No
119305,31218,Beans,60,06/03/2025,75,No,No
94020,3123,Soybean,25,08/12/2024,45,No,Yes
95861,31230,Soybean,25,27/12/2024,50,No,Yes
91649,31232,Soybean,25,25/12/2024,45,No,Yes
106559,31240,Beans,20,05/02/2025,70,No,Yes
114658,31241,Beans,20,27/02/2025,30,No,Yes
91176,34475,Soybean,25,15/12/2024,45,No,Yes
93932,34477,Soybean,25,06/12/2024,45,No,Yes
89098,34484,Groundnuts,20,28/12/2024,75,No,Yes
108093,34486,Beans,10,10/02/2025,60,No,Yes
88230,34487,Groundnuts,30,24/12/2024,75,No,Yes
86572,34489,Groundnuts,30,24/12/2024,75,No,Yes
99396,3449,Soybean,25,19/01/2025,45,Yes,Yes
88553,34490,Groundnuts,30,27/12/2024,75,No,Yes
107777,34498,Beans,10,07/02/2025,60,No,Yes
107771,34500,Beans,10,08/02/2025,60,No,Yes
88545,34503,Groundnuts,30,24/12/2024,75,No,Yes
86578,34505,Groundnuts,30,24/12/2024,75,No,Yes
88552,34507,Groundnuts,30,28/12/2024,75,No,Yes
95728,34517,Soybean,25,01/01/2025,50,No,Yes
100658,34526,Soybean,20,06/12/2024,50,No,No
93838,34529,Soybean,100,14/12/2024,50,No,No
99358,3453,Soybean,25,17/01/2025,50,Yes,Yes
93839,34530,Soybean,150,20/12/2024,36,No,No
93834,34531,Soybean,50,04/01/2025,40,No,No
94740,34546,Soybean,75,10/12/2024,60,Yes,Yes
113832,34550,Beans,20,13/02/2025,50,Yes,Yes
108852,34554,Beans,20,17/02/2025,65,Yes,Yes
100220,34559,Soybean,50,15/01/2025,50,No,No
100217,34560,Soybean,50,05/01/2025,30,Yes,No
99239,3457,Soybean,25,17/11/2024,60,Yes,Yes
93840,34573,Soybean,50,20/12/2024,35,No,No
109155,34603,Beans,40,17/02/2025,60,No,Yes
109156,34604,Beans,40,26/02/2025,60,No,Yes
109158,34607,Beans,40,17/02/2025,60,No,Yes
88547,34610,Groundnuts,30,25/12/2024,75,No,Yes
88554,34613,Groundnuts,20,27/12/2024,75,No,Yes
108087,34618,Beans,10,10/02/2025,60,No,Yes
106463,31284,Beans,20,10/03/2025,15,Yes,Yes
110121,31285,Beans,20,17/02/2025,11,Yes,Yes
107130,31290,Beans,20,11/02/2025,12,Yes,Yes
105577,31293,Beans,20,16/03/2025,14,Yes,Yes
109678,31299,Beans,60,20/02/2025,50,No,Yes
109657,31300,Beans,20,15/02/2025,60,No,Yes
115384,31302,Beans,60,19/02/2025,60,No,Yes
117759,31309,Beans,40,26/02/2025,60,No,Yes
103423,31316,Beans,20,14/03/2025,50,No,Yes
108863,31320,Beans,40,13/02/2025,50,No,Yes
109837,31325,Beans,20,19/02/2025,3,Yes,Yes
106601,31339,Beans,20,05/02/2025,70,Yes,Yes
112995,31342,Beans,20,12/02/2025,60,Yes,Yes
109924,31343,Beans,20,13/01/2025,60,No,Yes
109927,31346,Beans,20,12/01/2025,60,No,Yes
109919,31363,Beans,20,14/01/2025,60,Yes,Yes
109943,31366,Beans,20,14/01/2025,60,No,Yes
112488,31369,Beans,20,15/02/2025,60,Yes,Yes
94135,3137,Soybean,50,08/01/2025,60,Yes,Yes
113293,31370,Beans,20,15/02/2025,60,Yes,Yes
87105,34619,Groundnuts,20,01/01/2025,75,No,Yes
77943,3462,Soybean,25,12/12/2024,50,Yes,Yes
108085,34622,Beans,10,10/02/2025,60,No,Yes
107670,34623,Beans,10,06/03/2025,60,No,Yes
87100,34623,Groundnuts,25,27/12/2024,75,Yes,Yes
109728,34632,Beans,40,19/02/2025,55,No,Yes
109740,34635,Beans,40,18/02/2025,60,No,Yes
97579,34648,Soybean,25,07/01/2025,48,No,Yes
92989,3465,Maize,10,02/01/2025,60,No,Yes
107751,34656,Beans,10,07/02/2025,60,No,Yes
107747,34658,Beans,10,11/02/2025,60,No,Yes
115950,31374,Beans,20,12/02/2025,60,Yes,Yes
112492,31379,Beans,20,10/02/2025,60,Yes,Yes
104151,31387,Beans,20,01/02/2025,10,No,Yes
118194,31390,Beans,20,10/03/2025,50,No,Yes
112258,31391,Beans,20,06/03/2025,50,No,Yes
93743,31396,Groundnuts,20,02/01/2025,50,No,Yes
101465,31401,Groundnuts,20,25/01/2025,60,No,No
99564,31407,Soybean,25,16/12/2024,50,No,Yes
100499,31413,Groundnuts,20,02/01/2025,50,No,Yes
94995,31417,Groundnuts,40,01/01/2025,50,No,Yes
93745,31419,Groundnuts,20,01/01/2025,50,No,No
85929,31420,Groundnuts,20,16/12/2024,50,No,Yes
94996,31429,Groundnuts,20,04/01/2025,50,No,Yes
99781,31435,Soybean,25,05/12/2024,50,No,Yes
101471,31438,Groundnuts,20,12/01/2025,60,No,Yes
94999,31443,Groundnuts,20,01/01/2025,50,No,Yes
95001,31445,Groundnuts,20,02/01/2025,50,No,Yes
79381,31450,Groundnuts,0,02/12/2024,50,No,Yes
95048,31453,Groundnuts,20,08/01/2025,50,No,Yes
83765,31454,Soybean,25,10/12/2024,46,No,Yes
83418,31457,Groundnuts,20,11/12/2024,45,No,Yes
83417,31457,Soybean,25,10/12/2024,45,No,Yes
108083,34659,Beans,10,07/02/2025,60,No,Yes
91748,3466,Soybean,25,10/01/2025,50,Yes,Yes
107748,34660,Beans,10,06/02/2025,60,No,Yes
107746,34661,Beans,10,10/02/2025,60,No,Yes
86467,34662,Groundnuts,30,26/12/2024,75,No,Yes
107682,34663,Beans,10,10/02/2025,60,No,Yes
88342,34663,Groundnuts,15,01/01/2025,75,No,Yes
107680,34664,Beans,10,05/02/2025,60,No,Yes
107754,34666,Beans,10,08/02/2025,60,No,Yes
128953,31464,Beans,20,15/02/2025,60,Yes,Yes
128952,31465,Beans,20,13/02/2025,60,Yes,Yes
120176,31475,Beans,20,24/02/2025,60,Yes,Yes
127380,31476,Beans,20,16/02/2025,60,Yes,Yes
83080,31484,Soybean,25,31/12/2024,47,No,Yes
95980,31486,Soybean,25,28/12/2024,40,Yes,Yes
112490,31496,Beans,20,11/02/2025,60,Yes,Yes
113290,31497,Beans,20,12/02/2025,60,Yes,Yes
100516,31514,Groundnuts,20,16/01/2025,60,No,Yes
88118,34667,Groundnuts,15,28/12/2024,75,No,Yes
107678,34668,Beans,10,05/02/2025,60,No,Yes
87564,34672,Groundnuts,20,30/12/2024,75,No,Yes
87570,34673,Groundnuts,15,28/12/2024,75,No,Yes
107676,34674,Beans,10,05/02/2025,60,No,Yes
87614,34675,Groundnuts,20,29/12/2024,75,No,Yes
108892,34677,Beans,20,04/02/2025,75,No,Yes
92147,34677,Groundnuts,30,27/12/2024,75,No,Yes
92149,34679,Groundnuts,30,28/12/2024,75,No,Yes
109011,34685,Beans,20,07/02/2025,75,No,Yes
109013,34687,Beans,10,09/02/2025,75,No,Yes
91037,3469,Soybean,25,02/01/2025,66,Yes,Yes
104563,34691,Beans,25,15/02/2025,60,No,Yes
92161,34698,Groundnuts,30,25/12/2024,75,No,Yes
82637,3470,Maize,10,16/12/2024,65,No,Yes
89935,34701,Groundnuts,30,24/12/2024,75,No,Yes
89938,34703,Groundnuts,30,22/12/2024,75,No,Yes
92157,34706,Groundnuts,30,18/12/2024,75,No,Yes
104287,34712,Beans,20,03/03/2025,45,No,Yes
93045,34714,Soybean,25,30/01/2025,50,No,Yes
113351,31524,Beans,20,11/02/2025,100,Yes,Yes
113356,31529,Beans,20,10/02/2025,100,Yes,Yes
97390,3153,Soybean,50,12/12/2024,45,No,Yes
106170,31534,Beans,20,04/03/2025,15,Yes,Yes
110531,31537,Beans,40,12/02/2025,50,No,Yes
81837,31547,Groundnuts,20,12/12/2024,50,No,Yes
100215,31561,Groundnuts,20,19/01/2025,40,No,Yes
85837,31563,Groundnuts,20,15/12/2024,50,No,Yes
85965,31564,Groundnuts,20,08/12/2024,50,No,Yes
112483,31576,Beans,20,15/02/2025,60,Yes,Yes
109300,34720,Beans,10,08/02/2025,60,No,Yes
87014,34722,Groundnuts,30,24/12/2024,75,No,Yes
87015,34725,Groundnuts,30,24/12/2024,75,No,Yes
83076,34730,Soybean,25,22/12/2024,50,No,Yes
97541,34736,Soybean,25,02/01/2025,50,No,Yes
93077,34737,Soybean,25,28/12/2024,250,No,Yes
92740,34741,Soybean,25,15/12/2024,50,No,Yes
97252,34780,Soybean,25,08/01/2025,50,No,Yes
98562,34782,Soybean,25,09/01/2025,50,No,Yes
113583,34794,Soybean,75,15/12/2024,50,No,No
97382,31590,Soybean,25,29/12/2024,90,Yes,Yes
100213,31593,Groundnuts,20,16/12/2024,50,No,Yes
100203,31597,Groundnuts,20,19/01/2025,50,No,Yes
100730,31600,Groundnuts,20,05/01/2025,50,No,Yes
80576,31604,Groundnuts,20,11/12/2024,50,No,Yes
82944,31606,Groundnuts,20,01/12/2024,50,No,Yes
100209,31612,Groundnuts,20,17/12/2024,50,No,Yes
104453,31617,Beans,20,01/02/2025,10,No,Yes
90847,3162,Soybean,25,13/12/2024,50,Yes,Yes
93214,31620,Beans,25,15/12/2024,40,No,Yes
91996,31626,Soybean,25,15/12/2024,50,Yes,Yes
85721,3484,Soybean,25,02/01/2025,50,Yes,Yes
115352,34841,Soybean,50,16/12/2024,45,No,No
92915,3488,Soybean,25,02/01/2025,45,Yes,Yes
90675,34903,Groundnuts,20,27/11/2024,45,No,Yes
91501,34924,Groundnuts,2,25/11/2024,1,No,Yes
108367,34956,Beans,20,14/02/2025,30,No,Yes
108603,34959,Beans,10,15/02/2025,10,No,Yes
108601,34961,Beans,10,13/02/2025,10,No,Yes
108599,34963,Beans,10,13/02/2025,10,No,Yes
108094,34964,Beans,20,03/02/2025,50,No,Yes
97248,34967,Soybean,5,07/01/2025,45,No,No
102281,31632,Beans,20,07/02/2025,10,No,Yes
111407,31634,Beans,60,20/02/2025,60,No,Yes
107830,31637,Beans,20,25/02/2025,60,No,Yes
103001,31641,Beans,20,01/02/2025,10,Yes,Yes
111203,31644,Beans,20,06/03/2025,25,No,Yes
105613,31646,Beans,20,15/02/2025,10,No,Yes
108326,31649,Beans,20,05/02/2025,10,No,No
93220,31663,Soybean,25,20/12/2024,40,No,Yes
82567,31671,Soybean,25,28/12/2024,50,No,Yes
108423,31681,Beans,20,16/02/2025,30,No,Yes
98891,31705,Soybean,25,28/12/2024,75,Yes,Yes
89426,31709,Soybean,25,10/01/2025,45,Yes,Yes
91792,3173,Soybean,75,20/12/2024,50,No,Yes
95627,31731,Soybean,25,03/01/2025,40,No,Yes
84117,31736,Soybean,25,01/01/2025,46,Yes,Yes
106645,31744,Beans,20,22/01/2025,10,No,Yes
106648,31745,Beans,20,25/01/2025,10,No,Yes
106876,31751,Beans,20,07/02/2025,10,No,Yes
98321,31756,Soybean,25,29/12/2024,45,No,Yes
98365,31760,Soybean,25,19/12/2024,40,No,Yes
98371,31767,Soybean,25,07/01/2025,35,No,Yes
127375,34969,Beans,20,08/02/2025,60,Yes,Yes
128943,34972,Beans,20,16/02/2025,60,Yes,Yes
127373,34973,Beans,20,14/02/2025,60,Yes,Yes
96003,35022,Soybean,25,10/01/2025,55,Yes,Yes
99507,35027,Soybean,25,20/12/2024,36,Yes,Yes
99503,35033,Soybean,25,07/12/2024,36,Yes,Yes
96185,35047,Soybean,25,29/12/2024,50,No,Yes
96215,35051,Soybean,25,29/12/2024,50,No,Yes
96211,35054,Soybean,25,28/12/2024,50,No,Yes
96216,35061,Soybean,25,29/12/2024,50,No,Yes
97257,35097,Soybean,100,10/01/2025,45,No,Yes
88356,3511,Soybean,50,02/01/2025,45,Yes,Yes
115376,35137,Beans,20,21/02/2025,60,No,Yes
115372,35140,Beans,60,16/02/2025,60,No,Yes
115367,35144,Beans,20,13/02/2025,60,No,Yes
102642,35150,Beans,20,03/02/2025,60,No,Yes
113575,35159,Soybean,50,15/12/2024,40,No,No
115354,35164,Soybean,25,16/12/2024,50,No,No
119042,35175,Beans,20,31/01/2025,90,Yes,Yes
119041,35177,Beans,20,26/01/2025,100,Yes,Yes
98348,31774,Soybean,25,03/01/2025,40,No,Yes
98335,31778,Soybean,25,09/12/2024,35,No,Yes
98332,31781,Soybean,25,17/12/2024,45,No,Yes
98368,31782,Soybean,25,03/01/2025,45,No,Yes
98336,31783,Soybean,25,01/01/2025,45,No,Yes
98369,31784,Soybean,25,29/01/2025,45,No,Yes
98374,31785,Soybean,25,10/01/2025,45,No,Yes
115634,31788,Beans,20,03/02/2025,100,Yes,Yes
112121,31799,Beans,20,06/02/2025,90,Yes,Yes
112124,31800,Beans,20,01/02/2025,100,Yes,Yes
86705,3519,Soybean,25,29/12/2024,45,Yes,Yes
104210,35234,Beans,20,03/02/2025,60,No,Yes
104165,35236,Beans,20,03/02/2025,50,No,Yes
92089,3535,Soybean,50,09/01/2025,65,Yes,Yes
93880,3634,Soybean,25,10/01/2025,60,Yes,Yes
78416,3635,Soybean,25,15/12/2024,60,Yes,Yes
83180,3638,Soybean,25,02/01/2025,65,Yes,Yes
85566,3640,Soybean,25,05/01/2025,55,Yes,Yes
100028,3642,Soybean,25,19/01/2025,50,Yes,Yes
93231,3645,Soybean,25,08/01/2025,60,Yes,Yes
97584,3656,Soybean,25,22/01/2025,45,Yes,Yes
119340,31805,Beans,20,08/02/2025,90,Yes,Yes
119341,31818,Beans,20,13/02/2025,90,Yes,Yes
119342,31821,Beans,20,25/01/2025,85,Yes,Yes
83991,31824,Groundnuts,20,04/12/2024,50,No,Yes
92738,31827,Soybean,25,15/12/2024,60,No,Yes
100476,31834,Groundnuts,20,03/01/2025,50,No,Yes
96220,31839,Soybean,25,04/01/2025,80,Yes,Yes
95560,31852,Soybean,25,27/12/2024,45,Yes,Yes
98333,31858,Soybean,25,03/12/2024,40,No,Yes
98338,31862,Soybean,25,18/12/2024,45,No,Yes
98383,31873,Soybean,25,01/01/2025,25,No,Yes
98339,31876,Soybean,25,18/12/2024,45,No,Yes
98377,31879,Soybean,25,12/01/2025,30,No,Yes
91507,31885,Soybean,25,22/12/2024,50,Yes,Yes
82082,31891,Groundnuts,20,27/12/2024,45,Yes,Yes
82080,31891,Soybean,25,28/12/2024,45,Yes,Yes
95415,31892,Soybean,50,28/12/2024,45,Yes,Yes
94971,31900,Soybean,50,22/12/2024,45,Yes,Yes
95074,31901,Groundnuts,20,28/12/2024,45,Yes,Yes
95886,31902,Soybean,25,03/01/2025,45,Yes,Yes
95417,31916,Soybean,25,29/12/2024,45,Yes,Yes
92289,31919,Groundnuts,20,27/12/2024,45,Yes,Yes
92294,31920,Soybean,25,28/12/2024,45,Yes,Yes
82007,31922,Groundnuts,20,10/12/2024,10,Yes,Yes
104897,31926,Beans,60,14/02/2025,40,No,Yes
99888,31927,Groundnuts,20,18/01/2025,50,No,Yes
100205,31928,Groundnuts,20,16/12/2024,50,No,Yes
111405,31936,Beans,40,18/02/2025,60,No,Yes
95345,31939,Soybean,25,15/12/2024,50,No,Yes
95328,31940,Soybean,25,27/12/2024,50,No,Yes
92552,31946,Soybean,50,07/01/2025,50,Yes,Yes
78965,31958,Groundnuts,20,19/12/2024,35,No,Yes
86846,3664,Soybean,25,28/12/2024,30,No,No
86842,3669,Soybean,25,28/12/2024,38,Yes,Yes
87409,3670,Soybean,25,19/12/2024,60,No,No
92650,3675,Soybean,50,22/12/2024,50,Yes,Yes
92661,3677,Soybean,25,09/01/2025,50,Yes,Yes
86534,3689,Soybean,25,19/12/2024,50,Yes,Yes
83988,3696,Soybean,50,30/11/2024,52,Yes,Yes
95370,3717,Soybean,50,12/12/2024,60,Yes,Yes
97670,3761,Soybean,75,09/01/2025,50,Yes,Yes
99795,3768,Soybean,50,06/01/2025,47,Yes,Yes
86790,3813,Soybean,25,03/01/2025,30,Yes,Yes
87357,3815,Soybean,25,19/12/2024,60,No,No
91751,3830,Soybean,25,16/11/2024,45,Yes,Yes
91067,3831,Soybean,25,10/11/2024,45,Yes,Yes
116952,3838,Soybean,25,03/12/2024,45,Yes,Yes
91409,3839,Soybean,25,02/12/2024,45,Yes,Yes
93390,3845,Soybean,50,23/11/2024,45,Yes,Yes
92936,3887,Soybean,50,07/12/2024,45,Yes,Yes
92653,3906,Soybean,50,19/12/2024,50,Yes,Yes
96978,3910,Soybean,25,31/01/2025,12,Yes,Yes
94202,3914,Soybean,50,10/01/2025,65,Yes,Yes
90319,3918,Soybean,25,13/12/2024,60,Yes,Yes
97503,3921,Soybean,25,05/01/2025,65,Yes,Yes
100488,3923,Soybean,25,10/01/2025,65,Yes,Yes
88708,3925,Soybean,25,24/12/2024,55,Yes,Yes
97239,3936,Soybean,25,07/01/2025,65,Yes,Yes
88083,31963,Soybean,25,19/12/2024,45,Yes,Yes
92288,31964,Soybean,28,31/12/2024,45,Yes,Yes
101155,31965,Soybean,25,22/01/2025,50,Yes,Yes
95054,31969,Soybean,25,19/12/2024,50,Yes,Yes
81602,31973,Soybean,50,26/01/2025,5,Yes,Yes
83308,31975,Soybean,25,17/12/2024,45,No,Yes
82462,31978,Soybean,25,10/12/2024,45,No,Yes
88202,31981,Soybean,25,25/12/2024,5,Yes,Yes
89707,31982,Soybean,25,12/12/2024,45,No,Yes
104819,31988,Beans,10,07/02/2025,40,No,Yes
106257,31989,Beans,20,05/02/2025,75,No,Yes
112001,31990,Beans,10,05/02/2025,35,No,Yes
83042,32001,Soybean,25,17/12/2024,50,No,Yes
84575,32003,Soybean,25,29/12/2024,50,No,No
96180,32008,Soybean,25,29/12/2024,50,No,Yes
96165,32031,Soybean,25,29/12/2024,50,No,Yes
94473,32032,Soybean,50,19/12/2024,5,Yes,Yes
94518,32033,Soybean,25,21/12/2024,5,Yes,Yes
87910,32047,Soybean,25,03/01/2025,5,Yes,Yes
96209,32048,Soybean,25,27/12/2024,50,No,Yes
121102,32058,Beans,20,20/02/2025,60,Yes,Yes
97141,32061,Soybean,25,01/12/2024,45,Yes,Yes
108191,32069,Beans,20,10/02/2025,10,Yes,Yes
109828,32075,Beans,20,16/02/2025,60,Yes,Yes
98484,3940,Soybean,50,10/01/2025,60,Yes,Yes
89140,3942,Soybean,25,25/12/2024,55,Yes,Yes
82799,3990,Groundnuts,20,29/11/2024,50,No,Yes
93994,3995,Groundnuts,40,01/01/2025,50,No,Yes
107350,4000,Beans,20,03/02/2025,45,No,Yes
97019,4037,Soybean,25,01/01/2025,50,Yes,Yes
88784,4039,Groundnuts,20,17/11/2024,35,Yes,Yes
92771,4042,Groundnuts,20,12/11/2024,35,Yes,Yes
88771,4049,Soybean,20,27/12/2024,35,Yes,Yes
109809,32076,Beans,20,09/02/2025,70,Yes,Yes
128945,32079,Beans,20,12/02/2025,60,Yes,Yes
106584,32087,Beans,20,18/02/2025,70,Yes,Yes
109829,32093,Beans,20,20/02/2025,3,Yes,Yes
92363,3210,Soybean,50,27/12/2024,50,No,Yes
109886,32101,Beans,20,12/02/2025,2,Yes,Yes
127381,32111,Beans,20,08/02/2025,60,Yes,Yes
120184,32116,Beans,20,08/02/2025,60,Yes,Yes
92180,32132,Groundnuts,20,28/12/2024,3,No,Yes
109841,32135,Beans,20,05/02/2025,3,Yes,Yes
127382,32145,Beans,20,08/02/2025,60,Yes,Yes
127364,32154,Beans,20,08/02/2025,60,Yes,Yes
113324,32158,Beans,20,11/02/2025,100,Yes,Yes
93796,32166,Groundnuts,20,18/12/2024,65,Yes,Yes
101148,32170,Soybean,25,14/12/2024,50,No,Yes
92365,3218,Soybean,50,02/01/2025,50,No,Yes
95096,32188,Soybean,25,28/12/2024,40,No,Yes
94387,32194,Soybean,25,11/01/2025,40,No,Yes
94019,3221,Soybean,25,08/01/2025,45,No,Yes
99569,32218,Soybean,25,27/12/2024,2,No,Yes
82422,32231,Groundnuts,20,26/12/2024,50,No,Yes
86989,4053,Soybean,50,06/01/2025,50,Yes,Yes
102319,4059,Soybean,25,06/01/2025,60,Yes,Yes
98164,4070,Soybean,25,09/01/2025,50,No,Yes
89249,4079,Soybean,25,24/12/2024,45,No,Yes
119024,40858,Beans,20,25/02/2025,100,Yes,No
128944,40882,Beans,20,11/02/2025,60,Yes,Yes
127378,40884,Beans,20,09/02/2025,60,Yes,Yes
117702,40896,Beans,20,20/02/2025,90,Yes,Yes
117700,40897,Beans,20,20/02/2025,90,Yes,Yes
96829,4090,Soybean,50,08/01/2025,50,No,Yes
117852,40900,Beans,20,19/02/2025,100,Yes,No
117721,40905,Beans,20,07/02/2025,9,Yes,Yes
117818,40907,Beans,20,15/02/2025,60,No,Yes
117853,40910,Beans,20,15/02/2025,100,Yes,No
117836,40912,Beans,20,10/03/2025,100,Yes,Yes
117855,40913,Beans,20,10/03/2025,100,Yes,No
119162,40922,Beans,20,11/02/2025,60,Yes,Yes
128939,40924,Beans,20,08/03/2025,60,Yes,Yes
128940,40925,Beans,20,09/03/2025,60,Yes,Yes
81543,4100,Soybean,25,22/11/2024,50,Yes,Yes
87571,4118,Soybean,1,20/12/2024,50,Yes,Yes
89565,4119,Soybean,1,22/12/2024,50,Yes,Yes
83897,4121,Soybean,1,19/12/2024,50,Yes,Yes
89569,4126,Soybean,21,21/12/2024,50,Yes,Yes
88013,4174,Soybean,50,28/11/2024,50,Yes,Yes
107352,4208,Beans,40,03/02/2025,45,No,Yes
103383,4209,Beans,20,30/01/2025,73,No,Yes
84551,4219,Soybean,2,15/11/2024,50,Yes,Yes
84553,4237,Soybean,2,20/12/2024,50,Yes,Yes
100395,4244,Soybean,50,18/01/2025,50,Yes,Yes
104212,4269,Beans,20,02/02/2025,50,No,Yes
116916,32238,Beans,20,25/02/2025,50,No,Yes
96431,32273,Soybean,25,23/12/2024,60,Yes,Yes
93534,32278,Soybean,25,04/01/2025,50,Yes,Yes
88327,3228,Soybean,75,19/12/2024,50,Yes,Yes
96449,32285,Soybean,25,09/12/2024,60,Yes,Yes
119045,32289,Beans,20,30/01/2025,90,Yes,Yes
96437,32292,Soybean,25,04/01/2025,60,Yes,Yes
92360,3230,Soybean,25,06/01/2025,50,No,Yes
96561,32301,Soybean,25,27/12/2024,40,No,Yes
87298,32304,Soybean,25,28/12/2024,75,Yes,Yes
96476,32305,Soybean,25,20/12/2024,45,No,Yes
98919,32313,Soybean,25,05/12/2024,75,Yes,Yes
93736,32323,Groundnuts,40,01/01/2025,50,No,Yes
89115,32324,Groundnuts,20,03/01/2025,50,No,Yes
82894,32325,Groundnuts,20,03/12/2024,50,No,Yes
97159,32326,Soybean,25,10/12/2024,45,Yes,Yes
97179,32328,Soybean,50,02/01/2025,50,Yes,Yes
96499,32353,Soybean,25,19/01/2025,40,No,Yes
96544,32356,Soybean,25,16/12/2024,4,No,Yes
96547,32357,Soybean,25,14/12/2024,40,No,Yes
96489,32362,Soybean,25,20/12/2024,40,No,Yes
96508,32364,Soybean,25,31/12/2024,40,No,Yes
96491,32367,Soybean,25,28/12/2024,40,No,Yes
113177,4271,Beans,40,12/02/2025,60,No,Yes
113180,4274,Beans,40,12/02/2025,60,No,Yes
110766,4277,Beans,20,10/02/2025,60,No,Yes
88017,4278,Soybean,50,02/01/2025,50,Yes,Yes
78228,4281,Soybean,75,17/11/2024,50,Yes,Yes
111604,4285,Beans,20,20/02/2025,70,No,Yes
102445,4293,Soybean,25,18/01/2025,50,Yes,Yes
96545,32379,Soybean,25,22/12/2024,39,No,Yes
85569,3238,Soybean,25,20/12/2024,50,Yes,Yes
85570,3239,Soybean,50,28/12/2024,50,Yes,Yes
95081,32392,Soybean,25,11/12/2024,56,No,Yes
95342,32393,Soybean,25,27/12/2024,50,No,Yes
92609,32403,Soybean,25,02/01/2025,50,Yes,Yes
96513,32406,Soybean,25,31/12/2024,39,No,Yes
96517,32413,Soybean,25,18/12/2024,40,No,Yes
94396,32430,Soybean,25,05/01/2025,50,No,Yes
98155,4296,Maize,10,13/12/2024,75,No,Yes
92628,4322,Soybean,25,25/12/2024,60,Yes,Yes
98154,4329,Maize,10,13/12/2024,70,No,Yes
84181,4334,Beans,2,20/12/2024,50,Yes,Yes
97013,4341,Soybean,25,01/01/2025,50,Yes,Yes
95237,4346,Soybean,25,10/01/2025,50,Yes,Yes
98481,4350,Soybean,50,02/01/2025,50,Yes,Yes
98205,4354,Soybean,25,30/12/2024,60,Yes,Yes
98200,4355,Soybean,25,10/01/2025,45,Yes,Yes
94883,4359,Soybean,50,03/01/2025,50,Yes,Yes
93517,4361,Soybean,50,01/01/2025,50,Yes,Yes
78498,4362,Maize,10,13/12/2024,25,No,Yes
78485,4362,Soybean,50,15/12/2024,50,Yes,Yes
91120,4367,Soybean,25,04/01/2025,60,Yes,Yes
80553,4383,Soybean,25,20/12/2024,50,Yes,Yes
90252,4404,Soybean,25,26/12/2024,55,Yes,Yes
99641,4412,Soybean,25,04/01/2025,45,Yes,Yes
98392,4425,Soybean,25,25/12/2024,45,Yes,Yes
98621,4430,Soybean,50,08/01/2025,45,Yes,Yes
92521,32435,Soybean,25,02/01/2025,55,Yes,Yes
95341,32437,Soybean,25,27/12/2024,50,No,Yes
94945,32444,Soybean,25,03/01/2025,50,Yes,Yes
85576,3245,Soybean,25,01/01/2025,50,Yes,Yes
98326,32451,Soybean,25,18/12/2024,45,No,Yes
98325,32452,Soybean,25,18/12/2024,40,No,Yes
98379,32455,Soybean,25,13/01/2025,35,No,Yes
105311,32461,Beans,20,06/02/2025,60,No,Yes
81535,32463,Soybean,5,18/12/2024,50,Yes,Yes
83648,32492,Soybean,50,18/12/2024,45,Yes,Yes
97845,4432,Soybean,50,10/01/2025,45,Yes,Yes
98400,4464,Soybean,25,28/12/2024,60,Yes,Yes
93874,4472,Soybean,25,12/01/2025,50,No,Yes
90742,4473,Soybean,25,19/12/2024,50,No,Yes
93188,4483,Soybean,50,03/01/2025,56,Yes,Yes
93876,4487,Soybean,25,08/01/2025,50,No,Yes
87708,32495,Groundnuts,20,30/11/2024,30,Yes,Yes
91134,32509,Groundnuts,20,27/12/2024,50,No,Yes
78702,3252,Soybean,25,19/12/2024,50,Yes,Yes
117740,32531,Beans,40,26/02/2025,60,No,Yes
122178,32545,Beans,20,15/02/2025,75,No,Yes
122186,32546,Beans,20,12/02/2025,50,No,No
78721,3255,Soybean,25,12/12/2024,50,Yes,Yes
97568,32559,Soybean,25,01/01/2025,45,No,Yes
88588,32574,Soybean,25,27/12/2024,50,No,Yes
94402,32581,Soybean,25,02/12/2024,50,No,Yes
94399,32583,Soybean,25,02/12/2024,50,No,Yes
99316,32592,Soybean,50,20/12/2024,45,Yes,Yes
99952,32594,Soybean,50,20/11/2024,45,Yes,Yes
100349,32595,Soybean,25,20/12/2024,45,Yes,Yes
87688,32608,Soybean,25,18/12/2024,50,Yes,Yes
84490,32610,Groundnuts,20,24/12/2024,25,No,Yes
91350,32637,Groundnuts,20,16/12/2024,50,Yes,Yes
84442,32642,Soybean,25,05/12/2024,50,No,Yes
100779,32646,Soybean,25,16/12/2024,60,Yes,Yes
104379,32654,Beans,20,07/02/2025,61,No,Yes
104404,32656,Beans,20,10/02/2025,60,No,Yes
108807,4504,Beans,40,14/02/2025,60,No,Yes
106979,4511,Beans,40,16/02/2025,60,No,Yes
108485,4515,Beans,40,14/02/2025,60,No,Yes
109981,4524,Beans,20,16/02/2025,60,No,Yes
109179,4529,Beans,40,15/02/2025,60,No,Yes
78077,4569,Soybean,50,10/12/2024,60,Yes,Yes
102366,4572,Soybean,25,16/01/2025,55,Yes,Yes
78202,4575,Soybean,50,13/12/2024,60,Yes,Yes
92835,4594,Soybean,50,11/12/2024,47,Yes,Yes
83629,4598,Soybean,25,14/12/2024,61,Yes,Yes
80805,4601,Soybean,50,11/12/2024,60,Yes,Yes
93205,4620,Soybean,50,02/12/2024,50,Yes,Yes
91237,4622,Soybean,50,26/12/2024,50,Yes,Yes
91200,4628,Soybean,50,15/12/2024,50,Yes,Yes
85108,4630,Soybean,25,14/12/2024,50,Yes,Yes
92222,4636,Soybean,25,13/12/2024,50,Yes,Yes
92373,4642,Soybean,25,27/12/2024,50,Yes,Yes
93212,4645,Soybean,25,05/12/2024,50,Yes,Yes
90286,4647,Soybean,25,11/12/2024,50,Yes,Yes
104989,4650,Beans,40,03/02/2025,50,Yes,Yes
100107,4672,Soybean,25,14/12/2024,55,Yes,Yes
115587,40732,Beans,20,15/02/2025,50,No,Yes
89933,4081,Soybean,50,19/12/2024,45,No,Yes
99517,4082,Soybean,25,20/01/2025,50,No,Yes
99516,4083,Soybean,25,11/01/2025,50,No,Yes
119134,40873,Beans,20,15/02/2025,60,Yes,Yes
127379,40881,Beans,20,23/02/2025,60,Yes,Yes
127377,40883,Beans,20,04/03/2025,60,Yes,Yes
117707,40889,Beans,20,17/02/2025,120,Yes,Yes
117709,40892,Beans,20,23/02/2025,100,Yes,Yes
117711,40893,Beans,20,27/02/2025,90,No,Yes
117706,40898,Beans,20,21/02/2025,100,Yes,No
117713,40899,Beans,20,24/02/2025,90,Yes,Yes
117720,40901,Beans,20,07/02/2025,8,Yes,Yes
117817,40906,Beans,20,27/02/2025,60,No,Yes
117856,40911,Beans,20,10/02/2025,100,Yes,No
87856,4101,Soybean,25,14/11/2024,50,Yes,Yes
87857,4102,Soybean,25,15/11/2024,45,Yes,Yes
87573,4125,Soybean,1,21/12/2024,50,Yes,Yes
81312,4185,Soybean,25,27/12/2024,47,Yes,Yes
104184,4226,Beans,20,03/02/2025,50,No,Yes
81219,4230,Soybean,25,13/12/2024,50,Yes,Yes
94420,4232,Soybean,25,10/01/2025,50,Yes,Yes
92367,4239,Soybean,100,19/12/2024,50,No,Yes
97444,4241,Soybean,25,05/01/2025,50,Yes,Yes
100029,8377,Soybean,25,22/01/2025,45,Yes,Yes
81077,8416,Soybean,25,13/12/2024,10,Yes,Yes
93388,8436,Soybean,25,28/12/2024,50,Yes,Yes
107660,8442,Beans,40,20/02/2025,60,No,Yes
107934,8443,Beans,40,16/02/2025,60,No,Yes
100399,8451,Soybean,25,09/01/2025,60,Yes,Yes
90633,8454,Soybean,50,30/12/2024,50,Yes,Yes
100666,8510,Soybean,25,16/01/2025,50,Yes,Yes
96682,8514,Soybean,25,29/12/2024,60,Yes,Yes
101916,8518,Beans,40,09/02/2025,15,No,Yes
111735,8519,Soybean,25,25/12/2024,62,Yes,Yes
91185,8520,Soybean,50,11/12/2024,59,Yes,Yes
93181,8524,Soybean,25,09/12/2024,50,Yes,Yes
91186,8540,Soybean,25,06/01/2025,60,Yes,Yes
112831,8545,Beans,80,05/02/2025,70,No,Yes
102605,8572,Beans,20,03/02/2025,50,Yes,Yes
102153,8575,Beans,40,05/02/2025,60,No,Yes
80890,8585,Groundnuts,40,10/12/2024,45,Yes,Yes
91508,8590,Soybean,25,17/12/2024,50,Yes,Yes
91645,8595,Soybean,25,01/01/2025,50,Yes,Yes
100010,8604,Soybean,25,02/01/2025,50,Yes,Yes
88946,4242,Soybean,25,17/12/2024,50,Yes,Yes
78196,4280,Soybean,25,18/12/2024,45,Yes,Yes
111605,4284,Beans,60,05/02/2025,90,No,Yes
78180,4292,Maize,10,13/12/2024,65,No,Yes
95646,4295,Soybean,50,09/01/2025,60,Yes,Yes
78440,4297,Soybean,25,14/12/2024,60,Yes,Yes
91677,4302,Soybean,25,01/01/2025,45,Yes,Yes
84373,4321,Soybean,25,14/12/2024,5,No,Yes
99018,4323,Soybean,25,10/12/2024,50,Yes,Yes
96692,4327,Soybean,50,11/12/2024,50,Yes,Yes
93841,4329,Soybean,25,09/01/2025,55,Yes,Yes
98483,4331,Soybean,25,08/01/2025,60,Yes,Yes
102356,4332,Soybean,50,10/01/2025,50,Yes,Yes
94082,4348,Soybean,25,13/01/2025,50,Yes,Yes
98199,4352,Soybean,25,28/12/2024,45,Yes,Yes
80597,4366,Soybean,50,13/12/2024,45,Yes,Yes
89760,4388,Soybean,25,04/01/2025,50,Yes,Yes
92603,4406,Soybean,50,14/12/2024,70,Yes,Yes
97755,4407,Soybean,25,03/01/2025,65,Yes,Yes
97450,4434,Soybean,75,09/01/2025,45,Yes,Yes
96937,4436,Soybean,50,19/12/2024,50,Yes,Yes
99999,8607,Soybean,25,29/12/2024,50,Yes,Yes
100011,8608,Soybean,25,03/01/2025,50,Yes,Yes
92842,8614,Soybean,25,29/12/2024,50,Yes,Yes
100002,8618,Soybean,50,28/12/2024,50,Yes,Yes
99994,8621,Soybean,25,29/12/2024,50,Yes,Yes
92847,8626,Soybean,25,20/12/2024,50,Yes,Yes
78114,8713,Soybean,25,13/12/2024,60,Yes,Yes
105802,8720,Beans,20,05/03/2025,10,No,Yes
81225,8733,Soybean,25,12/12/2024,60,Yes,Yes
80764,8770,Groundnuts,20,08/12/2024,15,No,Yes
79442,8772,Groundnuts,45,16/11/2024,45,No,Yes
81365,8784,Groundnuts,20,23/11/2024,45,No,Yes
83395,8789,Soybean,25,27/12/2024,90,Yes,Yes
83055,8803,Groundnuts,20,19/12/2024,50,No,Yes
83056,8804,Groundnuts,20,19/12/2024,50,No,Yes
92228,8813,Soybean,50,06/01/2025,75,Yes,Yes
80470,8821,Groundnuts,20,29/12/2024,35,No,Yes
79498,8835,Groundnuts,20,20/12/2024,45,No,Yes
93724,4442,Soybean,25,05/01/2025,45,Yes,Yes
98399,4468,Soybean,25,08/01/2025,50,Yes,Yes
97419,4476,Soybean,25,18/11/2024,45,Yes,Yes
90848,4482,Soybean,50,03/01/2025,45,Yes,Yes
90731,4486,Soybean,25,03/01/2025,45,No,Yes
99400,4492,Soybean,50,08/12/2024,50,Yes,Yes
99159,4508,Soybean,25,18/01/2025,50,Yes,Yes
99583,4509,Soybean,25,06/01/2025,58,Yes,Yes
106022,4510,Beans,20,14/02/2025,60,No,Yes
109181,4513,Beans,20,14/02/2025,60,No,Yes
106058,4514,Beans,20,13/02/2025,60,No,Yes
109987,4520,Beans,20,16/02/2025,60,No,Yes
83293,8839,Groundnuts,20,20/12/2024,25,No,Yes
91236,8858,Soybean,100,06/12/2024,50,Yes,Yes
99100,8860,Soybean,50,02/01/2025,45,Yes,Yes
78229,8884,Soybean,50,11/12/2024,50,Yes,Yes
93138,8909,Soybean,25,10/01/2025,45,Yes,Yes
88435,8915,Groundnuts,20,02/12/2024,30,No,Yes
100119,8917,Soybean,50,22/11/2024,50,Yes,Yes
88264,8939,Soybean,50,09/12/2024,70,Yes,Yes
103388,8942,Beans,20,30/01/2025,73,No,No
110201,8963,Beans,20,16/02/2025,55,No,Yes
80044,8969,Soybean,25,11/12/2024,30,Yes,Yes
86279,8973,Soybean,25,03/01/2025,5,Yes,Yes
109982,4521,Beans,40,14/02/2025,60,No,Yes
102451,4531,Soybean,25,09/01/2025,50,No,Yes
95090,4539,Soybean,25,11/01/2025,60,Yes,Yes
93379,4561,Soybean,25,15/12/2024,45,Yes,Yes
79478,4564,Soybean,25,28/11/2024,45,Yes,Yes
78713,4574,Maize,25,13/12/2024,65,No,Yes
107939,4578,Beans,20,31/01/2025,60,No,Yes
107360,4579,Beans,20,01/02/2025,50,No,Yes
88617,9012,Soybean,50,01/01/2025,45,Yes,Yes
107376,9037,Beans,20,01/02/2025,45,No,Yes
107732,9038,Beans,20,01/02/2025,45,No,Yes
106424,9048,Beans,40,06/02/2025,50,No,Yes
90733,9050,Soybean,25,04/01/2025,50,No,Yes
86533,9053,Soybean,25,23/12/2024,50,Yes,Yes
86536,9054,Soybean,25,04/01/2025,50,Yes,Yes
81332,9055,Soybean,25,23/12/2024,50,Yes,Yes
107349,9061,Soybean,40,01/02/2025,45,No,Yes
104327,9064,Beans,60,06/02/2025,10,Yes,Yes
104256,9068,Beans,20,02/02/2025,60,No,Yes
104196,9070,Beans,20,02/02/2025,58,No,Yes
104194,9075,Beans,20,02/02/2025,50,No,Yes
97659,9090,Soybean,25,03/01/2025,50,Yes,Yes
90195,9098,Soybean,25,02/01/2025,60,Yes,Yes
104238,9122,Beans,20,02/02/2025,50,No,Yes
79169,9129,Soybean,50,30/11/2024,45,No,Yes
92474,9130,Soybean,25,27/12/2024,45,Yes,Yes
104227,9177,Beans,20,04/02/2025,45,No,Yes
104237,9196,Beans,20,03/02/2025,50,No,Yes
104250,9198,Beans,20,03/02/2025,50,No,Yes
93985,4589,Soybean,25,08/01/2025,65,Yes,Yes
93469,4602,Soybean,25,28/12/2024,56,Yes,Yes
101218,4618,Beans,20,28/01/2025,40,No,Yes
90025,4629,Soybean,25,10/12/2024,50,Yes,Yes
99338,4631,Soybean,50,26/12/2024,50,Yes,Yes
90290,4632,Soybean,50,07/12/2024,60,Yes,Yes
92171,4639,Soybean,50,19/12/2024,50,Yes,Yes
100089,4669,Soybean,25,14/12/2024,50,Yes,Yes
96629,4670,Soybean,25,16/01/2025,65,Yes,Yes
83210,4699,Soybean,50,01/01/2025,50,Yes,Yes
79607,4700,Beans,50,14/11/2024,55,Yes,Yes
104240,9206,Beans,40,02/02/2025,50,No,Yes
95197,9252,Soybean,50,09/12/2024,70,Yes,Yes
98041,9278,Soybean,25,08/12/2024,60,Yes,Yes
99000,9286,Soybean,25,10/01/2025,50,Yes,Yes
98875,9288,Soybean,25,10/12/2024,50,Yes,Yes
97842,9296,Soybean,25,15/01/2025,55,Yes,Yes
93007,9305,Soybean,25,12/12/2024,50,Yes,No
79612,4710,Soybean,75,24/11/2024,45,Yes,Yes
84256,4717,Soybean,50,22/11/2024,50,Yes,Yes
79941,4727,Soybean,25,20/11/2024,45,Yes,Yes
86601,4743,Soybean,25,11/12/2024,55,Yes,Yes
80603,4744,Soybean,50,11/12/2024,55,Yes,Yes
84257,4769,Soybean,50,28/11/2024,55,Yes,Yes
95484,4770,Soybean,75,28/11/2024,50,Yes,Yes
92248,4782,Soybean,25,01/01/2025,50,Yes,Yes
92582,4785,Soybean,25,03/01/2025,60,Yes,Yes
93445,4786,Soybean,25,10/01/2025,50,Yes,Yes
79931,4800,Soybean,25,12/11/2024,55,Yes,Yes
79526,4801,Soybean,50,25/11/2024,50,Yes,Yes
110535,4805,Beans,40,14/02/2025,50,No,Yes
97241,4812,Soybean,50,16/12/2024,50,Yes,Yes
90358,4823,Soybean,100,15/12/2024,50,Yes,Yes
90062,4831,Groundnuts,20,31/12/2024,35,Yes,Yes
91595,4832,Groundnuts,40,10/12/2024,30,Yes,Yes
90063,4835,Groundnuts,20,04/01/2025,30,Yes,Yes
83155,4839,Soybean,25,20/12/2024,45,Yes,Yes
79613,4852,Soybean,25,24/11/2024,50,Yes,Yes
84599,9323,Soybean,1,18/12/2024,50,Yes,Yes
96976,9331,Soybean,25,28/11/2024,50,Yes,Yes
104933,9343,Beans,40,01/02/2025,15,No,Yes
104958,9349,Beans,60,01/02/2025,10,No,Yes
87579,9350,Soybean,1,20/12/2024,50,Yes,Yes
106091,9361,Beans,20,05/03/2025,15,Yes,Yes
105618,9367,Beans,20,06/03/2025,10,Yes,Yes
88774,9371,Soybean,50,22/11/2024,45,Yes,Yes
79826,9381,Groundnuts,20,17/12/2024,30,No,Yes
101980,9386,Beans,20,04/02/2025,10,No,Yes
101686,9388,Beans,60,01/02/2025,15,No,Yes
102700,9389,Beans,20,02/02/2025,15,No,Yes
79927,9397,Groundnuts,20,12/12/2024,50,No,Yes
79926,9407,Groundnuts,80,01/12/2024,50,No,Yes
82987,9409,Groundnuts,20,02/01/2025,50,No,Yes
95046,9410,Groundnuts,20,06/01/2025,50,No,Yes
93996,9411,Soybean,20,02/01/2025,50,No,Yes
84131,9413,Groundnuts,40,10/12/2024,50,No,Yes
97242,4866,Soybean,50,17/12/2024,50,No,No
90359,4867,Soybean,75,14/12/2024,50,Yes,Yes
87873,4871,Soybean,50,11/11/2024,50,Yes,Yes
79940,4873,Soybean,50,23/11/2024,50,Yes,Yes
97671,4874,Sunflower,5,10/01/2025,60,No,Yes
82930,4881,Soybean,25,22/11/2024,55,Yes,Yes
80601,4883,Soybean,50,18/11/2024,55,Yes,Yes
97931,4892,Soybean,100,19/11/2024,50,Yes,Yes
82933,4896,Soybean,50,28/12/2024,55,Yes,Yes
103208,4906,Beans,40,02/02/2025,10,No,Yes
83265,4918,Maize,10,15/12/2024,90,No,Yes
102725,4924,Beans,20,02/02/2025,60,No,Yes
102780,4926,Beans,20,02/02/2025,60,No,Yes
103192,4935,Beans,40,08/02/2025,60,No,Yes
102990,4936,Beans,20,06/02/2025,60,No,Yes
103239,4938,Beans,20,06/02/2025,10,No,Yes
103161,4941,Beans,20,01/02/2025,60,No,Yes
97935,4942,Soybean,100,18/11/2024,45,Yes,Yes
97652,4961,Soybean,50,06/12/2024,50,Yes,Yes
99163,4963,Soybean,50,10/01/2025,47,Yes,Yes
91092,4970,Soybean,25,17/12/2024,50,No,Yes
87932,4974,Soybean,50,14/11/2024,50,Yes,Yes
97930,4982,Soybean,50,28/11/2024,50,Yes,Yes
84296,4985,Soybean,25,28/11/2024,50,Yes,Yes
79929,4993,Soybean,50,24/11/2024,50,Yes,Yes
79936,4996,Soybean,25,24/11/2024,50,Yes,Yes
79934,5000,Soybean,75,23/11/2024,50,Yes,Yes
109684,5031,Beans,40,17/02/2025,55,No,Yes
108840,5033,Beans,40,19/02/2025,60,No,Yes
84336,9419,Groundnuts,20,01/12/2024,50,No,Yes
94902,9431,Soybean,25,09/01/2025,5,Yes,Yes
104198,9446,Beans,20,02/02/2025,50,No,Yes
104173,9450,Beans,20,06/02/2025,65,No,Yes
95597,9453,Soybean,50,06/11/2024,50,Yes,Yes
104267,9454,Beans,20,06/02/2025,50,No,Yes
104248,9458,Beans,20,02/02/2025,45,No,Yes
104089,9466,Beans,20,07/03/2025,50,No,Yes
102926,9469,Beans,20,04/02/2025,50,Yes,Yes
93857,9471,Soybean,25,01/01/2025,60,Yes,Yes
79225,9476,Soybean,75,07/12/2024,45,No,Yes
104205,9487,Beans,20,02/02/2025,45,No,No
92894,9497,Soybean,6,27/11/2024,50,Yes,Yes
92874,9502,Soybean,4,28/11/2024,50,Yes,Yes
93452,9516,Soybean,25,08/01/2025,48,Yes,Yes
99938,9517,Soybean,25,04/01/2025,50,Yes,Yes
94355,9525,Soybean,25,01/01/2025,60,Yes,Yes
94368,9528,Soybean,25,07/01/2025,65,Yes,Yes
83592,9540,Groundnuts,20,20/11/2024,45,No,Yes
102267,9574,Beans,20,08/02/2025,30,No,Yes
85438,9642,Soybean,50,03/01/2025,45,Yes,Yes
85646,9657,Soybean,25,02/01/2025,47,Yes,Yes
90403,9668,Soybean,25,12/12/2024,60,Yes,Yes
103960,9682,Beans,40,11/02/2025,50,No,Yes
80453,9687,Groundnuts,20,06/12/2024,15,No,Yes
103957,9688,Beans,20,03/02/2025,50,No,Yes
103843,9690,Beans,40,07/02/2025,75,No,Yes
103123,9695,Beans,20,06/02/2025,75,No,Yes
102220,9725,Beans,20,05/02/2025,15,No,Yes
101718,9727,Beans,100,01/02/2025,10,Yes,Yes
102475,9732,Beans,20,01/02/2025,15,No,Yes
101720,9733,Beans,40,01/02/2025,15,No,Yes
103729,9743,Beans,40,04/02/2025,75,No,Yes
92710,9748,Soybean,25,10/12/2024,60,Yes,Yes
91617,9751,Soybean,25,23/12/2024,50,Yes,Yes
104331,9756,Beans,60,31/01/2025,10,Yes,Yes
103948,9762,Beans,20,08/02/2025,50,No,Yes
107463,9786,Beans,20,08/02/2025,10,Yes,Yes
103935,9802,Beans,40,07/02/2025,50,No,Yes
81514,9810,Soybean,25,09/12/2024,50,Yes,Yes
103958,9829,Beans,60,05/02/2025,50,No,Yes
109679,5034,Beans,80,14/03/2025,60,No,Yes
79624,5059,Groundnuts,20,18/12/2024,45,No,Yes
119375,5073,Beans,80,14/02/2025,60,No,Yes
79662,5078,Groundnuts,40,01/12/2024,35,No,Yes
79664,5082,Groundnuts,20,02/12/2024,35,No,Yes
80469,5089,Groundnuts,20,01/12/2024,45,No,Yes
86001,5107,Soybean,25,01/12/2024,60,Yes,Yes
87419,5113,Soybean,25,26/12/2024,60,No,No
118970,5131,Beans,80,25/02/2025,60,No,Yes
111034,5137,Beans,20,16/02/2025,55,No,Yes
87374,5152,Soybean,25,19/12/2024,30,No,No
119391,5162,Beans,40,19/02/2025,60,No,Yes
119377,5165,Beans,40,19/02/2025,60,No,Yes
108756,5178,Beans,40,12/02/2025,60,No,Yes
119383,5184,Beans,20,13/02/2025,60,No,Yes
110517,5190,Beans,20,15/02/2025,50,No,Yes
108071,5194,Beans,340,22/02/2025,70,No,Yes
110519,5200,Beans,40,14/02/2025,50,No,Yes
108867,5226,Beans,20,13/02/2025,50,No,Yes
103468,9919,Beans,40,01/03/2025,10,No,Yes
101677,9922,Beans,20,05/02/2025,10,Yes,Yes
106317,9937,Beans,80,02/03/2025,50,No,Yes
103298,9942,Beans,20,05/02/2025,70,No,Yes
94369,9953,Soybean,25,03/01/2025,70,Yes,Yes
94370,9954,Soybean,25,06/01/2025,65,Yes,Yes
102155,9958,Beans,20,03/02/2025,60,No,Yes
97462,9971,Soybean,50,18/01/2025,45,Yes,Yes
109756,9983,Beans,20,08/02/2025,65,No,Yes
79627,5230,Groundnuts,20,03/12/2024,30,No,Yes
107764,5240,Beans,40,10/02/2025,60,No,Yes
108049,5256,Beans,40,08/02/2025,60,No,Yes
108053,5257,Beans,40,17/02/2025,60,No,Yes
108988,5265,Beans,80,12/02/2025,60,No,Yes
108048,5271,Beans,40,15/02/2025,60,No,Yes
107900,5276,Beans,20,13/02/2025,60,No,Yes
108291,5283,Beans,40,15/02/2025,60,No,Yes
107719,5284,Beans,20,17/02/2025,60,No,Yes
108052,5285,Beans,40,12/02/2025,60,No,Yes
87934,5289,Soybean,50,10/11/2024,50,Yes,Yes
110217,5323,Beans,80,20/02/2025,60,No,Yes
79237,5335,Soybean,25,22/11/2024,55,Yes,Yes
87808,5364,Soybean,50,09/11/2024,50,Yes,Yes
86721,5368,Soybean,50,18/11/2024,55,Yes,Yes
92878,5406,Soybean,1,02/12/2024,50,Yes,Yes
90227,5412,Soybean,50,17/11/2024,50,Yes,Yes
90849,5424,Soybean,25,06/01/2025,45,Yes,Yes
101206,5425,Beans,25,02/01/2025,50,No,Yes
86057,5438,Soybean,25,02/01/2025,50,Yes,Yes
94075,9988,Soybean,50,28/12/2024,50,Yes,Yes
92207,9989,Soybean,50,11/12/2024,50,Yes,Yes
87749,9993,Soybean,25,02/01/2025,50,No,Yes
86066,5449,Soybean,25,02/01/2025,50,Yes,Yes
102595,5470,Beans,40,10/02/2025,40,No,Yes
79628,5482,Groundnuts,20,02/12/2024,30,No,Yes
101779,5485,Beans,20,07/02/2025,70,No,Yes
101699,5491,Beans,40,03/02/2025,50,No,Yes
102975,5494,Beans,40,01/02/2025,50,No,Yes
101764,5496,Beans,60,03/02/2025,70,No,Yes
101781,5497,Beans,20,05/02/2025,75,No,Yes
101907,5506,Beans,40,03/02/2025,10,No,Yes
101865,5509,Beans,20,01/02/2025,8,No,Yes
87025,5522,Groundnuts,20,29/12/2024,30,No,Yes
103525,5525,Beans,20,28/01/2025,30,No,Yes
108711,5563,Beans,40,18/02/2025,60,No,Yes
108712,5564,Beans,40,17/02/2025,55,No,Yes
102151,5572,Beans,40,05/02/2025,60,No,Yes
100714,5589,Soybean,25,25/11/2024,50,Yes,Yes
91506,5603,Soybean,25,16/12/2024,50,Yes,Yes
97474,5622,Soybean,25,01/01/2025,50,Yes,Yes
109793,5638,Beans,20,02/02/2025,60,No,Yes
97658,5658,Soybean,50,22/11/2024,52,Yes,Yes
97070,5665,Soybean,50,28/12/2024,56,Yes,Yes
118975,5769,Beans,80,17/02/2025,60,No,Yes
107933,5843,Beans,40,20/02/2025,60,No,Yes
108119,5847,Beans,60,20/02/2025,60,No,Yes
107665,5851,Beans,40,14/02/2025,70,No,Yes
104634,5862,Beans,60,04/02/2025,60,No,Yes
103449,5867,Beans,80,05/03/2025,60,No,Yes
98785,5915,Soybean,25,06/01/2025,50,Yes,Yes
90746,5942,Soybean,25,29/12/2024,50,No,Yes
90732,5955,Soybean,25,29/12/2024,50,No,Yes
98570,5985,Soybean,50,01/01/2025,50,Yes,Yes
101913,6000,Beans,20,03/02/2025,10,No,Yes
88833,6001,Soybean,25,13/11/2024,60,Yes,Yes
85913,6014,Groundnuts,20,30/11/2024,30,Yes,Yes
97928,6057,Soybean,50,03/01/2025,50,Yes,Yes
95723,6063,Soybean,25,03/01/2025,60,Yes,Yes
81865,6071,Groundnuts,20,20/12/2024,45,Yes,Yes
100549,6125,Soybean,25,28/12/2024,50,Yes,Yes
93424,6134,Soybean,25,13/12/2024,50,Yes,Yes
95658,6140,Soybean,50,28/12/2024,45,Yes,Yes
95634,6143,Soybean,25,06/01/2025,45,Yes,Yes
98787,6155,Soybean,50,13/12/2024,50,Yes,Yes
97484,6158,Soybean,25,28/11/2024,45,Yes,Yes
91389,6159,Soybean,25,06/12/2024,45,Yes,Yes
91407,6161,Soybean,25,18/12/2024,50,Yes,Yes
92317,6174,Soybean,50,05/12/2024,45,Yes,Yes
91466,6177,Soybean,100,14/11/2024,45,Yes,Yes
92277,6180,Soybean,25,05/01/2025,45,Yes,Yes
95577,6181,Soybean,50,26/11/2024,50,Yes,Yes
97785,6183,Soybean,3,06/12/2024,10,No,Yes
93465,6184,Soybean,25,12/12/2024,50,Yes,Yes
93498,6190,Soybean,50,13/12/2024,50,Yes,Yes
90654,6206,Soybean,25,19/12/2024,60,Yes,Yes
90773,6210,Soybean,25,04/12/2024,60,Yes,Yes
101212,6212,Soybean,50,14/12/2024,55,Yes,Yes
101173,6219,Soybean,25,18/12/2024,60,Yes,Yes
101336,6232,Soybean,25,09/12/2024,60,Yes,Yes
101080,6233,Soybean,25,10/01/2025,60,Yes,Yes
92167,6255,Soybean,50,11/12/2024,55,No,Yes
88714,6257,Groundnuts,20,06/12/2024,45,No,Yes
92217,6258,Soybean,25,12/12/2024,65,No,Yes
98117,6263,Soybean,25,02/01/2025,41,Yes,Yes
92126,6278,Soybean,25,03/01/2025,50,No,Yes
92261,6283,Soybean,50,03/01/2025,65,No,Yes
92203,6286,Soybean,25,06/01/2025,50,No,Yes
93756,6292,Soybean,50,01/01/2025,50,No,Yes
101445,6293,Soybean,25,09/01/2025,63,Yes,Yes
80728,6315,Soybean,25,29/11/2024,60,Yes,Yes
82979,6317,Soybean,50,09/12/2024,70,Yes,Yes
80726,6320,Soybean,25,29/11/2024,60,Yes,Yes
80940,6332,Soybean,50,29/11/2024,60,Yes,Yes
80725,6347,Soybean,25,29/11/2024,60,Yes,Yes
81269,6350,Soybean,25,09/12/2024,60,Yes,Yes
88213,6352,Soybean,25,11/12/2024,60,Yes,Yes
80982,6353,Soybean,25,10/12/2024,50,Yes,Yes
90423,6378,Soybean,25,13/12/2024,70,Yes,Yes
99353,6403,Soybean,50,09/01/2025,60,Yes,Yes
89137,6438,Soybean,50,20/12/2024,65,Yes,Yes
90370,6448,Soybean,25,28/12/2024,65,Yes,Yes
90451,6449,Soybean,25,14/12/2024,60,Yes,Yes
81805,6454,Soybean,25,11/12/2024,65,Yes,Yes
91195,6460,Soybean,25,03/01/2025,65,Yes,Yes
91465,6498,Soybean,25,24/11/2024,45,Yes,Yes
91412,6500,Soybean,25,12/12/2024,50,Yes,Yes
79654,6535,Groundnuts,20,29/11/2024,45,No,Yes
107718,6567,Beans,40,10/02/2025,60,No,Yes
86396,6585,Soybean,75,04/01/2025,65,Yes,Yes
85639,6590,Soybean,50,28/11/2024,50,Yes,Yes
86397,6591,Soybean,50,27/12/2024,50,Yes,Yes
89253,6620,Soybean,25,01/01/2025,60,Yes,Yes
89148,6621,Soybean,50,15/12/2024,60,Yes,Yes
90478,6627,Soybean,50,17/12/2024,60,Yes,Yes
94853,6641,Soybean,50,03/01/2025,50,Yes,Yes
94312,6660,Soybean,25,29/12/2024,60,Yes,Yes
94313,6661,Soybean,50,01/01/2025,65,Yes,Yes
108259,6664,Beans,40,05/02/2025,13,No,Yes
94317,6670,Soybean,25,01/01/2025,60,Yes,Yes
94319,6672,Soybean,50,05/01/2025,55,Yes,Yes
93484,6674,Soybean,25,29/12/2024,5,Yes,Yes
94343,6677,Soybean,25,05/01/2025,65,Yes,Yes
94344,6678,Soybean,25,04/01/2025,65,Yes,Yes
108757,6679,Beans,40,18/02/2025,60,No,Yes
109163,6680,Beans,40,18/02/2025,60,No,Yes
90154,6691,Soybean,25,22/11/2024,60,Yes,Yes
90160,6692,Soybean,25,10/12/2024,60,Yes,Yes
91240,6694,Soybean,50,04/01/2025,60,Yes,Yes
90803,6704,Soybean,50,27/11/2024,60,Yes,Yes
90156,6705,Soybean,50,22/11/2024,60,Yes,Yes
98861,6724,Soybean,2,02/01/2025,10,No,Yes
93813,6736,Soybean,25,08/01/2025,50,Yes,Yes
100226,6739,Soybean,25,08/11/2024,50,Yes,Yes
97655,6765,Soybean,25,28/11/2024,50,Yes,Yes
90626,6770,Soybean,25,02/01/2025,50,No,Yes
97654,6777,Soybean,25,27/12/2024,50,Yes,Yes
95437,6784,Soybean,25,29/12/2024,50,No,Yes
77829,6813,Groundnuts,20,20/11/2024,45,No,Yes
93486,6829,Soybean,25,03/01/2025,5,Yes,Yes
93503,6831,Soybean,25,02/01/2025,6,Yes,Yes
93508,6836,Soybean,25,29/12/2024,5,Yes,Yes
93511,6839,Soybean,25,29/12/2024,5,Yes,Yes
96885,6862,Soybean,75,19/12/2024,50,Yes,Yes
91261,6873,Soybean,50,12/12/2024,50,Yes,Yes
91256,6874,Soybean,50,29/12/2024,50,Yes,Yes
91255,6875,Soybean,75,02/01/2025,50,Yes,Yes
84939,6879,Soybean,25,19/12/2024,55,Yes,Yes
93514,6880,Soybean,25,02/01/2025,50,Yes,Yes
97067,6888,Soybean,25,13/12/2024,50,Yes,Yes
78790,6938,Groundnuts,20,17/11/2024,45,No,Yes
81121,6941,Groundnuts,20,25/11/2024,45,No,Yes
79152,6947,Groundnuts,20,16/11/2024,45,No,Yes
82020,6952,Groundnuts,20,20/12/2024,30,No,Yes
90338,6953,Groundnuts,20,07/01/2025,45,No,Yes
90344,6955,Groundnuts,40,08/01/2025,45,No,Yes
83405,6961,Groundnuts,20,17/11/2024,3,No,Yes
82023,6964,Groundnuts,20,30/12/2024,30,No,Yes
82730,6984,Groundnuts,20,15/11/2024,45,No,Yes
93595,6995,Soybean,25,27/12/2024,7,Yes,Yes
101946,7004,Beans,40,12/02/2025,75,No,Yes
95501,7011,Soybean,25,06/01/2025,55,No,Yes
95505,7017,Soybean,25,10/01/2025,48,No,Yes
95507,7019,Soybean,25,04/01/2025,48,No,Yes
95509,7023,Soybean,25,11/01/2025,45,No,Yes
95580,7029,Soybean,25,09/01/2025,45,No,Yes
101454,7082,Soybean,25,07/02/2025,45,Yes,Yes
101452,7088,Soybean,25,04/01/2025,45,Yes,Yes
77800,7100,Groundnuts,20,25/11/2024,45,No,Yes
102346,7109,Beans,60,01/02/2025,10,No,Yes
107814,7119,Beans,120,20/02/2025,60,No,Yes
107822,7120,Beans,40,19/02/2025,60,No,Yes
99803,7147,Soybean,100,01/01/2025,47,Yes,Yes
97702,7168,Soybean,100,08/12/2024,50,Yes,Yes
108364,7169,Beans,20,05/02/2025,30,No,Yes
105466,7172,Beans,20,10/02/2025,40,No,Yes
108487,7192,Beans,20,05/02/2025,20,No,Yes
108835,7196,Beans,20,13/02/2025,20,No,Yes
103203,7260,Beans,40,04/02/2025,10,No,Yes
97406,7263,Soybean,25,07/01/2025,45,Yes,Yes
97404,7266,Soybean,25,05/01/2025,45,Yes,Yes
97403,7267,Soybean,25,05/01/2025,45,Yes,Yes
98578,7273,Soybean,25,01/01/2025,45,Yes,Yes
98575,7274,Soybean,25,01/01/2025,45,Yes,Yes
97405,7281,Soybean,25,06/01/2025,45,Yes,Yes
117726,7290,Beans,60,20/02/2025,60,No,Yes
99416,7296,Soybean,25,17/12/2024,50,Yes,Yes
97722,7306,Soybean,25,29/12/2024,45,Yes,Yes
97718,7307,Soybean,50,26/12/2024,50,Yes,Yes
95427,7324,Soybean,100,22/12/2024,50,Yes,Yes
95428,7331,Soybean,25,30/12/2024,50,Yes,Yes
100877,7335,Soybean,25,18/11/2024,50,Yes,Yes
80978,7355,Soybean,25,11/12/2024,60,Yes,Yes
83624,7376,Groundnuts,20,11/12/2024,45,Yes,Yes
93706,7384,Soybean,25,11/12/2024,5,Yes,Yes
96882,7407,Soybean,25,15/01/2025,55,Yes,Yes
95882,7410,Soybean,25,15/12/2024,55,Yes,Yes
95389,7423,Soybean,25,15/12/2024,50,Yes,Yes
95292,7427,Soybean,50,28/12/2024,55,Yes,Yes
99247,7435,Soybean,25,28/12/2024,55,Yes,Yes
93747,7437,Soybean,50,20/12/2024,55,Yes,Yes
96025,7439,Soybean,25,15/12/2024,55,Yes,Yes
96615,7446,Soybean,25,17/11/2024,50,Yes,Yes
95377,7462,Soybean,25,02/01/2025,50,Yes,Yes
92611,7475,Soybean,25,11/11/2024,50,Yes,Yes
91300,7480,Beans,25,04/01/2025,60,Yes,Yes
96695,7481,Soybean,50,11/12/2024,60,Yes,Yes
108387,7482,Beans,80,02/02/2025,30,No,Yes
100857,7491,Soybean,25,10/01/2025,45,Yes,No
93864,7496,Soybean,25,17/01/2025,50,Yes,Yes
93031,7501,Soybean,25,10/12/2024,45,Yes,Yes
94025,7512,Soybean,25,08/01/2025,45,No,Yes
96600,7514,Soybean,25,04/01/2025,45,No,Yes
93828,7525,Soybean,25,04/01/2025,50,Yes,Yes
78782,7527,Soybean,50,08/11/2024,50,Yes,Yes
100012,7547,Soybean,25,05/01/2025,45,Yes,Yes
95659,7560,Soybean,50,12/01/2025,45,Yes,Yes
100550,7569,Soybean,25,29/12/2024,50,Yes,Yes
98480,7575,Soybean,50,08/01/2025,50,No,Yes
88824,7579,Soybean,25,06/01/2025,50,No,Yes
100879,7605,Soybean,25,08/12/2024,50,Yes,Yes
90027,7609,Soybean,25,11/12/2024,50,Yes,Yes
98180,7626,Soybean,2,27/12/2024,10,No,Yes
88263,7630,Soybean,25,10/12/2024,60,Yes,Yes
92838,7636,Soybean,25,18/12/2024,50,Yes,Yes
99587,7680,Soybean,25,17/01/2025,50,Yes,Yes
95372,7702,Soybean,45,15/01/2025,5,Yes,Yes
93926,7723,Soybean,25,11/12/2024,50,Yes,Yes
97456,7730,Soybean,25,15/01/2025,50,Yes,Yes
95290,7754,Soybean,25,09/01/2025,50,Yes,Yes
87835,7757,Soybean,50,28/12/2024,60,Yes,Yes
85773,7758,Soybean,25,06/01/2025,50,Yes,Yes
91538,7764,Soybean,75,16/12/2024,60,Yes,Yes
95210,7765,Soybean,75,02/01/2025,75,Yes,Yes
96273,7768,Soybean,50,02/01/2025,65,Yes,Yes
94875,7775,Soybean,50,05/01/2025,60,Yes,Yes
94873,7776,Soybean,50,08/12/2024,65,Yes,Yes
99592,7780,Soybean,50,09/12/2024,65,Yes,Yes
89145,7785,Soybean,50,23/12/2024,60,Yes,Yes
88828,7801,Soybean,58,09/12/2024,50,No,Yes
87867,7812,Soybean,25,04/01/2025,60,Yes,Yes
95288,7828,Soybean,50,04/01/2025,50,Yes,Yes
87980,7837,Soybean,25,26/12/2024,50,Yes,Yes
86011,7840,Soybean,25,01/01/2025,50,Yes,Yes
93014,7841,Soybean,25,02/01/2025,50,Yes,Yes
85963,7844,Soybean,25,01/01/2025,45,Yes,Yes
87279,7846,Soybean,25,12/12/2024,50,Yes,Yes
100883,7854,Soybean,25,28/12/2024,50,Yes,Yes
100861,7855,Soybean,25,20/12/2024,50,Yes,Yes
93632,7863,Soybean,25,08/01/2025,45,Yes,Yes
90274,7872,Soybean,25,25/12/2024,60,Yes,Yes
94347,7888,Soybean,25,01/01/2025,50,Yes,Yes
94350,7898,Soybean,25,02/01/2025,55,Yes,Yes
98617,7901,Soybean,25,08/01/2025,55,Yes,Yes
90042,7903,Soybean,50,21/12/2024,42,Yes,Yes
91821,7927,Soybean,25,23/12/2024,60,Yes,Yes
92071,7929,Soybean,25,08/01/2025,60,Yes,Yes
92215,7940,Soybean,25,02/01/2025,60,Yes,Yes
92284,7941,Soybean,25,27/12/2024,60,Yes,Yes
92263,7943,Soybean,25,20/12/2024,60,Yes,Yes
90832,7982,Soybean,25,18/11/2024,60,Yes,Yes
90158,7984,Soybean,50,21/11/2024,60,Yes,Yes
90807,7985,Soybean,75,06/12/2024,60,Yes,Yes
90814,7990,Soybean,25,08/01/2025,60,Yes,Yes
99792,7996,Soybean,25,07/01/2025,60,Yes,Yes
93187,8001,Soybean,25,07/01/2025,33,Yes,Yes
80318,8015,Soybean,2,16/12/2024,50,Yes,Yes
81905,8018,Soybean,25,10/12/2024,50,Yes,Yes
81906,8019,Soybean,25,04/12/2024,50,Yes,Yes
95066,8032,Soybean,50,10/01/2025,5,Yes,Yes
104640,8048,Beans,60,06/02/2025,60,No,Yes
95010,8051,Soybean,25,16/11/2024,5,Yes,Yes
92990,8058,Soybean,25,13/12/2024,5,Yes,Yes
93049,8059,Soybean,25,08/01/2025,5,Yes,Yes
108183,8063,Beans,20,06/02/2025,70,No,Yes
103602,8064,Beans,20,01/02/2025,9,No,Yes
106567,8069,Beans,20,04/02/2025,70,No,Yes
94957,8104,Soybean,25,09/12/2024,5,Yes,Yes
83153,8121,Soybean,25,17/12/2024,60,Yes,Yes
97754,8127,Soybean,25,09/01/2025,60,Yes,Yes
87305,8134,Soybean,50,14/12/2024,50,Yes,Yes
92872,8136,Soybean,2,21/12/2024,50,Yes,Yes
99811,8140,Soybean,25,03/01/2025,60,No,Yes
101287,8143,Soybean,25,12/12/2024,45,Yes,Yes
90487,8145,Soybean,100,30/12/2024,55,Yes,Yes
99854,8152,Soybean,25,01/01/2025,65,No,Yes
99841,8153,Soybean,25,06/01/2025,55,No,Yes
99790,8236,Soybean,25,04/01/2025,60,No,Yes
92868,8257,Soybean,3,27/11/2024,50,Yes,Yes
101808,8291,Beans,20,01/02/2025,60,No,Yes
102828,8293,Beans,40,05/02/2025,90,No,Yes
107114,8309,Beans,20,08/02/2025,10,No,Yes
108370,8310,Beans,20,28/01/2025,20,No,Yes
108820,8315,Beans,20,14/02/2025,20,No,Yes
90830,8323,Soybean,25,15/12/2024,45,Yes,Yes
92941,8352,Soybean,50,26/12/2024,60,Yes,Yes
96691,8355,Soybean,20,12/12/2024,50,Yes,Yes
84374,8357,Soybean,25,12/12/2024,50,No,Yes
117728,8363,Beans,20,26/02/2025,60,No,Yes
96030,8379,Soybean,100,10/01/2025,50,Yes,Yes
108540,8422,Beans,40,15/02/2025,50,No,Yes
99622,8427,Soybean,75,26/12/2024,6,Yes,Yes
107560,8445,Beans,60,17/02/2025,120,Yes,Yes
79438,8473,Groundnuts,20,16/11/2024,45,No,Yes
79439,8474,Groundnuts,45,17/11/2024,45,No,Yes
83902,8500,Soybean,1,19/12/2024,50,Yes,Yes
93955,8507,Soybean,25,03/01/2025,50,Yes,Yes
91298,8511,Soybean,50,28/12/2024,50,Yes,Yes
100398,8512,Soybean,25,10/01/2025,50,Yes,Yes
102305,8521,Beans,40,05/02/2025,15,No,Yes
90288,8527,Soybean,50,03/12/2024,50,Yes,Yes
93233,8529,Soybean,50,08/01/2025,50,Yes,Yes
109603,8532,Beans,60,05/02/2025,120,No,Yes
110763,8534,Beans,20,06/02/2025,60,No,Yes
102362,8541,Soybean,25,06/01/2025,50,Yes,Yes
90321,8553,Soybean,50,12/12/2024,55,Yes,Yes
102548,8567,Beans,20,03/02/2025,15,No,Yes
98857,8570,Soybean,50,31/01/2025,60,Yes,Yes
98427,8594,Soybean,25,05/01/2025,50,Yes,Yes
100000,8620,Soybean,25,28/12/2024,50,Yes,Yes
99997,8624,Soybean,25,03/01/2025,50,Yes,Yes
92088,8714,Soybean,25,05/01/2025,55,Yes,Yes
105801,8722,Beans,20,05/02/2025,15,No,Yes
101688,8724,Beans,60,01/02/2025,15,No,Yes
98860,8740,Soybean,1,29/12/2024,10,No,Yes
85489,8781,Groundnuts,20,29/11/2024,45,No,Yes
84390,8783,Groundnuts,20,23/12/2024,45,No,Yes
85794,8797,Soybean,25,14/12/2024,55,Yes,Yes
92229,8812,Soybean,25,08/12/2024,75,Yes,Yes
91779,8816,Soybean,50,26/12/2024,90,Yes,Yes
80467,8819,Groundnuts,20,03/12/2024,35,No,Yes
78087,8840,Groundnuts,20,20/11/2024,45,No,Yes
92934,8863,Soybean,2,10/12/2024,45,Yes,Yes
93018,8873,Soybean,25,04/01/2025,45,Yes,Yes
99099,8879,Soybean,50,11/12/2024,45,Yes,Yes
85561,8896,Soybean,50,27/12/2024,45,Yes,Yes
93927,8904,Soybean,75,08/01/2025,50,Yes,Yes
101886,8919,Beans,20,06/02/2025,9,No,Yes
101887,8920,Beans,20,02/02/2025,8,No,Yes
94247,8936,Soybean,25,05/01/2025,55,Yes,Yes
80972,8940,Soybean,25,27/11/2024,70,Yes,Yes
107365,8943,Beans,20,31/01/2025,60,No,Yes
106471,8944,Beans,20,07/02/2025,60,No,Yes
103392,8946,Beans,20,31/01/2025,70,No,Yes
98211,8953,Soybean,50,18/01/2025,50,Yes,Yes
90481,8957,Soybean,50,14/12/2024,60,Yes,Yes
82745,8959,Groundnuts,40,29/11/2024,3,No,Yes
98559,9006,Soybean,50,11/01/2025,55,No,Yes
93568,9025,Soybean,25,09/01/2025,15,Yes,Yes
88602,9030,Soybean,25,01/01/2025,45,Yes,Yes
104330,9036,Beans,20,06/02/2025,10,Yes,Yes
104333,9042,Beans,40,06/02/2025,10,Yes,Yes
80493,9052,Soybean,50,13/12/2024,50,Yes,Yes
104244,9067,Beans,20,07/02/2025,65,No,Yes
104070,9074,Beans,60,03/03/2025,50,No,Yes
80602,9103,Soybean,50,20/11/2024,55,Yes,Yes
104168,9106,Beans,20,02/02/2025,50,No,Yes
103846,9113,Beans,20,15/02/2025,65,No,Yes
104093,9118,Beans,20,05/03/2025,45,No,Yes
92400,9131,Soybean,50,15/12/2024,70,Yes,Yes
104258,9194,Beans,20,02/02/2025,45,No,Yes
104269,9195,Beans,20,03/02/2025,50,No,Yes
104273,9205,Beans,20,06/02/2025,50,No,Yes
96694,9213,Soybean,25,08/01/2025,50,Yes,Yes
96696,9215,Soybean,25,12/12/2024,60,Yes,Yes
104326,9224,Beans,40,12/02/2025,10,Yes,Yes
94880,9238,Soybean,50,13/01/2025,50,Yes,Yes
79630,9239,Groundnuts,20,11/12/2024,45,Yes,Yes
80267,9243,Groundnuts,20,01/12/2024,45,Yes,Yes
89977,9262,Soybean,25,04/01/2025,60,Yes,Yes
98049,9276,Soybean,25,02/01/2025,65,Yes,Yes
98055,9279,Soybean,25,08/12/2024,65,Yes,Yes
95630,9280,Soybean,50,14/12/2024,65,Yes,Yes
99029,9287,Soybean,25,10/01/2025,50,Yes,Yes
93348,9293,Soybean,25,03/01/2025,50,Yes,Yes
89575,9324,Soybean,2,21/12/2024,50,Yes,Yes
87942,9329,Soybean,25,21/11/2024,50,Yes,Yes
96923,9353,Soybean,19,11/01/2025,50,Yes,Yes
101920,9354,Beans,20,06/02/2025,10,Yes,Yes
79825,9380,Groundnuts,20,20/12/2024,30,No,Yes
102101,9382,Beans,60,01/02/2025,15,No,Yes
101717,9383,Beans,20,04/02/2025,10,No,Yes
101692,9384,Beans,20,04/02/2025,15,No,Yes
79240,9398,Groundnuts,60,02/12/2024,50,No,Yes
82391,9406,Groundnuts,20,29/12/2024,50,No,Yes
88239,9416,Groundnuts,40,01/01/2025,50,No,Yes
84345,9420,Groundnuts,20,01/12/2024,50,No,Yes
94904,9432,Soybean,25,30/01/2025,5,Yes,Yes
90034,9440,Groundnuts,60,18/12/2024,50,Yes,Yes
104171,9456,Beans,20,07/02/2025,65,No,Yes
84898,9470,Soybean,25,31/12/2024,12,Yes,Yes
104201,9493,Beans,20,02/02/2025,45,No,Yes
102756,9494,Beans,20,04/02/2025,50,No,Yes
84228,9499,Groundnuts,20,24/11/2024,45,No,Yes
92898,9503,Soybean,6,25/12/2024,50,Yes,Yes
90763,9508,Soybean,25,29/12/2024,65,Yes,Yes
97238,9509,Soybean,25,09/01/2025,50,Yes,Yes
94352,9522,Soybean,25,01/01/2025,55,Yes,Yes
94354,9524,Soybean,25,05/01/2025,70,Yes,Yes
90265,9561,Groundnuts,20,28/11/2024,45,No,Yes
104272,9573,Beans,20,05/02/2025,55,No,Yes
82754,9578,Groundnuts,20,01/01/2025,3,No,Yes
85316,9579,Groundnuts,20,01/01/2025,6,No,Yes
94531,9586,Soybean,50,01/01/2025,50,Yes,Yes
85675,9591,Soybean,50,07/01/2025,40,Yes,Yes
101157,9638,Soybean,25,07/01/2025,50,Yes,Yes
85798,9661,Soybean,50,02/01/2025,45,Yes,Yes
88837,9667,Soybean,75,29/12/2024,50,Yes,Yes
103852,9669,Beans,40,09/02/2025,50,No,Yes
103855,9680,Beans,20,01/02/2025,50,No,Yes
109131,9723,Beans,80,19/02/2025,60,No,Yes
101919,9729,Beans,60,10/02/2025,15,No,Yes
101947,9734,Beans,40,03/02/2025,15,No,Yes
102646,9735,Beans,40,05/02/2025,15,No,Yes
101722,9736,Beans,40,09/02/2025,12,No,Yes
101689,9737,Beans,20,01/02/2025,10,No,Yes
86675,9740,Groundnuts,20,31/12/2024,45,No,Yes
103821,9744,Beans,20,07/02/2025,50,No,Yes
103741,9763,Beans,40,20/02/2025,75,No,Yes
105980,9775,Beans,40,01/02/2025,10,Yes,Yes
106169,9777,Beans,20,05/03/2025,15,Yes,Yes
111922,9780,Beans,60,03/02/2025,10,No,Yes
105998,9781,Beans,20,05/02/2025,10,No,Yes
103872,9784,Beans,60,08/02/2025,50,No,Yes
98409,9789,Soybean,50,10/12/2024,56,No,Yes
103845,9804,Beans,40,12/02/2025,65,No,Yes
103861,9805,Beans,60,04/02/2025,50,No,Yes
103752,9828,Beans,40,02/02/2025,60,No,Yes
103914,9843,Beans,80,07/02/2025,50,No,Yes
87943,9845,Soybean,50,23/11/2024,50,Yes,Yes
117734,9851,Beans,40,25/02/2025,60,No,Yes
99043,9854,Soybean,50,13/12/2024,50,Yes,Yes
91980,9896,Soybean,25,04/01/2025,50,Yes,Yes
100862,9900,Soybean,25,30/12/2024,50,Yes,Yes
105022,9914,Beans,40,12/02/2025,15,No,Yes
101951,9920,Beans,60,08/02/2025,15,No,Yes
101721,9925,Beans,60,07/02/2025,12,No,Yes
102136,9931,Beans,40,07/02/2025,15,No,Yes
108372,9941,Beans,20,03/02/2025,80,No,Yes
94372,9956,Soybean,25,21/12/2024,70,Yes,Yes
102154,9957,Beans,40,04/02/2025,60,No,Yes
102156,9959,Beans,20,03/02/2025,60,No,Yes
89574,9975,Soybean,2,20/12/2024,50,Yes,Yes
89573,9976,Soybean,2,19/12/2024,50,Yes,Yes
103587,9981,Beans,20,04/02/2025,75,No,Yes
108380,9982,Beans,20,03/02/2025,75,No,Yes
103302,9984,Beans,20,05/02/2025,80,No,Yes
99030,9986,Soybean,25,13/12/2024,70,Yes,Yes
100886,9996,Soybean,25,18/01/2025,50,Yes,Yes
89727,,Soybean,25,11/12/2024,50,Yes,Yes
87859,4716,Soybean,50,18/12/2024,50,Yes,Yes
90061,4722,Groundnuts,20,22/12/2024,50,Yes,Yes
91596,4724,Groundnuts,20,08/12/2024,30,Yes,Yes
87860,4771,Soybean,100,09/11/2024,50,Yes,Yes
84258,4772,Soybean,50,29/11/2024,45,Yes,Yes
79942,4774,Soybean,25,26/11/2024,50,Yes,Yes
97507,4777,Soybean,50,02/01/2025,50,Yes,Yes
79944,4780,Soybean,25,22/11/2024,55,Yes,Yes
97934,4781,Soybean,50,24/11/2024,50,Yes,Yes
110526,4788,Beans,40,26/02/2025,45,No,Yes
99479,32665,Soybean,25,15/01/2025,50,Yes,Yes
95960,32666,Soybean,25,12/12/2024,38,No,Yes
95996,32671,Soybean,25,26/11/2024,40,Yes,Yes
99497,32676,Soybean,25,14/12/2024,30,Yes,Yes
95269,32680,Soybean,25,29/12/2024,49,Yes,Yes
108421,32688,Beans,20,05/02/2025,30,No,Yes
103759,32702,Beans,20,05/02/2025,45,No,No
104393,32705,Beans,20,07/02/2025,60,No,Yes
102621,32711,Beans,20,04/02/2025,75,No,Yes
104107,32731,Beans,20,07/03/2025,50,No,Yes
94441,32752,Soybean,25,30/12/2024,15,Yes,Yes
109838,32758,Beans,20,01/02/2025,3,Yes,Yes
80025,32760,Soybean,50,09/12/2024,45,Yes,Yes
83072,32762,Soybean,25,25/12/2024,50,No,Yes
95978,32765,Soybean,25,05/01/2025,45,Yes,Yes
95986,32769,Soybean,25,24/12/2024,45,Yes,Yes
88658,32783,Soybean,100,15/12/2024,45,Yes,Yes
112835,32786,Beans,20,05/02/2025,60,No,Yes
95974,32790,Soybean,25,20/12/2024,45,Yes,Yes
110525,4791,Beans,40,27/02/2025,45,No,Yes
79935,4817,Soybean,50,21/11/2024,55,Yes,Yes
91597,4830,Groundnuts,20,09/12/2024,25,Yes,Yes
91590,4833,Groundnuts,20,09/12/2024,50,Yes,Yes
91593,4834,Groundnuts,40,15/11/2024,9,Yes,Yes
87861,4859,Soybean,25,19/12/2024,45,Yes,Yes
86731,4864,Soybean,50,26/12/2024,55,Yes,Yes
87874,4872,Soybean,50,15/11/2024,50,Yes,Yes
82935,4882,Soybean,25,11/12/2024,55,Yes,Yes
96006,32794,Soybean,25,08/01/2025,50,Yes,Yes
99499,32799,Soybean,25,14/12/2024,54,Yes,Yes
95337,32805,Soybean,25,15/01/2025,50,No,Yes
99116,32812,Soybean,25,24/12/2024,50,No,Yes
89017,32832,Soybean,25,25/12/2024,45,No,Yes
93848,32836,Groundnuts,20,29/11/2024,20,No,Yes
83022,32838,Soybean,25,24/12/2024,45,Yes,Yes
111395,32842,Beans,40,21/02/2025,60,No,Yes
92717,32849,Soybean,25,25/12/2024,49,No,Yes
92718,32850,Soybean,25,25/12/2024,50,No,Yes
96942,32856,Soybean,50,10/11/2024,45,Yes,Yes
90714,32867,Groundnuts,20,27/11/2024,50,No,Yes
118510,32889,Beans,20,05/03/2025,60,No,Yes
110604,32893,Beans,20,15/02/2025,55,No,Yes
108935,32898,Beans,20,14/02/2025,60,No,Yes
114479,32900,Beans,40,22/02/2025,60,No,Yes
81220,3291,Soybean,75,08/11/2024,50,Yes,Yes
119222,32916,Beans,20,16/02/2025,60,No,No
104231,32917,Beans,20,03/02/2025,45,No,Yes
104228,32919,Beans,20,02/02/2025,45,No,Yes
104221,32923,Beans,20,02/02/2025,60,No,Yes
99020,32929,Groundnuts,20,18/01/2025,70,No,Yes
91496,32938,Groundnuts,20,26/11/2024,2,No,Yes
86725,4887,Soybean,25,28/11/2024,55,Yes,Yes
87875,4889,Soybean,25,20/11/2024,45,Yes,Yes
89571,4898,Soybean,1,17/12/2024,50,Yes,Yes
103204,4909,Beans,20,03/02/2025,10,No,Yes
112189,4915,Beans,20,07/03/2025,11,No,No
102784,4940,Beans,20,02/02/2025,60,No,Yes
91745,4944,Soybean,50,03/01/2025,50,Yes,Yes
87933,4975,Soybean,50,08/11/2024,45,Yes,Yes
83707,4977,Soybean,50,22/11/2024,55,Yes,Yes
86733,4980,Soybean,50,28/11/2024,55,Yes,Yes
79943,4983,Soybean,50,22/11/2024,50,Yes,Yes
82931,4987,Soybean,50,20/11/2024,55,Yes,Yes
79614,4989,Soybean,50,23/11/2024,50,Yes,Yes
79608,4994,Soybean,25,22/11/2024,55,Yes,Yes
97933,4995,Soybean,2,16/11/2024,45,Yes,Yes
97929,4997,Soybean,25,24/11/2024,50,Yes,Yes
79932,4998,Soybean,25,22/11/2024,50,Yes,Yes
92858,5006,Soybean,3,13/12/2024,50,Yes,Yes
110200,5010,Beans,120,19/02/2025,60,No,Yes
110199,5012,Beans,80,17/02/2025,60,No,Yes
110205,5019,Beans,20,18/02/2025,55,No,Yes
109690,5030,Beans,40,27/02/2025,50,No,Yes
109688,5039,Beans,40,20/02/2025,55,No,Yes
79626,5070,Groundnuts,20,18/12/2024,30,No,Yes
80955,5080,Groundnuts,20,29/11/2024,15,No,Yes
80953,5088,Groundnuts,20,03/12/2024,35,No,Yes
87413,5102,Soybean,25,12/12/2024,60,No,No
87356,5105,Soybean,25,17/12/2024,60,No,No
87376,5111,Soybean,25,20/12/2024,60,No,No
82191,5112,Soybean,25,28/12/2024,60,Yes,Yes
82194,5114,Soybean,25,30/12/2024,60,Yes,Yes
78729,5121,Groundnuts,20,01/12/2024,3,No,Yes
90308,32940,Groundnuts,20,22/11/2024,50,No,Yes
94297,32941,Groundnuts,20,26/11/2024,1,No,No
82899,32945,Groundnuts,20,02/01/2025,50,No,Yes
100633,32946,Groundnuts,20,10/01/2025,70,No,Yes
83402,32955,Groundnuts,20,22/11/2024,45,No,Yes
98871,3296,Soybean,25,12/01/2025,45,Yes,Yes
97683,3298,Soybean,25,15/01/2025,50,Yes,Yes
94879,3299,Soybean,50,18/01/2025,15,Yes,Yes
79180,5127,Groundnuts,20,29/11/2024,35,No,Yes
79732,5128,Groundnuts,20,28/11/2024,45,No,Yes
79779,5130,Groundnuts,20,29/11/2024,35,No,Yes
118981,5138,Beans,60,20/02/2025,60,No,Yes
81757,5167,Soybean,25,26/12/2024,30,Yes,Yes
108750,5175,Beans,80,18/02/2025,60,No,Yes
119379,5180,Beans,20,20/02/2025,60,No,Yes
119385,5181,Beans,40,19/02/2025,60,No,Yes
117753,5192,Beans,20,25/02/2025,60,No,Yes
110524,5193,Beans,40,13/02/2025,50,No,Yes
78760,5203,Groundnuts,20,03/12/2024,45,No,Yes
89925,32991,Groundnuts,40,28/11/2024,45,No,Yes
84592,32996,Soybean,25,31/12/2024,60,Yes,Yes
87260,33001,Soybean,25,30/11/2024,50,Yes,Yes
84586,33008,Soybean,25,20/12/2024,60,Yes,Yes
98884,3303,Soybean,25,10/01/2025,50,Yes,Yes
98381,33030,Soybean,25,07/01/2025,35,No,Yes
97689,3307,Soybean,25,12/12/2024,50,Yes,Yes
113628,33074,Beans,20,07/02/2025,60,No,Yes
94512,33076,Soybean,25,06/01/2025,70,Yes,Yes
94444,33080,Soybean,25,12/12/2024,15,Yes,Yes
110515,5220,Beans,40,21/02/2025,50,No,Yes
108980,5245,Beans,40,14/02/2025,60,No,Yes
79185,5249,Groundnuts,20,02/12/2024,35,No,Yes
108288,5261,Beans,40,12/02/2025,60,No,Yes
108289,5269,Beans,40,15/02/2025,60,No,Yes
107853,5270,Beans,40,08/02/2025,70,No,Yes
79144,5293,Soybean,25,10/12/2024,50,Yes,Yes
86641,5336,Soybean,50,18/12/2024,50,Yes,Yes
87809,5348,Soybean,100,10/11/2024,50,Yes,Yes
87940,5358,Soybean,25,04/12/2024,50,Yes,Yes
97675,5369,Soybean,50,15/11/2024,50,Yes,Yes
95108,33097,Soybean,25,23/12/2024,40,No,Yes
95101,33099,Soybean,25,23/12/2024,40,No,Yes
96686,3310,Soybean,50,14/01/2025,45,Yes,Yes
95111,33104,Soybean,25,16/12/2024,40,No,Yes
104438,33144,Beans,20,06/02/2025,50,Yes,Yes
86017,33154,Soybean,25,02/01/2025,3,Yes,Yes
85398,33156,Soybean,25,03/01/2025,4,Yes,Yes
86659,33162,Soybean,25,02/01/2025,4,Yes,Yes
85368,33171,Soybean,25,04/01/2025,3,Yes,Yes
86475,33172,Soybean,50,01/01/2025,5,Yes,Yes
95085,3318,Soybean,50,10/01/2025,17,Yes,Yes
86998,33182,Soybean,50,03/01/2025,4,Yes,Yes
86667,33196,Soybean,25,03/01/2025,4,Yes,Yes
85970,33199,Soybean,25,04/01/2025,5,Yes,Yes
93283,33206,Soybean,25,23/12/2024,50,No,Yes
80716,33209,Groundnuts,20,10/12/2024,45,Yes,Yes
90809,33211,Soybean,25,07/01/2025,60,Yes,Yes
94887,3323,Soybean,25,18/01/2025,15,Yes,Yes
86672,33232,Soybean,25,03/01/2025,4,Yes,Yes
95356,33239,Soybean,50,02/01/2025,50,No,Yes
95359,33242,Soybean,25,02/01/2025,50,No,Yes
86642,5381,Soybean,25,14/12/2024,50,Yes,Yes
92864,5405,Soybean,3,12/12/2024,50,Yes,Yes
90044,5423,Soybean,25,03/01/2025,49,Yes,Yes
100972,5425,Soybean,25,03/01/2025,50,Yes,Yes
86065,5441,Soybean,25,01/01/2025,50,Yes,Yes
78963,5475,Groundnuts,20,02/12/2024,2,No,Yes
88724,33247,Soybean,25,03/01/2025,50,No,Yes
102916,33251,Beans,20,08/02/2025,90,No,Yes
94145,3327,Soybean,50,28/12/2024,60,Yes,Yes
90014,33271,Soybean,50,02/01/2025,45,Yes,Yes
107467,33276,Beans,40,01/02/2025,10,Yes,Yes
108513,33279,Beans,20,14/02/2025,80,No,No
102626,33280,Beans,20,06/02/2025,60,No,Yes
97552,33281,Soybean,25,01/01/2025,50,No,Yes
97553,33282,Soybean,25,04/01/2025,50,No,Yes
103613,33285,Beans,20,02/02/2025,60,No,Yes
87000,33286,Soybean,25,03/01/2025,4,Yes,Yes
115585,33287,Beans,20,01/02/2025,50,No,Yes
98852,3335,Soybean,25,18/12/2024,65,Yes,Yes
96593,3340,Soybean,50,28/12/2024,60,Yes,Yes
94158,3341,Soybean,25,30/12/2024,60,Yes,Yes
97557,33411,Soybean,25,08/01/2025,50,No,Yes
97576,33413,Soybean,25,02/01/2025,45,No,Yes
94116,3344,Soybean,25,04/01/2025,60,Yes,Yes
96480,33443,Soybean,25,18/12/2024,40,No,Yes
96565,33446,Soybean,25,16/12/2024,40,No,Yes
93708,3345,Soybean,25,16/01/2025,60,Yes,Yes
85564,33459,Soybean,25,28/12/2024,45,Yes,Yes
79006,5477,Groundnuts,20,02/12/2024,35,No,Yes
79001,5480,Groundnuts,20,29/11/2024,45,No,Yes
101696,5488,Beans,20,05/02/2025,70,Yes,Yes
101766,5489,Beans,20,04/02/2025,75,No,Yes
101698,5495,Beans,20,09/02/2025,60,No,Yes
102150,5512,Beans,20,04/02/2025,50,No,Yes
101871,5516,Beans,20,01/02/2025,8,No,Yes
101885,5517,Beans,40,03/02/2025,8,No,Yes
101872,5518,Beans,40,05/02/2025,8,No,Yes
78787,5560,Groundnuts,20,14/11/2024,45,No,Yes
83770,5574,Groundnuts,40,03/12/2024,45,No,Yes
101978,5581,Beans,40,03/02/2025,60,No,Yes
100711,5590,Soybean,25,15/12/2024,50,Yes,Yes
97477,5607,Soybean,25,06/12/2024,50,Yes,Yes
97479,5608,Soybean,25,15/12/2024,50,Yes,Yes
99774,5619,Soybean,25,08/01/2025,60,Yes,Yes
100777,5621,Soybean,25,28/12/2024,60,Yes,Yes
100781,5624,Soybean,25,01/01/2025,50,Yes,Yes
100783,5628,Soybean,25,31/12/2024,50,Yes,Yes
101805,5629,Beans,20,01/02/2025,60,No,Yes
109791,5630,Beans,20,03/02/2025,60,No,Yes
102119,5632,Beans,60,10/02/2025,60,No,Yes
99045,5633,Soybean,50,18/12/2024,50,Yes,Yes
101809,5636,Beans,20,01/02/2025,60,No,Yes
109790,5645,Beans,20,03/02/2025,60,No,Yes
107953,5646,Beans,20,05/03/2025,60,No,Yes
102128,5647,Beans,20,08/02/2025,60,No,Yes
89343,5659,Soybean,25,28/11/2024,56,Yes,Yes
97657,5666,Soybean,50,02/01/2025,50,Yes,Yes
89340,5670,Soybean,25,23/11/2024,56,Yes,Yes
88011,5687,Soybean,25,26/12/2024,50,Yes,Yes
97673,5724,Sunflower,5,08/01/2025,60,No,Yes
96559,33492,Soybean,25,16/12/2024,40,No,Yes
96534,33494,Soybean,25,27/12/2024,39,No,Yes
96557,33496,Soybean,25,22/12/2024,40,No,Yes
94012,3350,Soybean,75,07/12/2024,70,Yes,Yes
96494,33502,Soybean,25,20/12/2024,40,No,Yes
118349,33525,Beans,20,20/02/2025,60,No,No
80097,33529,Soybean,25,12/12/2024,45,Yes,Yes
97688,3353,Soybean,25,18/12/2024,65,Yes,Yes
80096,33532,Soybean,25,10/12/2024,45,Yes,Yes
96529,33552,Soybean,25,22/12/2024,40,No,Yes
96487,33554,Soybean,25,26/12/2024,40,No,Yes
108541,5836,Beans,20,16/02/2025,50,No,Yes
103026,5857,Beans,20,06/02/2025,60,No,Yes
104632,5860,Beans,40,04/02/2025,60,No,Yes
104635,5864,Beans,40,04/02/2025,60,No,Yes
103448,5868,Beans,20,09/03/2025,60,No,Yes
98784,5915,Maize,10,15/12/2024,75,No,Yes
97396,5989,Soybean,25,24/12/2024,50,Yes,Yes
96528,33555,Soybean,25,16/12/2024,40,No,Yes
96495,33556,Soybean,25,29/12/2024,30,No,Yes
91197,3356,Soybean,20,14/12/2024,55,Yes,Yes
90437,3358,Soybean,25,02/01/2025,60,Yes,Yes
95018,33584,Soybean,25,03/01/2025,50,No,Yes
89604,3359,Soybean,25,28/12/2024,70,Yes,Yes
96520,33612,Soybean,25,16/12/2024,40,No,Yes
96555,33616,Soybean,25,18/12/2024,40,No,Yes
96569,33619,Soybean,25,19/12/2024,40,No,Yes
93226,33665,Soybean,25,30/12/2024,50,No,Yes
95729,33667,Soybean,25,03/01/2025,50,No,Yes
98569,5995,Soybean,25,01/01/2025,50,Yes,Yes
98574,6013,Soybean,50,01/01/2025,45,Yes,Yes
82765,6020,Groundnuts,20,30/11/2024,6,No,Yes
79579,6022,Groundnuts,20,02/12/2024,3,No,Yes
78712,6037,Groundnuts,20,04/12/2024,3,No,Yes
100225,6045,Soybean,25,09/12/2024,60,Yes,Yes
89354,6054,Soybean,50,07/01/2025,50,Yes,Yes
97485,6056,Soybean,25,11/01/2025,50,Yes,Yes
91293,6058,Soybean,25,12/01/2025,50,Yes,Yes
97486,6062,Soybean,25,03/01/2025,60,Yes,Yes
103248,6066,Beans,40,04/02/2025,45,No,Yes
101859,33672,Beans,20,06/02/2025,10,Yes,Yes
95480,3370,Soybean,25,01/01/2025,60,Yes,Yes
85763,3380,Soybean,25,27/12/2024,62,Yes,Yes
109068,33809,Beans,10,07/02/2025,7,No,Yes
109067,33812,Beans,10,05/02/2025,7,No,Yes
88453,33814,Groundnuts,20,24/12/2024,75,No,Yes
95021,33816,Soybean,75,02/01/2025,50,No,Yes
111710,33829,Beans,10,05/02/2025,7,No,Yes
119613,33838,Beans,20,10/03/2025,75,Yes,Yes
86803,33847,Groundnuts,30,22/12/2024,75,No,Yes
81840,6070,Groundnuts,20,22/12/2024,45,Yes,Yes
82058,6074,Groundnuts,20,11/12/2024,45,Yes,Yes
81842,6088,Groundnuts,20,23/12/2024,30,Yes,Yes
79633,6089,Groundnuts,20,10/12/2024,45,Yes,Yes
100717,6119,Soybean,25,15/12/2024,50,Yes,Yes
100297,6124,Soybean,25,28/12/2024,50,Yes,Yes
93504,6132,Soybean,100,11/12/2024,50,Yes,Yes
95653,6142,Soybean,25,28/12/2024,45,Yes,Yes
95638,6145,Soybean,100,05/12/2024,45,Yes,Yes
95643,6146,Soybean,25,28/12/2024,50,Yes,Yes
95655,6147,Soybean,25,07/01/2025,45,Yes,Yes
101530,6151,Soybean,25,12/12/2024,45,Yes,Yes
88497,33849,Groundnuts,20,22/12/2024,75,No,Yes
90432,3385,Soybean,25,27/12/2024,55,Yes,Yes
109072,33850,Beans,10,07/02/2025,7,No,Yes
88498,33850,Groundnuts,20,22/12/2024,75,No,Yes
88457,33851,Groundnuts,20,23/12/2024,75,No,Yes
109237,33856,Beans,10,06/02/2025,7,No,Yes
109241,33857,Beans,10,06/02/2025,7,No,Yes
109259,33862,Beans,10,07/02/2025,7,No,Yes
88458,33864,Groundnuts,20,23/12/2024,75,No,Yes
88459,33865,Groundnuts,40,23/12/2024,75,No,Yes
104263,33869,Beans,20,03/02/2025,50,No,Yes
80820,3387,Soybean,25,07/12/2024,55,Yes,Yes
90285,3388,Soybean,25,02/01/2025,55,Yes,Yes
88495,33903,Groundnuts,20,22/12/2024,75,No,Yes
107414,33904,Beans,10,08/02/2025,7,No,Yes
86805,33906,Groundnuts,20,23/12/2024,75,No,Yes
107413,33908,Beans,10,08/02/2025,1,No,Yes
107411,33910,Beans,10,07/02/2025,1,No,Yes
107410,33912,Beans,10,06/02/2025,1,No,Yes
86812,33913,Groundnuts,20,24/12/2024,75,No,Yes
104381,33917,Beans,40,06/02/2025,60,No,Yes
109088,33920,Beans,10,08/02/2025,7,No,Yes
93488,6152,Soybean,50,11/12/2024,50,Yes,Yes
91390,6156,Soybean,100,26/11/2024,45,Yes,Yes
97480,6163,Soybean,25,26/11/2024,45,Yes,Yes
92268,6172,Soybean,50,26/12/2024,45,Yes,Yes
99848,6225,Soybean,25,03/01/2025,65,No,Yes
101365,6230,Soybean,25,13/12/2024,60,Yes,Yes
101063,6234,Soybean,25,13/01/2025,55,Yes,Yes
93603,6239,Soybean,50,29/12/2024,60,No,Yes
92221,6259,Soybean,25,01/01/2025,50,No,Yes
92206,6261,Soybean,50,12/12/2024,65,No,Yes
86823,33920,Groundnuts,20,22/12/2024,75,No,Yes
109086,33922,Beans,10,08/02/2025,7,No,Yes
88756,33924,Groundnuts,20,22/12/2024,75,No,Yes
109082,33926,Beans,10,06/02/2025,7,No,Yes
84963,33931,Groundnuts,20,02/01/2025,65,No,No
109650,33936,Beans,35,06/02/2025,35,No,Yes
105602,33993,Beans,40,02/02/2025,60,No,Yes
119307,33997,Beans,20,15/03/2025,50,No,Yes
109044,34037,Beans,40,17/02/2025,60,No,Yes
110510,34038,Beans,80,18/02/2025,60,No,Yes
109177,34040,Beans,40,19/02/2025,60,No,Yes
92282,6271,Soybean,50,11/12/2024,55,No,Yes
93607,6272,Soybean,50,30/12/2024,65,No,Yes
101443,6280,Soybean,25,03/01/2025,60,Yes,Yes
99283,6281,Soybean,25,13/12/2024,55,Yes,No
92287,6282,Soybean,50,12/12/2024,50,No,Yes
81081,6314,Soybean,25,12/12/2024,65,Yes,Yes
89075,6341,Soybean,25,09/12/2024,60,Yes,Yes
80586,6351,Soybean,25,30/11/2024,60,Yes,Yes
80585,6354,Soybean,25,11/12/2024,60,Yes,Yes
89190,6355,Soybean,25,27/11/2024,45,Yes,Yes
81270,6358,Soybean,25,10/12/2024,50,Yes,Yes
90410,6359,Soybean,25,13/12/2024,50,Yes,Yes
108337,6373,Beans,20,21/02/2025,60,No,Yes
83218,6375,Soybean,50,11/12/2024,60,Yes,Yes
88215,6376,Soybean,25,09/12/2024,60,Yes,Yes
81271,6379,Soybean,25,13/12/2024,60,Yes,Yes
80976,6383,Soybean,25,11/12/2024,70,Yes,Yes
90411,6384,Soybean,25,16/12/2024,50,Yes,Yes
85129,6386,Soybean,1,20/12/2024,50,Yes,Yes
97458,6399,Soybean,25,10/12/2024,50,Yes,Yes
104216,34082,Beans,20,04/02/2025,60,No,Yes
104191,34083,Beans,20,02/02/2025,50,No,Yes
89283,3412,Soybean,100,01/12/2024,50,Yes,Yes
95956,34134,Soybean,25,21/12/2024,7,Yes,Yes
99472,34145,Soybean,25,24/12/2024,60,Yes,Yes
103921,34153,Beans,20,05/02/2025,45,No,Yes
104307,34161,Beans,20,09/02/2025,45,No,Yes
98565,34211,Soybean,25,23/12/2024,50,No,Yes
96047,34214,Soybean,25,19/12/2024,50,No,Yes
96040,34218,Soybean,25,28/12/2024,50,No,Yes
92007,34221,Soybean,125,22/12/2024,50,Yes,Yes
96991,34222,Soybean,25,03/01/2025,50,No,Yes
96046,34224,Soybean,25,20/12/2024,50,No,Yes
92186,34225,Soybean,50,30/12/2024,50,No,Yes
93228,34229,Soybean,25,26/12/2024,50,No,Yes
95365,34240,Soybean,25,08/01/2025,50,No,Yes
95170,3431,Soybean,25,07/01/2025,50,Yes,Yes
98207,3432,Soybean,25,08/01/2025,50,Yes,Yes
105278,34325,Beans,10,10/02/2025,10,No,Yes
109173,34327,Beans,10,13/02/2025,10,No,Yes
105709,34331,Beans,10,13/02/2025,10,No,Yes
84982,34333,Groundnuts,30,25/12/2024,75,No,Yes
88573,34335,Groundnuts,15,31/12/2024,75,No,Yes
100697,6400,Soybean,25,07/01/2025,50,Yes,Yes
93057,6411,Soybean,25,14/12/2024,45,Yes,Yes
89188,6421,Soybean,50,07/01/2025,50,Yes,Yes
90422,6423,Soybean,25,11/12/2024,60,Yes,Yes
90404,6446,Soybean,25,04/01/2025,60,Yes,Yes
90453,6453,Soybean,25,08/01/2025,60,Yes,Yes
80748,6461,Soybean,25,15/12/2024,60,Yes,Yes
96963,6462,Soybean,2,01/01/2025,10,No,Yes
80456,6463,Groundnuts,20,01/12/2024,45,No,Yes
101223,6507,Soybean,2,15/01/2025,10,No,Yes
108983,6570,Beans,20,10/02/2025,60,No,Yes
89753,6583,Soybean,25,03/01/2025,55,Yes,Yes
89754,6584,Soybean,25,03/01/2025,65,Yes,Yes
91353,6607,Soybean,50,24/12/2024,60,Yes,No
91354,6608,Soybean,50,23/12/2024,60,Yes,Yes
88665,6618,Soybean,50,09/12/2024,60,Yes,Yes
88667,6619,Soybean,25,29/12/2024,60,Yes,Yes
89147,6622,Soybean,50,14/12/2024,60,Yes,Yes
90276,6625,Soybean,25,01/01/2025,60,Yes,Yes
90477,6631,Soybean,25,01/01/2025,60,Yes,Yes
98470,3434,Soybean,50,17/01/2025,50,Yes,Yes
114478,34344,Beans,40,26/02/2025,60,No,Yes
114487,34345,Beans,40,26/02/2025,60,No,Yes
114484,34346,Beans,40,27/02/2025,60,No,Yes
97561,34357,Soybean,25,02/01/2025,50,No,Yes
100248,34358,Soybean,25,06/01/2025,60,Yes,Yes
104310,34360,Beans,20,05/02/2025,50,No,Yes
104112,34367,Beans,45,01/02/2025,50,No,Yes
104288,34375,Beans,20,01/02/2025,45,No,Yes
93287,34381,Soybean,25,03/01/2025,50,No,Yes
108974,34387,Beans,10,07/02/2025,60,No,Yes
88551,34388,Groundnuts,20,27/12/2024,75,No,Yes
93285,34391,Soybean,25,03/01/2025,50,Yes,Yes
95028,34395,Soybean,50,08/01/2025,40,No,Yes
108082,34402,Beans,10,15/02/2025,60,No,Yes
101156,3447,Soybean,25,14/12/2024,50,Yes,Yes
87609,34482,Groundnuts,15,28/12/2024,75,No,Yes
107790,34487,Beans,10,08/02/2025,60,No,Yes
107791,34488,Beans,10,10/02/2025,60,No,Yes
86581,34488,Groundnuts,30,24/12/2024,75,No,Yes
107801,34491,Beans,10,07/02/2025,60,No,Yes
89045,34498,Groundnuts,30,25/12/2024,75,No,Yes
88237,34502,Groundnuts,30,26/12/2024,75,No,Yes
81614,6643,Soybean,25,19/01/2025,50,No,Yes
94514,6657,Soybean,25,05/01/2025,58,Yes,Yes
94295,6659,Soybean,25,30/12/2024,65,Yes,Yes
94314,6665,Soybean,25,03/01/2025,55,Yes,Yes
94318,6671,Soybean,25,04/01/2025,60,Yes,Yes
109164,6681,Beans,40,18/02/2025,60,No,Yes
109165,6684,Beans,40,18/02/2025,60,No,Yes
90808,6686,Soybean,50,23/11/2024,60,Yes,Yes
90812,6690,Soybean,25,12/12/2024,60,Yes,Yes
91238,6695,Soybean,50,11/12/2024,60,Yes,Yes
90805,6698,Soybean,25,04/01/2025,60,Yes,Yes
90152,6700,Soybean,25,18/11/2024,60,Yes,Yes
97660,6717,Soybean,3,03/01/2025,10,No,Yes
98866,6726,Soybean,2,27/12/2024,10,No,Yes
81765,6731,Soybean,25,11/12/2024,50,Yes,Yes
93816,6737,Soybean,25,31/12/2024,50,Yes,Yes
83771,6740,Groundnuts,20,27/12/2024,45,No,Yes
100715,6743,Soybean,25,01/01/2025,50,Yes,Yes
97650,6774,Soybean,25,18/12/2024,56,Yes,Yes
93900,6815,Groundnuts,20,30/12/2024,2,No,Yes
93485,6828,Soybean,25,01/01/2025,6,Yes,Yes
93506,6835,Soybean,25,07/01/2025,6,Yes,Yes
107775,34508,Beans,10,07/02/2025,60,No,Yes
95727,34515,Soybean,25,31/12/2024,50,No,Yes
94448,34520,Soybean,50,03/01/2025,35,No,No
100650,34521,Soybean,50,12/11/2024,50,No,Yes
100656,34522,Soybean,50,16/12/2024,50,No,No
100657,34523,Soybean,25,16/12/2024,50,No,No
88938,34524,Soybean,50,23/12/2024,60,No,No
91119,34537,Soybean,50,01/01/2025,50,No,Yes
91118,34538,Soybean,25,06/01/2025,50,No,Yes
89652,34539,Soybean,125,26/12/2024,45,No,Yes
100218,34563,Soybean,50,05/12/2024,50,Yes,No
100649,34570,Soybean,75,22/12/2024,50,No,Yes
100224,34574,Soybean,100,10/12/2024,30,No,No
100223,34577,Soybean,25,05/01/2025,30,No,No
103496,34587,Beans,20,04/02/2025,50,No,Yes
100659,34589,Soybean,50,16/12/2024,50,No,No
90756,3459,Soybean,25,04/12/2024,60,Yes,Yes
100219,34593,Soybean,50,05/12/2024,50,Yes,No
109157,34605,Beans,40,17/02/2025,60,No,Yes
85474,3461,Soybean,50,26/12/2024,45,Yes,Yes
107774,34612,Beans,10,08/02/2025,60,No,Yes
86574,34612,Groundnuts,30,24/12/2024,75,No,Yes
91642,6840,Soybean,25,01/01/2025,50,Yes,Yes
98428,6841,Soybean,25,04/01/2025,50,Yes,Yes
98423,6842,Soybean,25,08/12/2024,50,Yes,Yes
98420,6845,Soybean,25,07/01/2025,50,Yes,Yes
87699,6846,Soybean,25,30/12/2024,50,Yes,Yes
88491,6847,Soybean,25,31/12/2024,50,Yes,Yes
99937,6850,Soybean,25,07/01/2025,50,Yes,Yes
99578,6852,Soybean,50,05/01/2025,50,Yes,Yes
91644,6860,Soybean,25,06/01/2025,50,Yes,Yes
77833,6869,Groundnuts,20,25/11/2024,25,No,Yes
91264,6884,Soybean,75,21/12/2024,55,Yes,Yes
91267,6886,Soybean,25,02/01/2025,55,Yes,Yes
91266,6891,Soybean,50,18/12/2024,55,Yes,Yes
85213,6913,Groundnuts,20,03/12/2024,30,Yes,Yes
92697,6937,Soybean,25,09/01/2025,49,Yes,Yes
78793,6942,Groundnuts,40,17/11/2024,45,No,Yes
93640,6944,Groundnuts,20,03/12/2024,30,Yes,Yes
78797,6946,Groundnuts,20,15/11/2024,45,No,No
84791,6956,Groundnuts,20,17/12/2024,30,No,Yes
85171,6957,Groundnuts,40,18/11/2024,30,No,Yes
107787,34614,Beans,10,06/02/2025,60,No,Yes
107767,34615,Beans,10,08/02/2025,60,No,Yes
108089,34616,Beans,10,07/02/2025,60,No,Yes
88576,34617,Groundnuts,10,29/12/2024,75,No,Yes
86918,34618,Groundnuts,20,27/12/2024,75,No,Yes
86468,34620,Groundnuts,20,02/01/2025,75,No,Yes
108086,34621,Beans,10,08/02/2025,60,No,Yes
86919,34622,Groundnuts,20,29/12/2024,75,No,Yes
108084,34624,Beans,10,05/02/2025,60,No,Yes
87107,34624,Groundnuts,20,29/12/2024,75,No,Yes
108705,34626,Beans,40,25/02/2025,55,No,Yes
109735,34629,Beans,40,18/02/2025,50,No,Yes
83172,3463,Maize,10,22/12/2024,55,No,Yes
109736,34630,Beans,40,19/02/2025,55,No,Yes
109739,34633,Beans,40,17/02/2025,50,No,Yes
109741,34636,Beans,40,15/02/2025,55,No,Yes
109729,34638,Beans,40,19/02/2025,60,No,Yes
108515,34639,Beans,40,17/02/2025,60,Yes,Yes
82199,3464,Soybean,25,26/12/2024,45,Yes,Yes
82021,6958,Groundnuts,20,29/12/2024,30,No,Yes
79054,6960,Groundnuts,20,19/11/2024,3,No,Yes
82022,6963,Groundnuts,20,18/12/2024,30,No,Yes
80804,6972,Groundnuts,20,17/11/2024,30,Yes,Yes
81007,6973,Groundnuts,40,17/11/2024,30,Yes,Yes
79207,6979,Groundnuts,20,17/11/2024,45,No,Yes
84957,6985,Soybean,20,15/11/2024,45,Yes,Yes
93594,6994,Soybean,25,28/12/2024,6,Yes,Yes
101461,6996,Soybean,25,06/01/2025,47,Yes,Yes
95503,7013,Soybean,25,03/01/2025,45,No,Yes
95506,7018,Soybean,25,11/01/2025,55,No,Yes
100276,7022,Soybean,25,04/02/2025,48,No,Yes
95511,7026,Soybean,50,10/01/2025,55,No,Yes
97573,34651,Soybean,25,04/01/2025,50,No,Yes
97580,34652,Soybean,25,03/01/2025,51,No,Yes
93827,34653,Soybean,25,27/01/2025,20,Yes,Yes
88577,34656,Groundnuts,20,28/12/2024,75,No,Yes
87611,34658,Groundnuts,15,29/12/2024,75,No,Yes
87568,34659,Groundnuts,20,28/12/2024,75,No,Yes
86913,34664,Groundnuts,20,30/12/2024,75,No,Yes
90718,3467,Soybean,25,09/01/2025,45,Yes,Yes
107675,34673,Beans,10,06/02/2025,60,No,Yes
107674,34675,Beans,10,08/02/2025,60,No,Yes
92148,34678,Groundnuts,30,30/12/2024,75,No,Yes
92150,34684,Groundnuts,30,26/12/2024,75,No,Yes
92156,34688,Groundnuts,30,28/12/2024,75,No,Yes
106644,34693,Beans,20,22/01/2025,10,No,Yes
92163,34694,Groundnuts,30,29/12/2024,75,No,Yes
92153,34695,Groundnuts,30,27/12/2024,75,No,Yes
92160,34697,Groundnuts,90,27/12/2024,75,No,Yes
92162,34699,Groundnuts,30,27/12/2024,75,No,Yes
92962,3470,Soybean,50,06/01/2025,50,Yes,Yes
93288,34708,Soybean,200,08/01/2025,45,No,Yes
78086,3471,Soybean,25,11/12/2024,65,Yes,Yes
95516,7033,Soybean,25,16/01/2025,50,No,Yes
95517,7034,Soybean,25,09/01/2025,55,No,Yes
95579,7039,Soybean,25,01/01/2025,55,No,Yes
95581,7044,Soybean,25,15/01/2025,48,No,Yes
101453,7085,Soybean,50,07/12/2024,30,Yes,Yes
108529,7110,Beans,40,09/02/2025,20,No,Yes
104846,7116,Beans,60,02/02/2025,10,No,Yes
108821,7117,Beans,20,06/02/2025,30,No,Yes
107815,7121,Beans,100,20/02/2025,60,No,Yes
107816,7122,Beans,60,18/02/2025,60,No,Yes
93346,7141,Groundnuts,20,28/11/2024,35,Yes,Yes
99850,7146,Soybean,50,28/12/2024,47,Yes,Yes
99825,7160,Soybean,50,18/01/2025,50,Yes,Yes
99055,7166,Soybean,75,18/12/2024,50,Yes,Yes
108670,7184,Beans,40,21/02/2025,20,No,Yes
105007,7185,Beans,20,06/02/2025,10,No,Yes
105473,7191,Beans,40,13/02/2025,50,No,Yes
108846,7194,Beans,20,02/02/2025,30,No,Yes
102429,7195,Beans,20,18/02/2025,10,No,Yes
99643,7248,Soybean,25,09/01/2025,60,Yes,Yes
97709,7265,Soybean,25,29/12/2024,50,Yes,Yes
91096,34716,Soybean,50,04/01/2025,40,No,Yes
98382,34717,Soybean,25,14/01/2025,30,No,Yes
97565,34719,Soybean,25,07/01/2025,40,No,Yes
87020,34720,Groundnuts,30,24/12/2024,75,No,Yes
109301,34721,Beans,10,08/02/2025,60,No,Yes
109302,34725,Beans,10,08/02/2025,60,No,Yes
86779,34726,Groundnuts,30,24/12/2024,75,No,Yes
109304,34727,Beans,10,07/02/2025,60,No,Yes
87016,34727,Groundnuts,30,24/12/2024,75,No,Yes
95361,34731,Soybean,25,02/01/2025,50,No,Yes
93229,34733,Soybean,25,08/01/2025,50,No,Yes
91097,34735,Soybean,25,04/01/2025,50,No,Yes
94601,34743,Soybean,50,05/01/2025,40,No,Yes
94600,34746,Soybean,25,05/01/2025,45,No,Yes
115349,34791,Soybean,50,15/12/2024,50,No,Yes
97253,34819,Soybean,25,12/01/2025,45,No,Yes
92259,3482,Soybean,25,10/01/2025,50,Yes,Yes
96198,34825,Soybean,25,27/12/2024,50,No,Yes
96370,3483,Soybean,25,28/12/2024,60,Yes,Yes
96196,34831,Soybean,25,28/12/2024,50,No,Yes
113550,34833,Soybean,75,15/12/2024,35,No,No
115357,34838,Soybean,25,15/12/2024,40,No,No
115351,34839,Soybean,50,16/12/2024,40,No,No
115353,34840,Soybean,75,15/12/2024,35,No,No
98573,7268,Soybean,50,01/01/2025,45,Yes,Yes
98579,7271,Soybean,25,29/12/2024,45,Yes,Yes
97402,7282,Soybean,50,26/12/2024,50,Yes,Yes
92938,7298,Soybean,50,27/12/2024,55,Yes,Yes
97399,7303,Soybean,25,23/12/2024,50,Yes,Yes
97716,7309,Soybean,25,26/12/2024,50,Yes,Yes
97398,7310,Soybean,25,29/12/2024,45,Yes,Yes
80454,7314,Groundnuts,60,01/12/2024,15,No,Yes
100873,7333,Soybean,25,10/12/2024,50,Yes,Yes
93602,7381,Soybean,50,27/12/2024,5,Yes,Yes
93868,7387,Soybean,25,26/01/2025,5,Yes,Yes
93515,7403,Soybean,25,03/01/2025,50,Yes,Yes
96607,7412,Soybean,25,01/01/2025,5,Yes,Yes
96026,7415,Soybean,25,15/12/2024,55,Yes,Yes
90571,7425,Soybean,50,08/01/2025,50,Yes,Yes
95301,7432,Soybean,50,17/12/2024,50,Yes,Yes
95917,7447,Soybean,25,28/12/2024,55,Yes,Yes
95898,7449,Soybean,50,17/11/2024,55,Yes,Yes
92649,7474,Soybean,25,13/12/2024,50,Yes,Yes
89961,7492,Soybean,25,26/12/2024,50,Yes,Yes
93137,7494,Soybean,25,10/01/2025,50,Yes,Yes
78186,7497,Soybean,25,10/12/2024,50,Yes,Yes
91212,34890,Groundnuts,20,27/11/2024,20,No,Yes
90681,34905,Groundnuts,20,30/12/2024,1,No,Yes
109545,34906,Beans,40,02/03/2025,50,No,Yes
91216,34913,Groundnuts,20,29/11/2024,50,No,Yes
108600,34962,Beans,10,12/02/2025,10,No,Yes
97256,34966,Soybean,50,07/01/2025,45,No,Yes
85746,3497,Soybean,50,01/01/2025,45,Yes,Yes
93943,34977,Groundnuts,20,16/11/2024,20,No,Yes
100661,34980,Soybean,50,18/12/2024,50,No,No
94959,35000,Soybean,25,01/01/2025,50,No,Yes
96004,35023,Soybean,25,11/01/2025,30,Yes,Yes
96013,35025,Soybean,25,28/12/2024,50,Yes,Yes
86703,3503,Soybean,25,27/12/2024,50,Yes,Yes
99490,35036,Soybean,25,20/12/2024,60,Yes,Yes
96191,35045,Soybean,25,23/12/2024,50,No,Yes
96208,35050,Soybean,25,29/12/2024,50,No,Yes
97259,35099,Soybean,50,10/01/2025,45,No,Yes
97249,35101,Soybean,25,11/01/2025,50,No,Yes
97250,35102,Soybean,150,08/01/2025,45,No,Yes
102647,35149,Beans,20,02/02/2025,60,No,Yes
97387,7511,Soybean,50,09/12/2024,45,No,Yes
94022,7515,Soybean,50,09/12/2024,45,No,Yes
81752,7528,Soybean,50,10/12/2024,60,Yes,Yes
88827,7570,Soybean,25,22/12/2024,45,No,Yes
88260,7599,Soybean,25,09/12/2024,60,Yes,Yes
93038,7606,Soybean,50,12/12/2024,50,Yes,Yes
90705,7613,Soybean,25,19/12/2024,55,Yes,Yes
93036,7622,Soybean,25,11/12/2024,50,Yes,Yes
96708,7646,Soybean,25,03/01/2025,50,Yes,Yes
96710,7647,Soybean,25,02/01/2025,50,Yes,Yes
88490,7655,Soybean,25,04/01/2025,50,Yes,Yes
98208,7703,Soybean,25,17/01/2025,50,Yes,Yes
95171,7711,Soybean,25,07/01/2025,50,Yes,Yes
99395,7720,Soybean,75,10/12/2024,45,Yes,Yes
90480,7742,Soybean,25,20/12/2024,60,Yes,Yes
90418,7755,Soybean,50,07/01/2025,50,Yes,Yes
91537,7763,Soybean,75,23/12/2024,50,Yes,Yes
94877,7773,Soybean,50,09/12/2024,65,Yes,Yes
91716,7792,Soybean,25,02/01/2025,60,Yes,Yes
91683,7795,Soybean,50,08/01/2025,50,Yes,Yes
100875,7807,Soybean,25,28/12/2024,50,Yes,Yes
97009,7810,Soybean,25,15/12/2024,47,Yes,Yes
90440,7811,Soybean,25,03/01/2025,50,Yes,Yes
90312,7815,Soybean,50,28/12/2024,60,Yes,Yes
100884,7817,Soybean,25,30/11/2024,50,Yes,Yes
100881,7818,Soybean,25,10/01/2025,50,Yes,Yes
87989,7830,Soybean,25,26/12/2024,50,Yes,Yes
87979,7832,Soybean,25,26/12/2024,50,Yes,Yes
86073,7842,Soybean,25,23/12/2024,50,Yes,Yes
95348,7843,Soybean,25,20/12/2024,44,Yes,Yes
113549,35160,Soybean,50,15/12/2024,45,No,No
115356,35166,Soybean,50,16/12/2024,45,No,No
119343,35176,Beans,20,10/02/2025,90,Yes,No
119309,35178,Beans,20,08/02/2025,85,Yes,No
104185,35231,Beans,20,03/02/2025,50,No,Yes
104166,35237,Beans,20,04/02/2025,50,Yes,Yes
78065,3537,Soybean,25,11/12/2024,60,Yes,Yes
78415,3630,Soybean,25,12/12/2024,70,Yes,Yes
97457,3643,Soybean,75,10/12/2024,45,Yes,Yes
92675,3652,Soybean,25,03/01/2025,65,Yes,Yes
87355,3668,Soybean,25,11/12/2024,68,No,No
92652,3678,Soybean,50,26/12/2024,50,Yes,Yes
92657,3679,Soybean,50,26/12/2024,50,Yes,Yes
100728,3686,Soybean,50,02/01/2025,50,Yes,Yes
81337,3691,Soybean,50,12/12/2024,45,Yes,Yes
97491,3697,Soybean,50,02/01/2025,50,Yes,Yes
96647,3702,Soybean,25,04/01/2025,50,Yes,Yes
96633,3718,Soybean,25,02/01/2025,50,Yes,Yes
96648,3728,Soybean,50,02/01/2025,50,Yes,Yes
96636,3729,Soybean,25,04/01/2025,60,Yes,Yes
82467,3736,Soybean,1,26/12/2024,50,Yes,Yes
88122,7847,Soybean,25,12/12/2024,50,Yes,Yes
100864,7850,Soybean,25,19/11/2024,50,Yes,Yes
85771,7860,Soybean,75,07/01/2025,50,Yes,Yes
89700,7861,Soybean,25,16/12/2024,45,Yes,Yes
90279,7869,Soybean,25,01/01/2025,60,Yes,Yes
98281,7877,Soybean,25,08/01/2025,45,Yes,Yes
81672,7879,Soybean,50,15/12/2024,40,Yes,Yes
108823,7881,Beans,7,08/02/2025,20,No,Yes
101693,7911,Beans,60,04/02/2025,60,No,Yes
90781,7949,Soybean,25,13/12/2024,50,Yes,Yes
87373,3742,Soybean,25,12/12/2024,60,No,No
87412,3744,Soybean,25,19/12/2024,60,No,No
99663,3771,Soybean,50,01/01/2025,46,Yes,Yes
99821,3776,Soybean,25,06/01/2025,45,Yes,Yes
99805,3777,Soybean,50,08/01/2025,47,Yes,Yes
99228,3785,Soybean,75,08/12/2024,45,Yes,Yes
107950,3808,Beans,40,30/01/2025,45,No,Yes
87416,3810,Soybean,50,20/12/2024,60,No,No
93382,3834,Soybean,25,01/12/2024,45,Yes,Yes
101158,7953,Soybean,50,22/12/2024,60,Yes,Yes
92589,7968,Soybean,50,04/12/2024,60,Yes,Yes
89223,7973,Soybean,50,09/12/2024,60,Yes,Yes
90825,7981,Soybean,25,06/01/2025,60,Yes,Yes
90157,7987,Soybean,50,22/11/2024,60,Yes,Yes
91239,7993,Soybean,25,11/12/2024,60,Yes,Yes
89976,8010,Soybean,25,03/01/2025,65,Yes,Yes
94895,8033,Soybean,25,08/01/2025,5,Yes,Yes
104633,8050,Beans,40,05/02/2025,60,No,Yes
106550,8066,Beans,20,05/02/2025,70,No,Yes
106554,8070,Beans,40,05/02/2025,70,No,Yes
106555,8071,Beans,40,04/02/2025,70,No,Yes
102350,8091,Beans,20,05/02/2025,15,No,Yes
93371,8100,Soybean,25,05/01/2025,5,Yes,Yes
95298,8101,Soybean,25,12/01/2025,5,Yes,Yes
81804,8112,Soybean,25,10/12/2024,60,Yes,Yes
91112,8113,Soybean,25,02/01/2025,60,Yes,Yes
92032,8120,Soybean,25,10/12/2024,50,No,Yes
79388,8122,Soybean,25,13/11/2024,55,Yes,Yes
99836,8155,Soybean,25,05/01/2025,67,No,Yes
97481,8178,Soybean,25,02/01/2025,50,Yes,Yes
88713,8210,Groundnuts,20,05/12/2024,45,No,Yes
93418,3842,Groundnuts,20,01/01/2025,50,No,Yes
103265,3843,Soybean,25,01/12/2024,45,Yes,Yes
98877,3846,Soybean,50,16/12/2024,45,Yes,Yes
100505,3890,Soybean,75,15/12/2024,45,Yes,Yes
91410,3891,Soybean,25,01/12/2024,45,Yes,Yes
89962,3892,Soybean,75,03/01/2025,45,Yes,Yes
96715,3905,Soybean,75,23/12/2024,50,Yes,Yes
101490,3914,Sunflower,5,13/12/2024,65,Yes,Yes
100490,3915,Soybean,25,13/12/2024,6,Yes,Yes
100019,8215,Soybean,50,08/01/2025,15,No,Yes
83769,8239,Groundnuts,20,12/12/2024,45,No,Yes
91121,8248,Soybean,50,26/12/2024,55,Yes,Yes
92906,8254,Soybean,4,20/12/2024,50,Yes,Yes
101804,8296,Beans,20,03/02/2025,75,Yes,No
101812,8298,Beans,20,05/02/2025,60,No,Yes
102342,8302,Beans,20,05/02/2025,10,No,Yes
93982,3928,Soybean,25,10/01/2025,55,Yes,Yes
90318,3935,Soybean,25,06/12/2024,55,Yes,Yes
103390,3950,Beans,20,31/01/2025,73,No,Yes
96219,3980,Soybean,25,15/12/2024,60,Yes,Yes
97753,3984,Soybean,50,03/01/2025,50,Yes,Yes
96628,3986,Soybean,25,21/12/2024,45,Yes,Yes
97684,3988,Soybean,25,04/01/2025,50,Yes,Yes
80967,3998,Groundnuts,20,05/12/2024,50,No,Yes
97017,4032,Soybean,25,02/01/2025,50,Yes,Yes
88773,4046,Groundnuts,20,27/11/2024,35,Yes,Yes
81335,4054,Soybean,50,24/12/2024,50,Yes,Yes
86532,4056,Soybean,25,23/12/2024,50,Yes,Yes
91103,4061,Soybean,50,26/12/2024,60,Yes,Yes
115588,40734,Beans,20,05/02/2025,50,No,Yes
99514,4074,Soybean,50,22/01/2025,50,No,Yes
105477,8306,Beans,20,11/02/2025,30,No,Yes
107113,8311,Beans,40,03/02/2025,15,No,Yes
106961,8314,Beans,20,06/02/2025,10,No,Yes
99897,8318,Soybean,25,11/01/2025,50,Yes,Yes
97044,8330,Soybean,25,04/01/2025,50,Yes,Yes
99656,8352,Maize,10,10/12/2024,75,No,Yes
117729,8362,Beans,40,23/02/2025,60,No,Yes
93870,8364,Soybean,25,04/01/2025,7,Yes,Yes
93519,8368,Soybean,75,03/01/2025,5,Yes,Yes
88718,8371,Groundnuts,20,29/12/2024,5,Yes,Yes
95587,8375,Soybean,25,06/12/2024,50,Yes,Yes
98162,4076,Soybean,25,11/01/2025,50,No,Yes
119310,40859,Beans,20,10/02/2025,90,Yes,No
119138,40870,Beans,20,10/02/2025,60,Yes,Yes
119133,40874,Beans,20,12/02/2025,60,Yes,Yes
119153,40876,Beans,20,12/02/2025,60,Yes,Yes
122680,40885,Beans,20,10/03/2025,60,Yes,Yes
117705,40890,Beans,20,20/02/2025,120,Yes,No
117701,40895,Beans,20,24/02/2025,90,Yes,Yes
117867,40903,Beans,20,26/02/2025,70,Yes,No
117722,40904,Beans,20,11/02/2025,10,Yes,Yes
117850,40909,Beans,20,12/02/2025,100,Yes,Yes
97778,4095,Soybean,25,09/01/2025,50,No,Yes
99511,4097,Soybean,25,02/02/2025,50,No,Yes
96331,4098,Soybean,50,08/01/2025,50,No,Yes
85796,4112,Soybean,50,07/01/2025,42,Yes,Yes
93453,4114,Soybean,45,02/01/2025,46,Yes,Yes
85797,4115,Soybean,25,04/01/2025,45,Yes,Yes
87575,4124,Soybean,1,20/12/2024,50,Yes,Yes
95379,4183,Soybean,25,06/01/2025,47,Yes,Yes
97514,8376,Soybean,25,03/01/2025,45,Yes,Yes
100664,8413,Soybean,25,14/01/2025,50,Yes,Yes
79823,8415,Groundnuts,20,17/12/2024,30,No,Yes
107957,8444,Beans,40,15/02/2025,70,No,Yes
91235,8453,Soybean,25,20/12/2024,50,Yes,Yes
93701,8475,Groundnuts,20,04/12/2024,30,Yes,Yes
90649,8487,Soybean,25,27/11/2024,60,Yes,Yes
84600,8499,Soybean,1,19/12/2024,50,Yes,Yes
93438,8516,Soybean,50,28/12/2024,45,Yes,Yes
85696,8517,Soybean,25,28/11/2024,58,Yes,Yes
92607,8526,Soybean,50,04/12/2024,50,Yes,Yes
93039,8530,Soybean,25,11/12/2024,50,Yes,Yes
112833,8542,Beans,40,05/02/2025,60,No,Yes
91613,8554,Soybean,50,12/12/2024,55,Yes,Yes
101391,8554,Sunflower,5,29/12/2024,60,Yes,Yes
92942,8555,Soybean,50,14/12/2024,58,Yes,Yes
102546,8568,Beans,40,04/02/2025,15,No,Yes
102685,8576,Beans,40,01/02/2025,10,No,Yes
96707,8597,Soybean,25,31/12/2024,50,Yes,Yes
99992,8605,Soybean,25,30/11/2024,50,Yes,Yes
100007,8606,Soybean,25,14/12/2024,50,Yes,Yes
92836,8615,Soybean,25,28/11/2024,50,Yes,Yes
100001,8617,Soybean,25,05/01/2025,50,Yes,Yes
82071,4224,Groundnuts,20,19/12/2024,50,No,Yes
100194,4228,Soybean,25,15/12/2024,50,Yes,Yes
99647,4234,Soybean,50,19/11/2024,50,Yes,Yes
110762,4282,Beans,80,10/02/2025,60,No,Yes
110472,4283,Beans,120,10/02/2025,60,No,Yes
103256,4290,Beans,20,03/02/2025,10,No,Yes
96260,4292,Soybean,50,08/01/2025,55,Yes,Yes
83179,4298,Soybean,25,30/11/2024,60,Yes,Yes
94619,4326,Soybean,50,08/01/2025,60,Yes,Yes
78523,4330,Maize,10,27/11/2024,75,No,Yes
94246,4330,Soybean,50,09/12/2024,65,Yes,Yes
78510,4333,Maize,10,11/12/2024,65,No,Yes
84554,4334,Soybean,2,21/12/2024,50,Yes,Yes
80623,4340,Sunflower,5,17/12/2024,12,Yes,Yes
94083,4345,Soybean,50,09/01/2025,50,Yes,Yes
96281,4347,Soybean,50,03/01/2025,50,Yes,Yes
92087,8715,Soybean,50,09/01/2025,60,Yes,Yes
101785,8716,Beans,40,02/02/2025,10,No,Yes
101621,8718,Beans,20,05/02/2025,10,Yes,Yes
105934,8719,Beans,20,10/02/2025,10,No,Yes
105188,8721,Beans,20,06/02/2025,10,No,Yes
99793,8762,Soybean,25,04/01/2025,65,No,Yes
79441,8771,Groundnuts,45,17/11/2024,45,No,Yes
79443,8773,Groundnuts,20,17/11/2024,45,No,Yes
90263,8786,Groundnuts,20,27/11/2024,45,No,Yes
84217,8802,Groundnuts,20,23/12/2024,35,No,Yes
100793,8827,Soybean,75,02/01/2025,70,Yes,Yes
79184,8828,Groundnuts,20,02/12/2024,35,Yes,Yes
78520,8838,Groundnuts,20,17/11/2024,45,No,Yes
85309,8841,Groundnuts,20,02/01/2025,6,No,Yes
99823,8843,Soybean,25,08/01/2025,58,Yes,Yes
100856,8846,Soybean,50,10/01/2025,45,Yes,Yes
85251,8847,Soybean,50,28/12/2024,50,Yes,Yes
82704,8849,Groundnuts,20,04/12/2024,3,No,Yes
92931,8852,Soybean,2,02/01/2025,45,Yes,Yes
92172,8855,Soybean,50,21/12/2024,50,Yes,Yes
89259,8868,Soybean,25,02/01/2025,50,Yes,Yes
93865,8870,Soybean,50,28/12/2024,45,Yes,Yes
78210,8885,Soybean,25,10/12/2024,45,Yes,Yes
95371,8912,Soybean,25,19/12/2024,45,Yes,Yes
96693,8925,Soybean,50,14/12/2024,50,Yes,Yes
80492,8927,Soybean,25,13/12/2024,50,Yes,Yes
86537,8929,Soybean,50,29/12/2024,50,Yes,Yes
94000,8937,Soybean,25,09/01/2025,55,Yes,Yes
103381,8941,Beans,20,01/02/2025,74,No,Yes
98433,8966,Soybean,50,02/01/2025,70,Yes,Yes
93518,4360,Soybean,50,01/01/2025,50,Yes,Yes
91839,4369,Soybean,25,03/01/2025,50,Yes,Yes
100300,4373,Soybean,25,26/11/2024,50,Yes,Yes
93403,4375,Soybean,25,04/01/2025,50,Yes,Yes
93030,4378,Soybean,50,15/12/2024,55,Yes,Yes
100370,4386,Soybean,25,02/01/2025,60,Yes,Yes
90609,4424,Soybean,25,11/12/2024,50,No,Yes
78201,4444,Soybean,50,09/12/2024,50,Yes,Yes
80278,4446,Soybean,50,16/12/2024,60,Yes,Yes
78078,4447,Soybean,25,12/12/2024,70,Yes,Yes
102292,4448,Soybean,25,09/01/2025,55,Yes,Yes
97758,4467,Soybean,25,09/01/2025,50,Yes,Yes
97757,4470,Soybean,25,01/01/2025,50,Yes,Yes
93721,4475,Soybean,25,10/01/2025,50,Yes,Yes
90850,4480,Soybean,75,03/01/2025,65,Yes,Yes
109984,4496,Beans,20,14/02/2025,60,No,Yes
106983,4503,Beans,20,17/02/2025,60,No,Yes
106023,4505,Beans,20,14/02/2025,60,No,Yes
99155,4507,Soybean,25,28/01/2025,51,Yes,Yes
109990,4512,Beans,20,16/02/2025,60,No,Yes
106980,4516,Beans,20,17/02/2025,60,No,Yes
106998,4518,Beans,40,14/02/2025,60,No,Yes
109985,4523,Beans,20,14/02/2025,60,No,Yes
106152,4528,Beans,20,15/02/2025,60,No,Yes
91095,4532,Soybean,25,11/01/2025,45,No,Yes
90585,4533,Soybean,25,04/12/2024,45,No,Yes
95654,4570,Soybean,25,10/01/2025,55,Yes,Yes
78190,4577,Soybean,50,10/12/2024,55,Yes,Yes
103373,4584,Beans,40,14/02/2025,70,Yes,Yes
86638,4585,Soybean,75,28/12/2024,70,Yes,Yes
85313,4586,Soybean,25,05/12/2024,65,Yes,Yes
101492,4586,Sunflower,5,03/12/2024,60,Yes,Yes
100489,4588,Soybean,25,03/01/2025,65,Yes,Yes
98490,8974,Soybean,50,13/12/2024,60,Yes,Yes
100298,8979,Soybean,25,14/12/2024,50,Yes,Yes
94374,8985,Soybean,25,19/01/2025,50,Yes,Yes
88604,9021,Soybean,50,14/12/2024,45,Yes,Yes
108045,9041,Beans,20,31/01/2025,50,No,Yes
98472,9057,Soybean,25,21/01/2025,50,Yes,Yes
107296,9060,Beans,40,01/02/2025,60,No,Yes
107727,9062,Beans,20,31/01/2025,50,No,Yes
104247,9076,Beans,20,04/02/2025,6,No,Yes
104183,9077,Beans,20,03/02/2025,20,No,Yes
102169,9102,Beans,20,05/02/2025,30,No,Yes
88707,4591,Soybean,50,26/12/2024,65,Yes,Yes
92851,4593,Soybean,50,28/12/2024,46,Yes,Yes
83674,4597,Soybean,50,11/01/2025,55,Yes,Yes
85688,4599,Soybean,50,26/12/2024,56,Yes,Yes
99770,4604,Soybean,50,28/12/2024,45,Yes,Yes
90547,4624,Soybean,50,20/12/2024,50,Yes,Yes
100616,4627,Soybean,100,18/12/2024,50,Yes,Yes
92252,4634,Soybean,50,15/12/2024,50,Yes,Yes
104069,9114,Beans,20,04/03/2025,50,No,Yes
107450,9119,Beans,40,01/02/2025,10,Yes,Yes
83706,9121,Soybean,50,21/11/2024,55,Yes,Yes
80780,9123,Soybean,25,15/12/2024,45,Yes,Yes
104268,9127,Beans,20,02/02/2025,20,No,Yes
104211,9179,Beans,20,02/02/2025,60,No,Yes
104066,9197,Beans,20,07/03/2025,50,No,Yes
89157,9242,Groundnuts,20,29/11/2024,45,Yes,Yes
98059,9254,Soybean,50,02/01/2025,70,Yes,Yes
96845,9275,Soybean,50,08/12/2024,75,Yes,Yes
98047,9277,Soybean,25,29/11/2024,70,Yes,Yes
96921,9283,Soybean,25,08/01/2025,50,Yes,Yes
105979,9308,Beans,20,01/02/2025,10,Yes,Yes
93050,9312,Soybean,25,15/12/2024,5,Yes,Yes
103928,9317,Beans,60,02/02/2025,50,No,Yes
83899,9321,Soybean,1,20/12/2024,50,Yes,Yes
97478,9333,Soybean,25,29/12/2024,50,Yes,Yes
96972,9334,Soybean,25,28/12/2024,50,Yes,Yes
96704,4698,Soybean,50,29/12/2024,50,Yes,Yes
79928,4712,Soybean,75,18/11/2024,45,Yes,Yes
95485,4721,Soybean,50,15/11/2024,50,Yes,Yes
91589,4725,Groundnuts,200,19/11/2024,12,Yes,Yes
91598,4726,Groundnuts,20,11/12/2024,35,Yes,Yes
79232,4729,Soybean,25,19/11/2024,55,Yes,Yes
84259,4779,Soybean,50,15/11/2024,50,Yes,Yes
110520,4793,Beans,20,15/02/2025,50,No,Yes
82928,4796,Soybean,50,21/11/2024,50,Yes,Yes
110518,4799,Beans,40,13/02/2025,50,No,Yes
86722,4813,Soybean,50,11/12/2024,55,Yes,Yes
89465,4814,Soybean,50,15/12/2024,50,Yes,Yes
86599,4825,Soybean,50,08/11/2024,55,Yes,Yes
84269,4829,Soybean,25,29/11/2024,50,Yes,Yes
88830,4841,Soybean,50,19/12/2024,45,Yes,Yes
97475,9335,Soybean,25,05/11/2024,50,Yes,Yes
104930,9347,Beans,140,01/02/2025,15,No,Yes
88775,9373,Groundnuts,20,11/12/2024,35,Yes,No
91545,9378,Groundnuts,20,20/11/2024,35,No,Yes
101676,9391,Beans,20,09/02/2025,12,No,Yes
101622,9395,Beans,60,05/02/2025,10,Yes,Yes
93419,9396,Groundnuts,80,01/01/2025,50,No,Yes
79276,9401,Groundnuts,40,03/12/2024,50,No,Yes
79275,9405,Groundnuts,20,01/12/2024,50,No,Yes
82777,9418,Groundnuts,20,02/12/2024,50,No,Yes
93413,9433,Soybean,25,09/01/2025,5,Yes,Yes
79603,4854,Soybean,25,19/11/2024,45,Yes,Yes
79611,4860,Soybean,50,14/11/2024,55,Yes,Yes
86643,4870,Soybean,25,06/12/2024,50,Yes,No
86724,4874,Soybean,25,11/12/2024,55,Yes,Yes
86734,4876,Soybean,50,28/11/2024,55,Yes,Yes
86644,4877,Soybean,50,14/12/2024,50,Yes,Yes
79234,4878,Soybean,25,21/11/2024,55,Yes,Yes
97932,4880,Soybean,50,23/11/2024,45,Yes,Yes
79235,4886,Soybean,25,20/11/2024,55,Yes,Yes
82932,4888,Soybean,50,18/11/2024,50,Yes,Yes
87876,4891,Soybean,25,22/11/2024,45,Yes,Yes
85050,4899,Soybean,2,17/12/2024,50,Yes,Yes
87583,4901,Soybean,1,21/12/2024,50,Yes,Yes
85046,4902,Soybean,1,21/12/2024,50,Yes,Yes
103205,4908,Beans,60,01/02/2025,10,No,Yes
103687,4911,Beans,20,02/02/2025,20,No,Yes
92318,4918,Soybean,75,26/12/2024,55,Yes,Yes
82392,4928,Groundnuts,40,28/12/2024,50,No,Yes
80554,4946,Soybean,25,18/12/2024,60,Yes,Yes
83140,4962,Soybean,1,19/12/2024,50,Yes,Yes
94896,9434,Soybean,25,09/01/2025,5,Yes,Yes
104095,9445,Beans,20,05/03/2025,50,No,Yes
104068,9448,Beans,20,06/03/2025,50,No,Yes
104189,9449,Beans,20,02/02/2025,50,No,Yes
104281,9457,Beans,20,03/02/2025,50,No,Yes
102930,9465,Beans,20,03/02/2025,50,Yes,Yes
93859,9473,Soybean,25,01/01/2025,60,Yes,Yes
79224,9475,Soybean,75,15/12/2024,45,No,Yes
102752,9483,Beans,20,03/02/2025,50,No,Yes
80103,9496,Soybean,1,15/11/2024,50,Yes,Yes
80107,9498,Soybean,4,07/11/2024,50,Yes,Yes
94353,9523,Soybean,25,07/01/2025,65,Yes,Yes
104274,9559,Beans,20,03/02/2025,50,No,Yes
104073,9569,Beans,20,06/03/2025,65,No,Yes
103512,9572,Beans,20,05/02/2025,45,No,Yes
81561,9577,Groundnuts,20,03/12/2024,6,No,Yes
82726,9583,Groundnuts,20,02/12/2024,3,No,Yes
83244,9591,Groundnuts,40,29/11/2024,25,Yes,Yes
83683,9592,Groundnuts,20,23/12/2024,30,Yes,Yes
79004,9637,Groundnuts,20,01/12/2024,35,No,Yes
90706,9654,Soybean,50,27/12/2024,50,Yes,Yes
84509,9656,Soybean,25,01/01/2025,45,Yes,Yes
103947,9672,Beans,20,01/02/2025,50,No,Yes
103870,9675,Beans,60,05/02/2025,50,No,Yes
103885,9677,Beans,40,07/02/2025,50,No,Yes
103860,9681,Beans,40,07/02/2025,50,No,Yes
103949,9689,Beans,40,05/02/2025,50,No,Yes
103736,9692,Beans,60,01/02/2025,75,No,Yes
103853,9694,Beans,20,04/02/2025,50,No,Yes
93080,9699,Soybean,50,11/12/2024,50,Yes,Yes
109129,9716,Beans,20,20/02/2025,60,No,Yes
101672,9726,Beans,80,01/02/2025,10,No,Yes
89958,4968,Soybean,25,10/12/2024,45,Yes,Yes
79832,4981,Beans,75,15/11/2024,50,Yes,Yes
97937,4992,Soybean,25,19/11/2024,50,Yes,Yes
79939,4999,Soybean,50,26/11/2024,45,Yes,Yes
110601,5014,Beans,40,14/02/2025,60,No,Yes
110215,5017,Beans,40,19/02/2025,60,No,Yes
110211,5022,Beans,20,15/02/2025,55,No,Yes
109691,5041,Beans,40,18/02/2025,60,No,Yes
109685,5043,Beans,40,18/02/2025,60,No,Yes
109680,5045,Beans,40,17/02/2025,60,No,Yes
109687,5050,Beans,40,17/02/2025,60,No,Yes
79619,5067,Groundnuts,20,01/12/2024,45,No,Yes
109160,5072,Beans,60,20/02/2025,60,No,Yes
102644,9730,Beans,40,09/02/2025,15,No,Yes
101956,9731,Beans,40,08/02/2025,15,No,Yes
103940,9745,Beans,20,03/02/2025,50,No,Yes
103828,9757,Beans,20,18/02/2025,50,No,Yes
103963,9758,Beans,20,12/02/2025,50,No,Yes
103837,9771,Beans,20,03/02/2025,50,No,Yes
103750,9772,Beans,20,01/02/2025,65,No,Yes
104694,9776,Beans,20,05/03/2025,10,Yes,Yes
103936,9785,Beans,40,10/02/2025,50,No,Yes
103880,9799,Beans,20,03/02/2025,50,No,Yes
103962,9800,Beans,20,04/02/2025,50,No,Yes
103847,9801,Beans,40,18/02/2025,65,No,Yes
102865,9803,Beans,40,06/02/2025,10,Yes,Yes
103834,9823,Beans,20,09/02/2025,50,No,Yes
93363,9826,Soybean,25,13/12/2024,55,Yes,Yes
103875,9830,Beans,20,10/02/2025,50,No,Yes
103964,9831,Beans,20,04/02/2025,50,No,Yes
93129,9855,Soybean,50,06/01/2025,50,Yes,Yes
79731,9865,Groundnuts,20,19/12/2024,45,No,Yes
91934,9894,Soybean,25,04/01/2025,50,Yes,Yes
81903,9904,Soybean,100,11/11/2024,11,Yes,Yes
87817,9913,Soybean,25,10/12/2024,55,Yes,Yes
80954,5077,Groundnuts,20,01/12/2024,35,No,Yes
79665,5079,Groundnuts,20,01/12/2024,35,No,Yes
80772,5090,Groundnuts,40,30/11/2024,35,No,Yes
80701,5093,Groundnuts,20,20/12/2024,35,Yes,Yes
108514,5096,Beans,20,19/02/2025,50,No,No
108447,5099,Beans,80,21/02/2025,60,Yes,Yes
108849,5100,Beans,20,12/02/2025,50,No,Yes
86844,5106,Soybean,25,28/12/2024,30,No,No
87371,5110,Soybean,25,24/12/2024,60,No,No
78715,5120,Groundnuts,20,02/12/2024,3,No,Yes
79623,5122,Groundnuts,20,30/11/2024,30,No,Yes
122485,5124,Beans,100,19/02/2025,60,No,Yes
118971,5139,Beans,40,26/02/2025,60,No,Yes
87429,5155,Soybean,50,28/12/2024,60,No,No
109161,5168,Beans,40,20/02/2025,60,No,Yes
108751,5169,Beans,20,15/02/2025,60,No,Yes
108755,5174,Beans,80,18/02/2025,60,No,Yes
102653,9929,Beans,20,02/02/2025,15,No,Yes
103299,9944,Beans,100,01/02/2025,70,No,Yes
110007,9945,Beans,40,10/02/2025,75,No,Yes
90552,9977,Soybean,25,03/01/2025,60,Yes,Yes
103301,9980,Beans,40,04/02/2025,90,No,Yes
98413,9992,Soybean,50,03/12/2024,50,No,Yes
99168,9997,Soybean,25,23/01/2025,45,No,Yes
112173,,Beans,20,03/02/2025,15,No,Yes
109459,5183,Beans,40,17/02/2025,60,No,Yes
110514,5196,Beans,40,21/03/2025,40,No,Yes
108866,5201,Beans,20,13/02/2025,50,Yes,Yes
93246,5202,Groundnuts,20,25/11/2024,45,Yes,Yes
83686,5204,Groundnuts,20,05/12/2024,30,Yes,Yes
78959,5224,Groundnuts,20,01/12/2024,45,No,Yes
79178,5233,Groundnuts,20,02/12/2024,45,No,Yes
108050,5244,Beans,40,17/02/2025,60,No,Yes
108986,5246,Beans,40,14/02/2025,60,No,Yes
108984,5247,Beans,40,12/02/2025,60,No,Yes
107763,5258,Beans,20,19/02/2025,120,No,Yes
79729,5267,Groundnuts,20,02/12/2024,35,No,Yes
108287,5287,Beans,40,15/02/2025,60,No,Yes
87935,5290,Soybean,50,12/11/2024,50,Yes,Yes
89960,5307,Soybean,50,10/12/2024,45,Yes,Yes
78199,5310,Soybean,25,16/12/2024,50,Yes,Yes
110602,5328,Beans,40,17/02/2025,55,No,Yes
87937,5350,Soybean,50,13/11/2024,50,Yes,Yes
87939,5354,Soybean,50,11/11/2024,50,Yes,Yes
77665,5402,Soybean,25,12/12/2024,55,Yes,Yes
80594,5403,Soybean,25,13/12/2024,45,Yes,Yes
93406,5404,Soybean,25,04/01/2025,60,Yes,Yes
92880,5408,Soybean,5,19/12/2024,50,Yes,Yes
100974,5426,Soybean,25,03/01/2025,50,Yes,Yes
101187,5431,Soybean,25,01/01/2025,50,Yes,Yes
101207,5435,Soybean,25,03/01/2025,50,Yes,Yes
100973,5445,Soybean,50,01/01/2025,50,Yes,Yes
89344,5464,Soybean,50,30/11/2024,60,Yes,Yes
90364,5465,Soybean,25,15/12/2024,55,Yes,Yes
86068,5467,Soybean,50,05/01/2025,50,Yes,Yes
78960,5476,Groundnuts,20,29/11/2024,45,No,Yes
80262,5478,Groundnuts,20,19/12/2024,45,No,Yes
102787,5483,Beans,80,01/02/2025,60,No,Yes
101974,5486,Beans,40,04/02/2025,40,No,Yes
112197,5490,Beans,20,03/02/2025,10,No,Yes
91174,5501,Soybean,25,26/12/2024,60,Yes,Yes
92601,5504,Soybean,25,03/01/2025,60,Yes,Yes
103666,5520,Beans,40,28/01/2025,30,No,Yes
82165,5533,Groundnuts,20,22/12/2024,30,No,Yes
79780,5536,Groundnuts,20,29/11/2024,35,No,Yes
78789,5562,Groundnuts,20,16/11/2024,45,No,Yes
114711,5570,Beans,40,09/02/2025,10,Yes,Yes
86321,5576,Soybean,25,14/12/2024,65,Yes,Yes
100712,5591,Soybean,25,15/11/2024,50,Yes,Yes
94884,5598,Soybean,75,08/01/2025,50,Yes,Yes
94881,5599,Soybean,50,05/01/2025,50,Yes,Yes
96345,5601,Soybean,50,02/01/2025,50,Yes,Yes
100775,5609,Soybean,25,08/01/2025,60,Yes,Yes
97476,5612,Soybean,25,08/12/2024,50,Yes,Yes
97471,5613,Soybean,25,03/12/2024,50,Yes,Yes
92010,5616,Soybean,25,16/12/2024,50,Yes,Yes
109789,5631,Beans,20,06/03/2025,60,No,Yes
104270,5648,Beans,20,08/02/2025,50,No,Yes
91594,5721,Groundnuts,40,08/12/2024,50,Yes,Yes
83768,5723,Groundnuts,20,27/11/2024,45,No,Yes
84550,5754,Soybean,2,19/12/2024,50,Yes,Yes
118978,5766,Beans,40,25/02/2025,60,No,Yes
118974,5767,Beans,40,25/02/2025,60,No,Yes
108118,5838,Beans,40,16/02/2025,60,No,Yes
108590,5842,Beans,80,15/02/2025,60,No,Yes
107663,5848,Beans,20,16/02/2025,60,No,Yes
104627,5855,Beans,60,04/02/2025,60,No,Yes
103018,5859,Beans,20,04/02/2025,60,No,Yes
103447,5866,Beans,20,11/03/2025,60,No,Yes
103467,5869,Beans,40,05/03/2025,60,No,Yes
103446,5871,Beans,80,10/03/2025,60,No,Yes
118966,5897,Beans,100,20/02/2025,60,No,Yes
95426,5906,Soybean,25,12/12/2024,50,Yes,Yes
96376,5914,Soybean,25,10/01/2025,50,Yes,Yes
103486,5938,Beans,20,02/02/2025,75,No,Yes
103597,5939,Beans,20,01/02/2025,60,No,Yes
101127,5973,Soybean,25,14/01/2025,68,Yes,Yes
97705,5974,Soybean,25,23/12/2024,43,Yes,Yes
99057,5977,Soybean,25,28/11/2024,50,Yes,Yes
97401,5986,Soybean,25,23/12/2024,50,Yes,Yes
83360,6019,Groundnuts,20,02/12/2024,6,No,Yes
86380,6023,Groundnuts,3,28/11/2024,3,No,Yes
78724,6025,Groundnuts,20,01/12/2024,3,No,Yes
92834,6042,Soybean,25,01/01/2025,45,Yes,Yes
94929,6044,Soybean,25,09/01/2025,60,Yes,Yes
80627,6051,Soybean,50,12/12/2024,60,Yes,Yes
90703,6053,Soybean,25,28/12/2024,50,No,Yes
89353,6060,Soybean,25,17/12/2024,50,Yes,Yes
80049,6067,Groundnuts,20,26/11/2024,5,No,Yes
84669,6087,Groundnuts,20,28/11/2024,45,Yes,Yes
80806,6092,Groundnuts,20,02/12/2024,30,No,Yes
100551,6122,Soybean,25,31/12/2024,50,Yes,Yes
93047,6126,Soybean,50,24/12/2024,55,Yes,Yes
93440,6129,Soybean,25,14/12/2024,50,Yes,Yes
93464,6131,Soybean,25,01/01/2025,50,Yes,Yes
93449,6135,Soybean,25,02/01/2025,50,Yes,Yes
95637,6138,Soybean,25,05/01/2025,45,Yes,Yes
95656,6139,Soybean,25,26/12/2024,50,Yes,Yes
95657,6148,Soybean,50,15/12/2024,50,Yes,Yes
93479,6149,Soybean,50,11/12/2024,50,Yes,Yes
93426,6164,Soybean,50,12/12/2024,50,Yes,Yes
93507,6168,Soybean,25,06/01/2025,50,Yes,Yes
91487,6176,Soybean,25,18/12/2024,50,Yes,Yes
96962,6186,Soybean,2,04/12/2024,10,No,Yes
93476,6192,Soybean,50,02/01/2025,50,Yes,Yes
99843,6197,Soybean,25,03/01/2025,65,No,Yes
91765,6199,Soybean,50,29/12/2024,55,Yes,Yes
90774,6201,Soybean,50,29/12/2024,60,Yes,Yes
101180,6205,Soybean,25,13/01/2025,55,Yes,Yes
91694,6209,Soybean,75,19/11/2024,60,Yes,Yes
101067,6214,Soybean,50,12/12/2024,50,Yes,Yes
90771,6221,Soybean,25,29/12/2024,60,Yes,Yes
90655,6222,Soybean,25,19/12/2024,60,Yes,Yes
90653,6224,Soybean,25,19/12/2024,60,Yes,Yes
101189,6236,Soybean,25,13/12/2024,60,Yes,Yes
99212,6251,Soybean,25,03/01/2025,55,Yes,No
92110,6265,Soybean,25,12/12/2024,55,No,Yes
101162,6266,Soybean,25,11/12/2024,55,No,Yes
92283,6268,Soybean,50,11/12/2024,50,No,Yes
98116,6273,Soybean,25,09/01/2025,44,Yes,Yes
97836,6308,Soybean,2,31/12/2024,10,No,Yes
80253,6310,Soybean,50,26/11/2024,60,Yes,Yes
81308,6311,Soybean,25,09/12/2024,70,Yes,Yes
80251,6312,Soybean,25,27/11/2024,60,Yes,Yes
81082,6313,Soybean,25,26/11/2024,70,Yes,Yes
80591,6325,Soybean,25,10/12/2024,60,Yes,Yes
81080,6329,Soybean,25,26/11/2024,50,Yes,Yes
80938,6333,Soybean,50,27/11/2024,50,Yes,Yes
80975,6348,Soybean,25,28/11/2024,70,Yes,Yes
90417,6349,Soybean,25,10/12/2024,60,Yes,Yes
83221,6360,Soybean,50,10/12/2024,70,Yes,Yes
90415,6361,Soybean,25,11/12/2024,60,Yes,Yes
90409,6363,Soybean,25,10/12/2024,60,Yes,Yes
80584,6364,Soybean,25,10/12/2024,60,Yes,Yes
81268,6366,Soybean,25,29/11/2024,50,Yes,Yes
88214,6377,Soybean,25,10/12/2024,60,Yes,Yes
80980,6380,Soybean,50,27/11/2024,60,Yes,Yes
90412,6381,Soybean,25,02/01/2025,70,Yes,Yes
80979,6404,Soybean,50,29/11/2024,60,Yes,Yes
87772,6408,Groundnuts,20,22/12/2024,5,Yes,Yes
93381,6409,Soybean,25,01/11/2024,45,Yes,Yes
93383,6410,Soybean,25,23/11/2024,45,Yes,Yes
83775,6418,Groundnuts,20,19/12/2024,45,No,Yes
83219,6424,Soybean,25,26/11/2024,70,Yes,Yes
83220,6425,Soybean,25,30/11/2024,60,Yes,Yes
89139,6437,Soybean,25,29/11/2024,55,Yes,Yes
90367,6443,Soybean,25,04/01/2025,60,Yes,Yes
81222,6444,Soybean,25,11/12/2024,60,Yes,Yes
81224,6447,Soybean,25,29/11/2024,60,Yes,Yes
80747,6458,Soybean,25,15/12/2024,60,Yes,Yes
98114,6483,Soybean,25,04/01/2025,43,Yes,Yes
98411,6484,Soybean,50,12/12/2024,55,Yes,No
92232,6485,Soybean,25,12/12/2024,50,No,Yes
99213,6486,Soybean,50,12/12/2024,50,Yes,No
80766,6511,Groundnuts,20,01/12/2024,35,No,Yes
80765,6513,Groundnuts,20,01/12/2024,35,No,Yes
79657,6515,Groundnuts,20,03/12/2024,15,No,Yes
80957,6520,Groundnuts,20,03/12/2024,35,No,Yes
80458,6525,Groundnuts,20,01/12/2024,35,No,Yes
80455,6537,Groundnuts,20,20/12/2024,35,No,Yes
93521,6566,Soybean,25,08/01/2025,5,No,Yes
92839,6571,Soybean,50,28/12/2024,50,Yes,Yes
98576,6574,Soybean,25,01/01/2025,50,Yes,Yes
85805,6587,Soybean,25,03/01/2025,60,Yes,Yes
85806,6595,Soybean,50,03/01/2025,60,Yes,Yes
85640,6601,Soybean,50,13/12/2024,60,Yes,Yes
88175,6603,Soybean,75,28/11/2024,60,Yes,Yes
91355,6604,Soybean,50,27/12/2024,60,Yes,Yes
88176,6605,Soybean,50,01/01/2025,50,Yes,Yes
91356,6606,Soybean,50,02/01/2025,60,Yes,Yes
100372,6613,Soybean,25,08/01/2025,55,Yes,Yes
89151,6616,Soybean,25,13/12/2024,60,Yes,Yes
90475,6626,Soybean,50,15/12/2024,60,Yes,Yes
89153,6628,Soybean,25,30/12/2024,60,Yes,Yes
94513,6656,Soybean,25,08/01/2025,50,Yes,Yes
94294,6658,Soybean,50,02/01/2025,60,Yes,Yes
94315,6668,Soybean,25,28/12/2024,70,Yes,Yes
94316,6669,Soybean,25,01/01/2025,60,Yes,Yes
108758,6682,Beans,40,18/02/2025,60,No,Yes
90153,6696,Soybean,25,12/12/2024,60,Yes,Yes
94407,6706,Soybean,25,07/01/2025,60,Yes,Yes
97583,6711,Soybean,2,01/01/2025,10,Yes,Yes
78684,6734,Soybean,25,08/11/2024,55,Yes,Yes
84931,6744,Soybean,50,02/01/2025,50,Yes,Yes
97071,6766,Soybean,50,13/12/2024,59,Yes,Yes
93899,6816,Groundnuts,40,04/01/2025,2,No,Yes
92176,6817,Groundnuts,20,26/12/2024,3,No,Yes
99577,6844,Soybean,25,03/01/2025,50,Yes,Yes
98424,6854,Soybean,25,25/12/2024,50,Yes,Yes
99936,6855,Soybean,25,04/01/2025,50,Yes,Yes
98426,6859,Soybean,25,01/01/2025,50,Yes,Yes
91488,6863,Soybean,25,03/01/2025,50,Yes,Yes
91414,6864,Soybean,25,03/01/2025,45,Yes,Yes
88177,6867,Soybean,50,24/12/2024,60,Yes,Yes
96886,6870,Soybean,75,20/12/2024,50,Yes,Yes
84937,6878,Soybean,25,03/01/2025,60,Yes,Yes
84936,6881,Soybean,25,21/12/2024,50,Yes,Yes
91260,6883,Soybean,50,02/01/2025,55,Yes,Yes
99679,6890,Soybean,50,19/12/2024,50,Yes,Yes
92639,6928,Soybean,25,03/01/2025,50,Yes,Yes
93442,6931,Soybean,25,01/01/2025,60,Yes,Yes
93431,6932,Soybean,50,02/01/2025,60,Yes,Yes
84104,6933,Groundnuts,20,18/11/2024,45,Yes,Yes
92701,6945,Soybean,50,08/01/2025,52,Yes,Yes
79022,6948,Groundnuts,20,15/11/2024,45,No,No
90343,6949,Groundnuts,20,14/11/2024,45,No,Yes
79023,6950,Groundnuts,20,25/11/2024,45,No,Yes
93643,6951,Groundnuts,20,04/12/2024,30,No,Yes
90339,6954,Groundnuts,20,08/01/2025,45,No,Yes
84793,6962,Groundnuts,20,17/11/2024,30,No,Yes
80802,6969,Groundnuts,40,17/11/2024,30,Yes,Yes
80803,6971,Groundnuts,20,17/11/2024,30,Yes,Yes
79160,6974,Groundnuts,40,18/11/2024,45,No,Yes
84792,6976,Groundnuts,20,19/12/2024,30,No,Yes
81011,6978,Groundnuts,40,19/11/2024,30,Yes,Yes
81122,6980,Groundnuts,20,23/11/2024,45,No,Yes
100277,7024,Soybean,25,19/02/2025,55,No,Yes
95515,7031,Soybean,25,09/01/2025,45,No,Yes
95582,7046,Soybean,25,13/01/2025,55,No,Yes
100281,7047,Soybean,25,18/02/2025,55,No,Yes
92319,7057,Soybean,50,06/01/2025,45,Yes,Yes
82639,7061,Groundnuts,40,27/11/2024,45,No,Yes
82658,7066,Groundnuts,20,25/11/2024,45,No,Yes
93247,7067,Groundnuts,60,27/11/2024,30,Yes,Yes
77798,7101,Groundnuts,40,24/11/2024,45,No,Yes
102326,7107,Beans,20,17/02/2025,30,No,Yes
105041,7112,Beans,20,01/03/2025,30,No,Yes
108362,7113,Beans,20,10/02/2025,30,No,Yes
105008,7118,Beans,20,09/02/2025,10,No,Yes
91039,7140,Groundnuts,20,17/11/2024,35,Yes,Yes
99896,7162,Soybean,50,18/12/2024,50,Yes,Yes
103116,7183,Beans,20,05/02/2025,50,No,Yes
104841,7187,Beans,20,04/03/2025,22,Yes,Yes
102328,7200,Beans,20,15/02/2025,10,No,Yes
102324,7201,Beans,20,18/02/2025,30,No,Yes
101238,7240,Soybean,25,14/12/2024,65,Yes,Yes
95523,7244,Soybean,50,12/12/2024,65,Yes,Yes
98572,7261,Soybean,25,01/01/2025,50,Yes,Yes
94345,7270,Soybean,25,03/01/2025,70,Yes,Yes
97721,7278,Soybean,25,23/12/2024,50,Yes,Yes
97717,7279,Soybean,25,06/01/2025,50,Yes,Yes
97708,7283,Soybean,50,15/12/2024,50,Yes,Yes
97407,7285,Soybean,25,10/01/2025,45,Yes,Yes
83373,7301,Groundnuts,20,13/11/2024,45,No,Yes
79212,7302,Groundnuts,20,18/11/2024,45,No,Yes
98571,7304,Soybean,50,29/12/2024,50,Yes,Yes
97712,7311,Soybean,25,29/12/2024,25,Yes,Yes
92011,7315,Soybean,25,02/01/2025,50,Yes,Yes
80723,7356,Soybean,50,28/11/2024,70,Yes,Yes
89187,7359,Soybean,25,06/01/2025,60,Yes,Yes
94970,7417,Soybean,25,10/09/2024,5,Yes,Yes
99249,7418,Soybean,25,15/12/2024,55,Yes,Yes
99259,7421,Soybean,50,15/12/2024,55,Yes,Yes
93208,7434,Soybean,50,20/12/2024,50,Yes,Yes
95916,7442,Soybean,25,28/12/2024,55,Yes,Yes
96571,7445,Soybean,25,17/11/2024,55,Yes,Yes
93443,7453,Soybean,25,10/01/2025,60,Yes,Yes
95636,7461,Soybean,25,06/01/2025,50,Yes,Yes
94016,7463,Soybean,25,13/12/2024,50,Yes,Yes
94005,7478,Soybean,25,01/01/2025,50,Yes,Yes
91836,7502,Soybean,25,01/12/2024,45,Yes,Yes
93032,7503,Soybean,50,08/11/2024,45,Yes,Yes
99394,7535,Soybean,25,25/12/2024,45,Yes,Yes
92933,7542,Soybean,25,14/12/2024,45,Yes,Yes
98388,7544,Soybean,25,08/12/2024,50,Yes,Yes
96920,7568,Soybean,25,11/12/2024,50,Yes,Yes
98556,7574,Soybean,25,03/01/2025,50,No,Yes
98389,7581,Soybean,25,02/12/2024,45,No,Yes
98414,7584,Soybean,25,08/01/2025,50,No,Yes
93081,7604,Soybean,25,10/12/2024,50,Yes,Yes
93037,7616,Soybean,25,11/12/2024,50,Yes,Yes
92586,7620,Soybean,25,11/12/2024,50,Yes,Yes
92840,7638,Soybean,25,14/12/2024,50,Yes,Yes
100486,7639,Soybean,25,10/01/2025,50,Yes,Yes
98558,7670,Soybean,50,20/12/2024,50,No,Yes
92016,7681,Soybean,50,05/12/2024,45,Yes,Yes
90482,7736,Soybean,25,13/12/2024,60,Yes,Yes
91970,7760,Soybean,50,11/01/2025,50,Yes,Yes
95195,7770,Soybean,25,28/12/2024,50,Yes,Yes
96843,7771,Soybean,25,09/12/2024,65,Yes,Yes
95179,7774,Soybean,50,08/12/2024,65,Yes,Yes
89254,7786,Soybean,25,26/12/2024,60,Yes,Yes
87812,7788,Soybean,75,27/12/2024,50,Yes,Yes
90496,7789,Soybean,50,06/01/2025,50,Yes,Yes
95429,7806,Soybean,25,11/12/2024,49,Yes,Yes
100870,7809,Soybean,25,15/01/2025,50,Yes,Yes
100889,7821,Soybean,25,23/11/2024,50,Yes,Yes
94003,7834,Soybean,25,13/12/2024,50,Yes,Yes
88034,7835,Soybean,25,07/01/2025,50,Yes,Yes
95430,7856,Soybean,25,05/01/2025,50,Yes,Yes
100888,7857,Soybean,25,18/01/2025,50,Yes,Yes
100869,7859,Soybean,25,14/11/2024,50,Yes,Yes
90493,7862,Soybean,50,08/01/2025,60,Yes,Yes
89213,7864,Soybean,75,09/12/2024,60,Yes,Yes
90491,7867,Soybean,50,06/01/2025,60,Yes,Yes
90280,7871,Soybean,25,08/12/2024,60,Yes,Yes
89155,7875,Soybean,25,01/01/2025,60,Yes,Yes
96935,7878,Soybean,50,16/12/2024,50,Yes,Yes
94346,7882,Soybean,25,01/01/2025,70,Yes,Yes
92693,7921,Soybean,50,25/12/2024,60,Yes,Yes
91843,7922,Soybean,25,16/11/2024,60,Yes,Yes
92070,7924,Soybean,25,05/01/2025,60,Yes,Yes
92122,7925,Soybean,25,02/01/2025,60,Yes,Yes
91819,7928,Soybean,50,25/12/2024,60,Yes,Yes
92114,7942,Soybean,25,25/12/2024,60,Yes,Yes
92130,7945,Soybean,50,02/01/2025,60,Yes,Yes
92692,7951,Soybean,50,28/12/2024,60,Yes,Yes
92069,7969,Soybean,50,08/12/2024,60,Yes,Yes
91697,7971,Soybean,50,04/01/2025,60,Yes,Yes
90155,7991,Soybean,25,10/12/2024,60,Yes,Yes
98278,8002,Soybean,25,26/12/2024,42,Yes,Yes
81904,8017,Soybean,50,10/11/2024,50,Yes,Yes
103042,8049,Beans,80,06/02/2025,60,No,Yes
96622,8055,Soybean,25,11/01/2025,25,Yes,Yes
95351,8062,Soybean,25,15/11/2024,5,Yes,Yes
87192,8080,Soybean,50,12/12/2024,60,Yes,Yes
108494,8089,Beans,20,13/02/2025,20,No,Yes
105033,8093,Beans,40,01/03/2025,40,No,Yes
93051,8102,Soybean,25,12/12/2024,5,Yes,Yes
90402,8115,Soybean,25,15/12/2024,60,Yes,Yes
92236,8123,Soybean,50,04/01/2025,50,Yes,Yes
78554,8167,Groundnuts,40,24/12/2024,45,Yes,Yes
104926,8172,Beans,20,12/02/2025,30,No,Yes
95631,8174,Soybean,75,26/11/2024,45,Yes,Yes
104009,8192,Beans,40,08/02/2025,50,Yes,Yes
98410,8209,Soybean,50,06/12/2024,50,No,Yes
98993,8221,Soybean,25,02/01/2025,55,No,Yes
99786,8237,Soybean,25,03/01/2025,65,No,Yes
94203,8247,Soybean,25,01/01/2025,65,Yes,Yes
89262,8251,Soybean,75,14/12/2024,50,Yes,Yes
102875,8297,Beans,20,03/02/2025,60,No,Yes
109784,8300,Beans,40,05/02/2025,60,No,Yes
106948,8303,Beans,20,05/02/2025,10,No,Yes
107079,8312,Beans,100,11/02/2025,15,No,Yes
103110,8313,Beans,40,09/02/2025,40,No,Yes
108365,8319,Beans,40,10/02/2025,30,No,Yes
99033,8322,Soybean,25,04/01/2025,50,Yes,Yes
93060,8350,Soybean,25,10/01/2025,55,Yes,Yes
93871,8367,Soybean,25,13/12/2024,6,Yes,Yes
108117,8382,Beans,80,20/02/2025,60,No,Yes
108503,8383,Beans,20,14/02/2025,70,No,Yes
79137,8407,Soybean,50,08/12/2024,50,Yes,Yes
100665,8412,Soybean,50,24/01/2025,50,Yes,Yes
108059,8430,Beans,40,17/02/2025,60,No,Yes
93367,8435,Soybean,25,01/01/2025,60,Yes,Yes
110337,8441,Beans,40,20/02/2025,70,No,Yes
98391,8492,Soybean,25,25/01/2025,45,Yes,Yes
90287,8528,Soybean,25,11/12/2024,50,Yes,Yes
85110,8531,Soybean,50,10/12/2024,50,Yes,Yes
112836,8543,Beans,40,05/02/2025,70,No,Yes
93867,8569,Soybean,25,08/01/2025,45,Yes,Yes
102152,8571,Beans,20,04/02/2025,60,No,Yes
102693,8573,Beans,60,01/02/2025,10,No,Yes
114712,8574,Beans,20,02/02/2025,10,Yes,Yes
100013,8609,Soybean,25,05/01/2025,50,Yes,Yes
100487,8616,Soybean,25,02/01/2025,50,Yes,Yes
99998,8619,Soybean,25,05/01/2025,50,Yes,Yes
103874,8699,Beans,60,02/02/2025,50,No,Yes
102133,8717,Beans,20,01/02/2025,15,No,Yes
101930,8723,Beans,60,07/02/2025,15,No,Yes
102472,8725,Beans,60,02/02/2025,10,No,Yes
92267,8761,Soybean,50,11/12/2024,55,No,Yes
81965,8777,Groundnuts,20,21/12/2024,45,No,Yes
89955,8778,Soybean,25,12/12/2024,50,Yes,Yes
84391,8782,Groundnuts,20,23/12/2024,45,No,Yes
81349,8790,Soybean,50,27/01/2025,45,No,Yes
80958,8824,Groundnuts,20,01/12/2024,35,No,Yes
94893,8850,Soybean,25,16/12/2024,50,Yes,Yes
93084,8853,Soybean,50,03/12/2024,50,Yes,Yes
97512,8871,Soybean,75,17/01/2025,45,Yes,Yes
78185,8886,Soybean,25,12/12/2024,45,Yes,Yes
97513,8913,Soybean,25,14/01/2025,45,Yes,Yes
101700,8924,Beans,40,04/02/2025,70,No,Yes
92662,8928,Soybean,50,15/12/2024,50,Yes,Yes
98123,8936,Maize,10,01/01/2025,90,No,Yes
78032,8938,Soybean,50,12/12/2024,60,Yes,Yes
92614,8948,Soybean,100,11/12/2024,50,Yes,Yes
89702,8954,Soybean,25,03/01/2025,45,Yes,Yes
85562,9018,Soybean,25,30/12/2024,45,Yes,Yes
103368,9039,Beans,20,01/02/2025,73,No,Yes
107711,9040,Beans,20,01/02/2025,45,No,Yes
107371,9043,Beans,20,01/02/2025,55,No,Yes
108063,9047,Beans,20,03/02/2025,45,No,Yes
80494,9051,Soybean,25,20/12/2024,50,Yes,Yes
107375,9058,Beans,20,31/01/2025,50,No,Yes
104342,9063,Beans,40,02/02/2025,10,Yes,Yes
103879,9066,Beans,40,10/02/2025,50,No,Yes
104257,9071,Beans,20,02/02/2025,50,No,Yes
104259,9072,Beans,20,04/02/2025,60,No,Yes
97761,9084,Soybean,25,06/01/2025,50,Yes,Yes
78698,9086,Soybean,25,24/11/2024,50,Yes,Yes
104236,9115,Beans,20,28/02/2025,50,No,Yes
104325,9117,Beans,40,12/02/2025,10,Yes,Yes
88012,9200,Soybean,50,22/12/2024,50,Yes,Yes
104249,9207,Beans,20,04/02/2025,50,No,Yes
95573,9217,Soybean,25,09/01/2025,80,Yes,Yes
95212,9253,Soybean,50,03/01/2025,60,Yes,Yes
99032,9282,Soybean,50,11/12/2024,50,Yes,Yes
92208,9290,Soybean,75,08/01/2025,60,Yes,Yes
100416,9303,Soybean,50,09/01/2025,60,Yes,Yes
103742,9314,Beans,20,20/02/2025,75,No,Yes
103950,9316,Beans,20,01/02/2025,50,No,Yes
87582,9320,Soybean,1,20/12/2024,50,Yes,Yes
89561,9322,Soybean,1,20/12/2024,50,Yes,Yes
84598,9328,Soybean,2,19/12/2024,50,Yes,Yes
104959,9355,Beans,40,02/02/2025,15,No,Yes
91045,9374,Groundnuts,20,24/11/2024,50,Yes,Yes
89067,9375,Soybean,25,28/12/2024,50,Yes,No
79824,9379,Groundnuts,20,18/12/2024,30,No,Yes
110671,9387,Beans,20,07/02/2025,15,No,Yes
102304,9390,Beans,60,03/02/2025,15,No,Yes
102094,9392,Beans,80,08/02/2025,15,No,Yes
102651,9393,Beans,40,03/02/2025,15,No,Yes
102652,9394,Beans,20,06/02/2025,15,No,Yes
86418,9402,Groundnuts,20,01/01/2025,50,No,Yes
86419,9403,Groundnuts,40,01/01/2025,50,No,Yes
78570,9404,Groundnuts,20,09/12/2024,50,No,Yes
82747,9414,Groundnuts,20,01/12/2024,50,No,Yes
81100,9417,Groundnuts,20,15/12/2024,50,No,Yes
82867,9423,Groundnuts,20,15/12/2024,50,No,Yes
104230,9451,Beans,20,03/02/2025,50,No,Yes
104075,9462,Beans,20,05/03/2025,50,No,Yes
104060,9468,Beans,20,10/03/2025,50,No,Yes
102932,9482,Beans,20,06/02/2025,50,Yes,Yes
104172,9488,Beans,20,11/02/2025,65,No,Yes
80105,9504,Soybean,1,15/12/2024,50,Yes,Yes
105479,9510,Beans,20,12/02/2025,30,No,Yes
105476,9511,Beans,20,21/02/2025,50,No,Yes
108363,9512,Beans,40,08/02/2025,30,No,Yes
94351,9521,Soybean,25,23/12/2024,60,Yes,Yes
94356,9526,Soybean,25,04/01/2025,65,Yes,Yes
94367,9527,Soybean,25,04/01/2025,70,Yes,Yes
89493,9553,Groundnuts,20,14/11/2024,35,No,Yes
83626,9564,Soybean,50,26/12/2024,45,No,Yes
89716,9576,Groundnuts,20,01/01/2025,3,Yes,Yes
93448,9650,Soybean,50,04/01/2025,42,Yes,Yes
85795,9658,Soybean,25,08/01/2025,48,Yes,Yes
103746,9671,Beans,20,08/02/2025,60,No,Yes
103959,9673,Beans,20,02/02/2025,50,No,Yes
103829,9674,Beans,40,04/02/2025,50,No,Yes
103835,9679,Beans,20,04/02/2025,50,No,Yes
103939,9683,Beans,40,06/02/2025,50,No,Yes
103881,9684,Beans,60,04/02/2025,50,No,Yes
80761,9686,Groundnuts,20,05/12/2024,35,No,Yes
103937,9691,Beans,20,05/02/2025,50,No,Yes
103952,9696,Beans,20,03/02/2025,50,No,Yes
109130,9722,Beans,20,22/02/2025,60,No,Yes
101674,9724,Beans,20,07/02/2025,10,Yes,Yes
101691,9728,Beans,60,01/02/2025,15,No,Yes
101723,9738,Beans,20,08/02/2025,15,No,Yes
86674,9739,Groundnuts,20,01/01/2025,45,No,Yes
91087,9746,Soybean,25,03/01/2025,55,Yes,Yes
99031,9747,Soybean,25,14/01/2025,60,Yes,Yes
105635,9778,Beans,20,09/03/2025,15,Yes,Yes
103955,9779,Beans,80,04/02/2025,50,No,Yes
103942,9788,Beans,40,05/02/2025,50,No,Yes
78663,9814,Soybean,25,09/12/2024,50,Yes,Yes
103877,9821,Beans,20,04/02/2025,50,No,Yes
104328,9841,Beans,40,12/02/2025,10,Yes,Yes
103743,9842,Beans,40,01/02/2025,75,No,Yes
103930,9844,Beans,40,03/02/2025,50,No,Yes
107817,9850,Beans,60,21/02/2025,60,No,Yes
97756,9853,Soybean,50,03/01/2025,50,Yes,Yes
101675,9921,Beans,20,07/02/2025,10,Yes,Yes
102098,9926,Beans,20,09/02/2025,15,No,Yes
101678,9930,Beans,20,06/02/2025,10,Yes,Yes
99445,9938,Soybean,25,06/01/2025,50,Yes,Yes
94371,9955,Soybean,25,05/01/2025,65,Yes,Yes
85049,9974,Soybean,1,22/12/2024,50,Yes,Yes
103300,9979,Beans,40,04/01/2025,90,No,Yes
79919,,Groundnuts,20,15/12/2024,30,No,Yes
